{
    "shared_fpr_metric": "mean-per-image-fpr",
    "fpr_lower_bound": 1e-05,
    "fpr_upper_bound": 0.0001,
    "num_threshs": 1332,
    "thresh_lower_bound": -0.268949419260025,
    "thresh_upper_bound": -0.24931654334068298,
    "aupimos": [
        0.6144747977094518,
        0.6648518723987161,
        0.6660529562281968,
        0.6661499654045082,
        0.4596951731052126,
        0.815686184928175,
        0.7092785382624943,
        0.33468694992278986,
        0.13772322737533776,
        0.6658799987056587,
        0.9562722661083242,
        0.8357820281634187,
        0.9577496975165284,
        0.9673215095219552,
        0.9986222234656569,
        0.9948905922446548,
        0.9986222234656569,
        0.9337007970343252,
        0.9986222234656569,
        0.9712809242878281,
        0.9986222234656569,
        0.9986222234656569,
        0.9809683289324984,
        0.9986222234656569,
        0.8357970585526036,
        0.004170827502650145,
        0.9127757373237936,
        0.0,
        0.9986222234656569,
        0.9986222234656569,
        0.9472729562087462,
        0.6987025049046732,
        0.0,
        0.01881174573547676,
        0.9745351268535553,
        NaN,
        NaN,
        NaN,
        NaN,
        NaN,
        NaN,
        NaN,
        NaN,
        NaN,
        NaN,
        NaN,
        NaN,
        NaN,
        NaN,
        NaN,
        NaN,
        NaN,
        NaN,
        NaN,
        NaN,
        NaN,
        0.9986222234656569,
        0.9986222234656569,
        0.9986222234656569,
        0.9985953970617385,
        0.9986222234656569,
        0.9986222234656569,
        0.9986222234656569,
        0.9986222234656569,
        0.9986222234656569,
        0.8242114514895389,
        0.8361493200146962,
        0.9986222234656569,
        0.9986222234656569,
        0.19856827846820305,
        0.45372077362392704,
        0.9986222234656569,
        0.9986222234656569,
        0.9986222234656569,
        0.9857206048800436,
        0.9986222234656569,
        0.9854919619592728,
        0.9986222234656569
    ],
    "paths": [
        "MVTec/grid/test/bent/000.png",
        "MVTec/grid/test/bent/001.png",
        "MVTec/grid/test/bent/002.png",
        "MVTec/grid/test/bent/003.png",
        "MVTec/grid/test/bent/004.png",
        "MVTec/grid/test/bent/005.png",
        "MVTec/grid/test/bent/006.png",
        "MVTec/grid/test/bent/007.png",
        "MVTec/grid/test/bent/008.png",
        "MVTec/grid/test/bent/009.png",
        "MVTec/grid/test/bent/010.png",
        "MVTec/grid/test/bent/011.png",
        "MVTec/grid/test/broken/000.png",
        "MVTec/grid/test/broken/001.png",
        "MVTec/grid/test/broken/002.png",
        "MVTec/grid/test/broken/003.png",
        "MVTec/grid/test/broken/004.png",
        "MVTec/grid/test/broken/005.png",
        "MVTec/grid/test/broken/006.png",
        "MVTec/grid/test/broken/007.png",
        "MVTec/grid/test/broken/008.png",
        "MVTec/grid/test/broken/009.png",
        "MVTec/grid/test/broken/010.png",
        "MVTec/grid/test/broken/011.png",
        "MVTec/grid/test/glue/000.png",
        "MVTec/grid/test/glue/001.png",
        "MVTec/grid/test/glue/002.png",
        "MVTec/grid/test/glue/003.png",
        "MVTec/grid/test/glue/004.png",
        "MVTec/grid/test/glue/005.png",
        "MVTec/grid/test/glue/006.png",
        "MVTec/grid/test/glue/007.png",
        "MVTec/grid/test/glue/008.png",
        "MVTec/grid/test/glue/009.png",
        "MVTec/grid/test/glue/010.png",
        "MVTec/grid/test/good/000.png",
        "MVTec/grid/test/good/001.png",
        "MVTec/grid/test/good/002.png",
        "MVTec/grid/test/good/003.png",
        "MVTec/grid/test/good/004.png",
        "MVTec/grid/test/good/005.png",
        "MVTec/grid/test/good/006.png",
        "MVTec/grid/test/good/007.png",
        "MVTec/grid/test/good/008.png",
        "MVTec/grid/test/good/009.png",
        "MVTec/grid/test/good/010.png",
        "MVTec/grid/test/good/011.png",
        "MVTec/grid/test/good/012.png",
        "MVTec/grid/test/good/013.png",
        "MVTec/grid/test/good/014.png",
        "MVTec/grid/test/good/015.png",
        "MVTec/grid/test/good/016.png",
        "MVTec/grid/test/good/017.png",
        "MVTec/grid/test/good/018.png",
        "MVTec/grid/test/good/019.png",
        "MVTec/grid/test/good/020.png",
        "MVTec/grid/test/metal_contamination/000.png",
        "MVTec/grid/test/metal_contamination/001.png",
        "MVTec/grid/test/metal_contamination/002.png",
        "MVTec/grid/test/metal_contamination/003.png",
        "MVTec/grid/test/metal_contamination/004.png",
        "MVTec/grid/test/metal_contamination/005.png",
        "MVTec/grid/test/metal_contamination/006.png",
        "MVTec/grid/test/metal_contamination/007.png",
        "MVTec/grid/test/metal_contamination/008.png",
        "MVTec/grid/test/metal_contamination/009.png",
        "MVTec/grid/test/metal_contamination/010.png",
        "MVTec/grid/test/thread/000.png",
        "MVTec/grid/test/thread/001.png",
        "MVTec/grid/test/thread/002.png",
        "MVTec/grid/test/thread/003.png",
        "MVTec/grid/test/thread/004.png",
        "MVTec/grid/test/thread/005.png",
        "MVTec/grid/test/thread/006.png",
        "MVTec/grid/test/thread/007.png",
        "MVTec/grid/test/thread/008.png",
        "MVTec/grid/test/thread/009.png",
        "MVTec/grid/test/thread/010.png"
    ]
}