{
    "ious": [
        0.30222724168724063,
        0.0,
        0.0,
        0.0,
        0.0,
        0.1240453782045188,
        0.0,
        0.0,
        0.14805669345284822,
        0.15171478395659757,
        0.526440437121494,
        0.0,
        0.18064443695969462,
        0.017275508367824367,
        0.02182411530747527,
        0.08451113262342691,
        0.2668873617163929,
        0.36234021632251723,
        0.0,
        0.2408416695412211,
        0.0,
        0.16843311372099684,
        0.13233285328421587,
        0.326973058637084,
        0.0,
        0.25077751515043806,
        0.2714573956231569,
        0.0,
        0.0,
        0.1390752303799819,
        NaN,
        NaN,
        NaN,
        NaN,
        NaN,
        NaN,
        NaN,
        NaN,
        NaN,
        NaN,
        NaN,
        NaN
    ],
    "threshs": [
        0.7188159823417664,
        0.7187889218330383,
        0.7188336253166199,
        0.7187889218330383,
        0.7187889218330383,
        0.7187992334365845,
        0.7187889218330383,
        0.7187889218330383,
        0.7188044786453247,
        0.7188069820404053,
        0.7188055515289307,
        0.7187889218330383,
        0.7187891602516174,
        0.7187897562980652,
        0.7188199162483215,
        0.7188007235527039,
        0.7190942764282227,
        0.7188335061073303,
        0.7187889218330383,
        0.7188052535057068,
        0.7187889218330383,
        0.719125509262085,
        0.7187966704368591,
        0.718850314617157,
        0.7187889218330383,
        0.7188428044319153,
        0.7188116908073425,
        0.7187889218330383,
        0.7187889218330383,
        0.7188268899917603,
        NaN,
        NaN,
        NaN,
        NaN,
        NaN,
        NaN,
        NaN,
        NaN,
        NaN,
        NaN,
        NaN,
        NaN
    ],
    "image_classes": [
        1,
        1,
        1,
        1,
        1,
        1,
        1,
        1,
        1,
        1,
        1,
        1,
        1,
        1,
        1,
        1,
        1,
        1,
        1,
        1,
        1,
        1,
        1,
        1,
        1,
        1,
        1,
        1,
        1,
        1,
        0,
        0,
        0,
        0,
        0,
        0,
        0,
        0,
        0,
        0,
        0,
        0
    ],
    "paths": [
        "MVTec/toothbrush/test/defective/000.png",
        "MVTec/toothbrush/test/defective/001.png",
        "MVTec/toothbrush/test/defective/002.png",
        "MVTec/toothbrush/test/defective/003.png",
        "MVTec/toothbrush/test/defective/004.png",
        "MVTec/toothbrush/test/defective/005.png",
        "MVTec/toothbrush/test/defective/006.png",
        "MVTec/toothbrush/test/defective/007.png",
        "MVTec/toothbrush/test/defective/008.png",
        "MVTec/toothbrush/test/defective/009.png",
        "MVTec/toothbrush/test/defective/010.png",
        "MVTec/toothbrush/test/defective/011.png",
        "MVTec/toothbrush/test/defective/012.png",
        "MVTec/toothbrush/test/defective/013.png",
        "MVTec/toothbrush/test/defective/014.png",
        "MVTec/toothbrush/test/defective/015.png",
        "MVTec/toothbrush/test/defective/016.png",
        "MVTec/toothbrush/test/defective/017.png",
        "MVTec/toothbrush/test/defective/018.png",
        "MVTec/toothbrush/test/defective/019.png",
        "MVTec/toothbrush/test/defective/020.png",
        "MVTec/toothbrush/test/defective/021.png",
        "MVTec/toothbrush/test/defective/022.png",
        "MVTec/toothbrush/test/defective/023.png",
        "MVTec/toothbrush/test/defective/024.png",
        "MVTec/toothbrush/test/defective/025.png",
        "MVTec/toothbrush/test/defective/026.png",
        "MVTec/toothbrush/test/defective/027.png",
        "MVTec/toothbrush/test/defective/028.png",
        "MVTec/toothbrush/test/defective/029.png",
        "MVTec/toothbrush/test/good/000.png",
        "MVTec/toothbrush/test/good/001.png",
        "MVTec/toothbrush/test/good/002.png",
        "MVTec/toothbrush/test/good/003.png",
        "MVTec/toothbrush/test/good/004.png",
        "MVTec/toothbrush/test/good/005.png",
        "MVTec/toothbrush/test/good/006.png",
        "MVTec/toothbrush/test/good/007.png",
        "MVTec/toothbrush/test/good/008.png",
        "MVTec/toothbrush/test/good/009.png",
        "MVTec/toothbrush/test/good/010.png",
        "MVTec/toothbrush/test/good/011.png"
    ],
    "min_thresh": 0.7187889218330383
}