{
    "avg_iou": 0.20638633334102502,
    "thresh": 0.7148405568099983,
    "ious_at_thresh": [
        0.2247454339744626,
        0.12615338072908788,
        0.2777360615731181,
        0.17795498662189813,
        0.4247773536895674,
        0.13641781819787205,
        0.0,
        0.41560574948665296,
        0.2953979600032126,
        0.20167519776640297,
        0.12996979345252674,
        0.2623040367072704,
        0.17647058823529413,
        0.19432845123091305,
        0.13243328985864852,
        0.39285714285714285,
        0.4646853146853147,
        0.06034728152576146,
        0.0005730659025787965,
        0.2215182960131076,
        0.09518129770992366,
        0.12819559356697965,
        0.0,
        0.4816743827160494,
        0.14752798969582878,
        0.11810019951230326,
        0.35704358812381554,
        0.3135215453194651,
        0.2953433593042218,
        0.09010833248962236,
        0.023595179323362858,
        0.02417549619459782,
        0.06526158125601797,
        0.6739606126914661,
        0.05260398462076197,
        0.023415977961432508,
        0.04105325145116514,
        0.032783178837892835,
        0.15638823835545146,
        0.027029996703658937,
        0.14539559977231667,
        0.1355296333424466,
        0.13448275862068965,
        0.04460199228215023,
        0.12364259859020765,
        0.2821346629812296,
        0.16721865808184913,
        0.1354527057901952,
        0.04598357729382364,
        0.15101803634088012,
        0.2733106832767082,
        0.07910576096302666,
        0.2649164677804296,
        0.0,
        0.0,
        0.39370932754880694,
        0.23268112109994712,
        0.18699638788552375,
        0.07428040854224698,
        0.04198142414860681,
        0.10662604722010663,
        0.07284273440418379,
        0.6898305084745763,
        0.4434250764525994,
        0.28034327748263177,
        0.1004361370716511,
        0.09943419949706622,
        0.11375266524520256,
        0.12235676848002892,
        0.18979933110367894,
        0.10872796772138459,
        0.24172084518488418,
        0.15808170515097691,
        0.0,
        0.0,
        0.0,
        0.0,
        0.13981657726250216,
        0.25795631187106277,
        0.29449248975876197,
        0.21340358965914705,
        0.24200249272953883,
        0.0,
        0.17938931297709923,
        0.0,
        0.0,
        0.14266039251692872,
        0.33433864713485567,
        0.19633943427620631,
        0.0,
        0.6459185276719704,
        0.6053639112065604,
        0.25762904937846964,
        0.6248399101340658,
        0.5939892956902282,
        0.525651730719181,
        0.6501998425482953,
        0.5381636435853303,
        0.5715450034710206,
        0.5221991153363702,
        NaN,
        NaN,
        NaN,
        NaN,
        NaN,
        NaN,
        NaN,
        NaN,
        NaN,
        NaN,
        NaN,
        NaN,
        NaN,
        NaN,
        NaN,
        NaN,
        NaN,
        NaN,
        NaN,
        NaN,
        NaN,
        NaN,
        NaN,
        NaN,
        NaN,
        NaN,
        NaN,
        NaN,
        NaN,
        NaN,
        NaN,
        NaN,
        NaN,
        NaN,
        NaN,
        NaN,
        NaN,
        NaN,
        NaN,
        NaN,
        NaN,
        NaN,
        NaN,
        NaN,
        NaN,
        NaN,
        NaN,
        NaN,
        NaN,
        NaN
    ],
    "image_classes": [
        1,
        1,
        1,
        1,
        1,
        1,
        1,
        1,
        1,
        1,
        1,
        1,
        1,
        1,
        1,
        1,
        1,
        1,
        1,
        1,
        1,
        1,
        1,
        1,
        1,
        1,
        1,
        1,
        1,
        1,
        1,
        1,
        1,
        1,
        1,
        1,
        1,
        1,
        1,
        1,
        1,
        1,
        1,
        1,
        1,
        1,
        1,
        1,
        1,
        1,
        1,
        1,
        1,
        1,
        1,
        1,
        1,
        1,
        1,
        1,
        1,
        1,
        1,
        1,
        1,
        1,
        1,
        1,
        1,
        1,
        1,
        1,
        1,
        1,
        1,
        1,
        1,
        1,
        1,
        1,
        1,
        1,
        1,
        1,
        1,
        1,
        1,
        1,
        1,
        1,
        1,
        1,
        1,
        1,
        1,
        1,
        1,
        1,
        1,
        1,
        0,
        0,
        0,
        0,
        0,
        0,
        0,
        0,
        0,
        0,
        0,
        0,
        0,
        0,
        0,
        0,
        0,
        0,
        0,
        0,
        0,
        0,
        0,
        0,
        0,
        0,
        0,
        0,
        0,
        0,
        0,
        0,
        0,
        0,
        0,
        0,
        0,
        0,
        0,
        0,
        0,
        0,
        0,
        0,
        0,
        0,
        0,
        0,
        0,
        0
    ],