{
    "avg_iou": 0.26426545590632583,
    "thresh": 2.231069326400757,
    "ious_at_thresh": [
        0.20337846334409188,
        0.5456812110418522,
        0.24154457072435986,
        0.18711715777935392,
        0.03193999453592628,
        0.0,
        0.4016482896172807,
        0.3791374122367101,
        0.5604930756353675,
        0.09418808934781829,
        0.4342339787733938,
        0.33324587583221277,
        0.03915988616778228,
        0.32602193419740777,
        0.1346843699044957,
        0.20662861351500644,
        0.1516788118261422,
        0.3697979094076655,
        0.6210591024852903,
        0.21066845354126057,
        0.37523665278303675,
        0.19184542191803688,
        0.26794306335204493,
        0.10260360499152672,
        0.18092982568435426,
        0.5994991652754591,
        0.3530613982798263,
        0.5389623811492352,
        0.5698456667985754,
        0.2835337025530191,
        0.3151413653827209,
        0.03991567934729569,
        0.3190408693597921,
        0.29312836683747207,
        0.08676257216065199,
        0.16943972329069387,
        0.1741842703616612,
        0.15030163397702126,
        0.0,
        0.17349166705935945,
        0.07785397337636143,
        0.25896350968727133,
        0.1728745309783106,
        0.09263844672404983,
        0.41661519456454604,
        0.41170974155069584,
        0.0,
        0.11426815707848072,
        0.3258808057036063,
        0.3948784062030459,
        0.2843646669815777,
        0.31219470391635956,
        0.45961112867530823,
        0.48529328528573856,
        0.468170865279299,
        0.3009705554462588,
        0.0,
        0.41125920447602815,
        0.0,
        0.35890784097541995,
        0.4574145868669736,
        0.40985426786953505,
        0.4734358513423737,
        0.0,
        0.1073652511229073,
        0.4371172457559892,
        0.4729539701884316,
        0.36343180663424546,
        0.36249614475172204,
        0.29413354960800214,
        0.21694103432652267,
        0.37894140390640624,
        0.0,
        0.3731580538516301,
        0.24139354838709678,
        0.0964274667491494,
        0.20745341614906831,
        0.14550306074399624,
        0.13128876636802206,
        0.2963406494169382,
        0.21870309216451517,
        0.0,
        0.13256765175935206,
        0.261358821036772,
        0.15613229024380149,
        0.14835680751173708,
        0.38489326765188836,
        0.1468637686120144,
        0.17696842745409397,
        0.44473922826342477,
        0.28686131386861313,
        0.4003688902551491,
        0.24796368679863826,
        0.3593876998103495,
        0.46305870580386926,
        0.250382153434604,
        0.36883416144595665,
        0.16571279916753381,
        0.16232755938180687,
        0.181785944551902,
        NaN,
        NaN,
        NaN,
        NaN,
        NaN,
        NaN,
        NaN,
        NaN,
        NaN,
        NaN,
        NaN,
        NaN,
        NaN,
        NaN,
        NaN,
        NaN,
        NaN,
        NaN,
        NaN,
        NaN,
        NaN,
        NaN,
        NaN,
        NaN,
        NaN,
        NaN,
        NaN,
        NaN,
        NaN,
        NaN,
        NaN,
        NaN,
        NaN,
        NaN,
        NaN,
        NaN,
        NaN,
        NaN,
        NaN,
        NaN,
        NaN,
        NaN,
        NaN,
        NaN,
        NaN,
        NaN,
        NaN,
        NaN,
        NaN,
        NaN,
        NaN,
        NaN,
        NaN,
        NaN,
        NaN,
        NaN,
        NaN,
        NaN,
        NaN,
        NaN,
        NaN,
        NaN,
        NaN,
        NaN,
        NaN,
        NaN,
        NaN,
        NaN,
        NaN,
        NaN,
        NaN,
        NaN,
        NaN,
        NaN,
        NaN,
        NaN,
        NaN,
        NaN,
        NaN,
        NaN,
        NaN,
        NaN,
        NaN,
        NaN,
        NaN,
        NaN,
        NaN,
        NaN,
        NaN,
        NaN,
        NaN,
        NaN,
        NaN,
        NaN,
        NaN,
        NaN,
        NaN,
        NaN,
        NaN,
        NaN,
        NaN
    ],
    "image_classes": [
        1,
        1,
        1,
        1,
        1,
        1,
        1,
        1,
        1,
        1,
        1,
        1,
        1,
        1,
        1,
        1,
        1,
        1,
        1,
        1,
        1,
        1,
        1,
        1,
        1,
        1,
        1,
        1,
        1,
        1,
        1,
        1,
        1,
        1,
        1,
        1,
        1,
        1,
        1,
        1,
        1,
        1,
        1,
        1,
        1,
        1,
        1,
        1,
        1,
        1,
        1,
        1,
        1,
        1,
        1,
        1,
        1,
        1,
        1,
        1,
        1,
        1,
        1,
        1,
        1,
        1,
        1,
        1,
        1,
        1,
        1,
        1,
        1,
        1,
        1,
        1,
        1,
        1,
        1,
        1,
        1,
        1,
        1,
        1,
        1,
        1,
        1,
        1,
        1,
        1,
        1,
        1,
        1,
        1,
        1,
        1,
        1,
        1,
        1,
        1,
        0,
        0,
        0,
        0,
        0,
        0,
        0,
        0,
        0,
        0,
        0,
        0,
        0,
        0,
        0,
        0,
        0,
        0,
        0,
        0,
        0,
        0,
        0,
        0,
        0,
        0,
        0,
        0,
        0,
        0,
        0,
        0,
        0,
        0,
        0,
        0,
        0,
        0,
        0,
        0,
        0,
        0,
        0,
        0,
        0,
        0,
        0,
        0,
        0,
        0,
        0,
        0,
        0,
        0,
        0,
        0,
        0,
        0,
        0,
        0,
        0,
        0,
        0,
        0,
        0,
        0,
        0,
        0,
        0,
        0,
        0,
        0,
        0,
        0,
        0,
        0,
        0,
        0,
        0,
        0,
        0,
        0,
        0,
        0,
        0,
        0,
        0,
        0,
        0,
        0,
        0,
        0,
        0,
        0,
        0,
        0,
        0,
        0,
        0,
        0,
        0
    ],