{
    "avg_iou": 0.2995241237325813,
    "thresh": 0.2274964600801468,
    "ious_at_thresh": [
        NaN,
        NaN,
        NaN,
        NaN,
        NaN,
        NaN,
        NaN,
        NaN,
        NaN,
        NaN,
        NaN,
        NaN,
        NaN,
        NaN,
        NaN,
        NaN,
        NaN,
        NaN,
        NaN,
        NaN,
        NaN,
        NaN,
        NaN,
        NaN,
        NaN,
        NaN,
        NaN,
        NaN,
        NaN,
        NaN,
        NaN,
        NaN,
        NaN,
        NaN,
        NaN,
        NaN,
        NaN,
        NaN,
        NaN,
        NaN,
        NaN,
        0.2419997155454416,
        0.4287151962428715,
        0.0,
        0.4671601334445371,
        0.46923852748361067,
        0.20058544744912182,
        0.0,
        0.4182801106361579,
        0.40052859202306584,
        0.1514213340838728,
        0.4384920634920635,
        0.0,
        0.0,
        0.3548094373865699,
        0.4200988467874794,
        0.3942857142857143,
        0.478990985751672,
        0.3754646840148699,
        0.18159008938372276,
        0.0,
        0.4515659140568099,
        0.23454038997214485,
        0.612442202606137,
        0.0019317450096587251,
        0.3379591836734694,
        0.6632075471698113,
        0.48068943504628153,
        0.07409111826967327,
        0.46237393328161364,
        0.5643720441408303,
        0.4201974496092143,
        0.13280785246876858,
        0.5438172633428509,
        0.46384039900249374,
        0.5448055145248646,
        0.09123184157383883,
        0.4668073136427567,
        0.3011100832562442,
        0.4089041095890411,
        0.32508023842274186,
        0.38025830258302584,
        0.38027825237979007,
        0.3652467313369886,
        0.08482004343779088,
        0.5133277800916285,
        0.44305493523894596,
        0.6511235955056179,
        0.36766140042910084,
        0.35213032581453635,
        0.39401958189997355,
        0.425498753117207,
        0.2313472893183038,
        0.3792252387595236,
        0.10113046135044301,
        0.3437107904642409,
        0.30221081721279114,
        0.2593560111306718,
        0.2643325143325143,
        0.3797006907137375,
        0.4229313142239048,
        0.3501416984266589,
        0.2133137673425827,
        0.2881306785231007,
        0.263011071397437,
        0.3721652394843324,
        0.36036291465834985,
        0.33998959958398334,
        0.31008187510033713,
        0.3346047314171548,
        0.2749974414082489,
        0.16193760777551341,
        0.35600248807795976,
        0.30824850156978406,
        0.0,
        0.2420138377741793,
        0.0,
        0.0,
        0.0,
        0.08917010005885816,
        0.3801498127340824,
        0.26123054114158634,
        0.22335521720910742,
        0.0,
        0.0,
        0.0,
        0.06519721577726217,
        0.0,
        0.11459046873470985,
        0.07893101305158484,
        0.2772590361445783,
        0.1855309218203034,
        0.0,
        0.0,
        0.0,
        0.244021644266015,
        0.0,
        0.4626777687716454,
        0.6119433198380567,
        0.43074603288576147,
        0.46218599679315875,
        0.675770831110637,
        0.4886031265758951,
        0.506087071589255,
        0.4013397579033964,
        0.4673974673974674,
        0.44423191870890616,
        0.3468177274241919,
        0.30708709072202384,
        0.38098693759071117,
        0.1674717247879359,
        0.327210530229791,
        0.3576509511993383,
        0.5563955864323662,
        0.13164757909059985,
        0.6173741591278126,
        0.4854368932038835,
        0.38860942468921655,
        0.3840034712178189,
        0.10245664739884393
    ],
    "image_classes": [
        0,
        0,
        0,
        0,
        0,
        0,
        0,
        0,
        0,
        0,
        0,
        0,
        0,
        0,
        0,
        0,
        0,
        0,
        0,
        0,
        0,
        0,
        0,
        0,
        0,
        0,
        0,
        0,
        0,
        0,
        0,
        0,
        0,
        0,
        0,
        0,
        0,
        0,
        0,
        0,
        0,
        1,
        1,
        1,
        1,
        1,
        1,
        1,
        1,
        1,
        1,
        1,
        1,
        1,
        1,
        1,
        1,
        1,
        1,
        1,
        1,
        1,
        1,
        1,
        1,
        1,
        1,
        1,
        1,
        1,
        1,
        1,
        1,
        1,
        1,
        1,
        1,
        1,
        1,
        1,
        1,
        1,
        1,
        1,
        1,
        1,
        1,
        1,
        1,
        1,
        1,
        1,
        1,
        1,
        1,
        1,
        1,
        1,
        1,
        1,
        1,
        1,
        1,
        1,
        1,
        1,
        1,
        1,
        1,
        1,
        1,
        1,
        1,
        1,
        1,
        1,
        1,
        1,
        1,
        1,
        1,
        1,
        1,
        1,
        1,
        1,
        1,
        1,
        1,
        1,
        1,
        1,
        1,
        1,
        1,
        1,
        1,
        1,
        1,
        1,
        1,
        1,
        1,
        1,
        1,
        1,
        1,
        1,
        1,
        1,
        1,
        1,
        1,
        1,
        1,
        1,
        1,
        1,
        1,
        1
    ],