{
    "shared_fpr_metric": "mean-per-image-fpr",
    "fpr_lower_bound": 1e-05,
    "fpr_upper_bound": 0.0001,
    "num_threshs": null,
    "thresh_lower_bound": -0.33839932084083557,
    "thresh_upper_bound": -0.16799704730510712,
    "aupimos": [
        NaN,
        NaN,
        NaN,
        NaN,
        NaN,
        NaN,
        NaN,
        NaN,
        NaN,
        NaN,
        NaN,
        NaN,
        NaN,
        NaN,
        NaN,
        NaN,
        NaN,
        NaN,
        NaN,
        NaN,
        NaN,
        NaN,
        NaN,
        NaN,
        NaN,
        NaN,
        NaN,
        NaN,
        NaN,
        NaN,
        NaN,
        NaN,
        NaN,
        NaN,
        NaN,
        NaN,
        NaN,
        NaN,
        NaN,
        NaN,
        NaN,
        0.4237352417911839,
        0.43146603762884744,
        0.651649065949022,
        0.4068868400638052,
        0.0008906920590653185,
        0.9540614685633444,
        0.7191989571909587,
        0.9036381868372859,
        0.5975233202583977,
        0.6317224064524272,
        0.7992138088608948,
        0.39219752453791973,
        0.839162784921121,
        0.3266565908403355,
        0.1428054352555252,
        0.8040932595474359,
        0.8515281634829798,
        0.0,
        0.12170838966676495,
        0.0,
        0.36461267694846256,
        0.05728252498341748,
        0.01934312580798065,
        0.01975338500664944,
        0.3852315055992345,
        0.3312467915954656,
        0.21257350918548956,
        0.0,
        0.3539979587386089,
        0.0,
        0.035548363433967,
        0.34281729354689755,
        0.20503323490722553,
        0.0,
        0.3340642457368804,
        0.4179214678059125,
        0.10762907230711026,
        0.6690361109523087,
        0.09107101193477676,
        0.019809221467725124,
        0.052135664050245126,
        0.04626868446465339,
        0.5917585308411464,
        0.34923869802867225,
        0.027126945083265665,
        0.20323994449072696,
        0.0488041608221861,
        0.1850325315876387,
        0.020479334591650564,
        0.8451159729322318,
        0.0,
        0.9594313561645887,
        0.6691599326593508,
        0.0,
        0.9142243045198325,
        0.9998989895374206,
        0.992636214812648,
        0.9998989895374206,
        0.00362473293674449,
        0.0011183198540439163,
        0.09977032563296345,
        0.08441119842164309,
        0.570577739828036,
        0.9913020008872174,
        0.9920354909897019,
        0.0,
        0.9909601954584979,
        0.2730154663984495,
        0.6922556415156521,
        0.9973460812658929,
        0.914748944026947,
        0.0,
        0.952986677609879,
        0.008275041529449861,
        0.013560120692182685,
        0.11441048992212093,
        0.0007607546598746937,
        0.0,
        0.4257298176241511,
        0.162868737889595,
        0.2386515447391225,
        0.01895151051637694,
        0.0,
        0.0,
        0.06195250242171919,
        0.0,
        0.0,
        0.04284624364265665,
        0.0,
        0.00011231323669505226,
        0.41138450177495245,
        0.010050081724008057,
        0.0,
        0.0,
        0.4098437155558307,
        0.0,
        0.3772800379448396,
        0.7307598552874729,
        0.559439169455415,
        0.6147432220987837,
        0.037515525507093625,
        0.7114727016728295,
        0.6820222430376435,
        0.8342680020863138,
        0.07537080949991931,
        0.07973035592672788,
        0.3601484493551505,
        0.6904128896802564,
        0.0838982493353043,
        0.9769355968625673,
        0.6302425041350297,
        3.701273512262098e-05,
        0.6986162604867965,
        0.09836680751948278,
        0.3463512560177067,
        0.935742040962839,
        0.9857792183876048,
        0.26499037913011037,
        0.6912099836700879
    ],
    "paths": [
        "MVTec/screw/test/good/000.png",
        "MVTec/screw/test/good/001.png",
        "MVTec/screw/test/good/002.png",
        "MVTec/screw/test/good/003.png",
        "MVTec/screw/test/good/004.png",
        "MVTec/screw/test/good/005.png",
        "MVTec/screw/test/good/006.png",
        "MVTec/screw/test/good/007.png",
        "MVTec/screw/test/good/008.png",
        "MVTec/screw/test/good/009.png",
        "MVTec/screw/test/good/010.png",
        "MVTec/screw/test/good/011.png",
        "MVTec/screw/test/good/012.png",
        "MVTec/screw/test/good/013.png",
        "MVTec/screw/test/good/014.png",
        "MVTec/screw/test/good/015.png",
        "MVTec/screw/test/good/016.png",
        "MVTec/screw/test/good/017.png",
        "MVTec/screw/test/good/018.png",
        "MVTec/screw/test/good/019.png",
        "MVTec/screw/test/good/020.png",
        "MVTec/screw/test/good/021.png",
        "MVTec/screw/test/good/022.png",
        "MVTec/screw/test/good/023.png",
        "MVTec/screw/test/good/024.png",
        "MVTec/screw/test/good/025.png",
        "MVTec/screw/test/good/026.png",
        "MVTec/screw/test/good/027.png",
        "MVTec/screw/test/good/028.png",
        "MVTec/screw/test/good/029.png",
        "MVTec/screw/test/good/030.png",
        "MVTec/screw/test/good/031.png",
        "MVTec/screw/test/good/032.png",
        "MVTec/screw/test/good/033.png",
        "MVTec/screw/test/good/034.png",
        "MVTec/screw/test/good/035.png",
        "MVTec/screw/test/good/036.png",
        "MVTec/screw/test/good/037.png",
        "MVTec/screw/test/good/038.png",
        "MVTec/screw/test/good/039.png",
        "MVTec/screw/test/good/040.png",
        "MVTec/screw/test/manipulated_front/000.png",
        "MVTec/screw/test/manipulated_front/001.png",
        "MVTec/screw/test/manipulated_front/002.png",
        "MVTec/screw/test/manipulated_front/003.png",
        "MVTec/screw/test/manipulated_front/004.png",
        "MVTec/screw/test/manipulated_front/005.png",
        "MVTec/screw/test/manipulated_front/006.png",
        "MVTec/screw/test/manipulated_front/007.png",
        "MVTec/screw/test/manipulated_front/008.png",
        "MVTec/screw/test/manipulated_front/009.png",
        "MVTec/screw/test/manipulated_front/010.png",
        "MVTec/screw/test/manipulated_front/011.png",
        "MVTec/screw/test/manipulated_front/012.png",
        "MVTec/screw/test/manipulated_front/013.png",
        "MVTec/screw/test/manipulated_front/014.png",
        "MVTec/screw/test/manipulated_front/015.png",
        "MVTec/screw/test/manipulated_front/016.png",
        "MVTec/screw/test/manipulated_front/017.png",
        "MVTec/screw/test/manipulated_front/018.png",
        "MVTec/screw/test/manipulated_front/019.png",
        "MVTec/screw/test/manipulated_front/020.png",
        "MVTec/screw/test/manipulated_front/021.png",
        "MVTec/screw/test/manipulated_front/022.png",
        "MVTec/screw/test/manipulated_front/023.png",
        "MVTec/screw/test/scratch_head/000.png",
        "MVTec/screw/test/scratch_head/001.png",
        "MVTec/screw/test/scratch_head/002.png",
        "MVTec/screw/test/scratch_head/003.png",
        "MVTec/screw/test/scratch_head/004.png",
        "MVTec/screw/test/scratch_head/005.png",
        "MVTec/screw/test/scratch_head/006.png",
        "MVTec/screw/test/scratch_head/007.png",
        "MVTec/screw/test/scratch_head/008.png",
        "MVTec/screw/test/scratch_head/009.png",
        "MVTec/screw/test/scratch_head/010.png",
        "MVTec/screw/test/scratch_head/011.png",
        "MVTec/screw/test/scratch_head/012.png",
        "MVTec/screw/test/scratch_head/013.png",
        "MVTec/screw/test/scratch_head/014.png",
        "MVTec/screw/test/scratch_head/015.png",
        "MVTec/screw/test/scratch_head/016.png",
        "MVTec/screw/test/scratch_head/017.png",
        "MVTec/screw/test/scratch_head/018.png",
        "MVTec/screw/test/scratch_head/019.png",
        "MVTec/screw/test/scratch_head/020.png",
        "MVTec/screw/test/scratch_head/021.png",
