{
    "avg_iou": 0.4308970902585769,
    "thresh": 28.750755310058594,
    "ious_at_thresh": [
        0.2560398505603985,
        0.2543567652242021,
        0.40652088809350706,
        0.3519787881763724,
        0.4929921071513992,
        0.6164211282788358,
        0.5114757817521837,
        0.46497246647126744,
        0.5882948294829483,
        0.4768248511265271,
        0.3440162960448141,
        0.3886434790067333,
        0.27027542170971125,
        0.31332296176046176,
        0.6698466142910587,
        0.2727869243617275,
        0.5910836055240387,
        0.3579359386208402,
        0.2998505701926858,
        0.5357748615174915,
        0.7178784027824225,
        0.5789131533960947,
        0.18702228586771683,
        0.36586994895281716,
        0.5897451410421236,
        0.23947229098401707,
        0.48660535785685727,
        0.2910902047592695,
        0.6362706623855393,
        0.2895325597351072,
        0.3869172915220681,
        0.5611639363042731,
        0.29248544498372764,
        0.511479208039959,
        0.3284618733935419,
        0.07400362874597902,
        0.07757916981362384,
        0.08766064152126214,
        0.06562273633753946,
        0.14664097876955984,
        0.12526762075349943,
        0.2764106388267462,
        0.1784944919190991,
        0.17699916013666125,
        0.17687585076534157,
        0.12852818245927863,
        0.22639103157461687,
        0.2523403430564977,
        0.18159534757045132,
        0.15493544999691147,
        0.2070234492862313,
        0.24040212027051727,
        0.12233931769900445,
        0.3450416652833571,
        0.07148628900541563,
        0.381368706662647,
        0.2709977414640627,
        0.0,
        0.5133324661810614,
        0.0,
        0.5718191332578654,
        0.4338871794871795,
        0.2889108910891089,
        0.34626774538238436,
        0.03376690498750969,
        0.610759586803614,
        0.7546984112105731,
        0.10737226865912328,
        NaN,
        NaN,
        NaN,
        NaN,
        NaN,
        NaN,
        NaN,
        NaN,
        NaN,
        NaN,
        NaN,
        NaN,
        NaN,
        NaN,
        NaN,
        NaN,
        NaN,
        NaN,
        NaN,
        NaN,
        NaN,
        NaN,
        NaN,
        NaN,
        NaN,
        NaN,
        NaN,
        NaN,
        NaN,
        NaN,
        NaN,
        NaN,
        0.6452082726478299,
        0.6716234724915064,
        0.6566894643817721,
        0.5349025747113584,
        0.635568563312387,
        0.4664017406002194,
        0.5886000931295771,
        0.7461716015983718,
        0.5205626524001893,
        0.7265665226443395,
        0.6716018356643356,
        0.6362179888352066,
        0.5538782899317644,
        0.7227215455690886,
        0.641485438127941,
        0.4826380502168087,
        0.7745530247367132,
        0.3147101102060374,
        0.7273816998687139,
        0.6335530339063667,
        0.6601887692878732,
        0.6044656161635125,
        0.7828143754854198,
        0.7390964106844741,
        0.5331014071343269,
        0.5264058400821262,
        0.5058372411098085,
        0.6646566860733758,
        0.6247934399650796,
        0.615264820392272,
        0.5411731686780803,
        0.7678560373114307,
        0.4556744205332338,
        0.541178633814471,
        0.5695071081978378,
        0.7456120224847999,
        0.4922437097109586,
        0.47524535336367124,
        0.3298928146089718,
        0.5364079822616408,
        0.6190368528148316,
        0.5242410161090458,
        0.5346685694601644,
        0.0,
        0.0,
        0.6144481974219342,
        0.4986591179976162,
        0.5007585814526835,
        0.6084524877328128,
        0.5038705301807807,
        0.2550255149474206
    ],
    "image_classes": [
        1,
        1,
        1,
        1,
        1,
        1,
        1,
        1,
        1,
        1,
        1,
        1,
        1,
        1,
        1,
        1,
        1,
        1,
        1,
        1,
        1,
        1,
        1,
        1,
        1,
        1,
        1,
        1,
        1,
        1,
        1,
        1,
        1,
        1,
        1,
        1,
        1,
        1,
        1,
        1,
        1,
        1,
        1,
        1,
        1,
        1,
        1,
        1,
        1,
        1,
        1,
        1,
        1,
        1,
        1,
        1,
        1,
        1,
        1,
        1,
        1,
        1,
        1,
        1,
        1,
        1,
        1,
        1,
        0,
        0,
        0,
        0,
        0,
        0,
        0,
        0,
        0,
        0,
        0,
        0,
        0,
        0,
        0,
        0,
        0,
        0,
        0,
        0,
        0,
        0,
        0,
        0,
        0,
        0,
        0,
        0,
        0,
        0,
        0,
        0,
        1,
        1,
        1,
        1,
        1,
        1,
        1,
        1,
        1,
        1,
        1,
        1,
        1,
        1,
        1,
        1,
        1,
        1,
        1,
        1,
        1,
        1,
        1,
        1,
        1,
        1,
        1,
        1,
        1,
        1,
        1,
        1,
        1,
        1,
        1,
        1,
        1,
        1,
        1,
        1,
        1,
        1,
        1,
        1,
        1,
        1,
        1,
        1,
        1,
        1,
        1
    ],