{
    "avg_iou": 0.15140854866445277,
    "thresh": 2.247499704360962,
    "ious_at_thresh": [
        0.0,
        0.07020061589978174,
        0.08159404008750665,
        0.0,
        0.09512279488066414,
        0.12730269536552258,
        0.08574923229063655,
        0.15009216733839473,
        0.1479168036469634,
        0.15245553685135035,
        0.0,
        0.25389752419955325,
        0.0,
        0.1436083688579762,
        0.16738179886396143,
        0.30475052285628923,
        0.44535743631881675,
        0.0,
        0.00802809939074881,
        0.4095381789556547,
        0.5956529885703579,
        0.43520431073192634,
        0.0,
        0.0,
        0.0,
        0.0,
        0.15656120859020392,
        0.4829734219269103,
        0.4417192812044682,
        0.46228710462287104,
        0.055466495671689646,
        0.0,
        0.0,
        0.0,
        0.15878759119757993,
        0.0,
        0.0,
        0.4551155115511551,
        0.0,
        0.2116519604978671,
        0.050356317981720196,
        0.056870727132868344,
        0.6156575687919837,
        0.4475205460370525,
        0.6027870139466149,
        0.0,
        0.09150116069125612,
        0.0026203893963745854,
        0.15028129794851394,
        0.060561100620447804,
        0.0,
        0.0,
        0.10958537970665864,
        0.0,
        0.13038899900891973,
        0.0,
        0.0,
        0.0,
        0.0,
        0.0,
        0.0,
        0.14810953191022336,
        0.0,
        0.0,
        0.19507045970338313,
        0.0,
        0.0,
        0.0,
        0.008735282947208508,
        0.0,
        0.38399661303979676,
        0.24234870516548954,
        0.0,
        0.0,
        0.5506958250497018,
        0.01975350329225055,
        0.0,
        0.0,
        0.5975609756097561,
        0.3850599315068493,
        0.0,
        0.19643736660646857,
        0.29622781065088755,
        0.0,
        0.0,
        0.26509314347020385,
        0.21216221295147894,
        0.14883796920312053,
        0.40727429557216793,
        0.17501239464551313,
        0.3808834983865584,
        0.18862559241706162,
        0.25650354738948516,
        0.3701768041810297,
        0.20590103072639343,
        0.32618905867566317,
        0.22457107843137256,
        0.0,
        0.4071347678369196,
        0.1319472754450333,
        NaN,
        NaN,
        NaN,
        NaN,
        NaN,
        NaN,
        NaN,
        NaN,
        NaN,
        NaN,
        NaN,
        NaN,
        NaN,
        NaN,
        NaN,
        NaN,
        NaN,
        NaN,
        NaN,
        NaN,
        NaN,
        NaN,
        NaN,
        NaN,
        NaN,
        NaN,
        NaN,
        NaN,
        NaN,
        NaN,
        NaN,
        NaN,
        NaN,
        NaN,
        NaN,
        NaN,
        NaN,
        NaN,
        NaN,
        NaN,
        NaN,
        NaN,
        NaN,
        NaN,
        NaN,
        NaN,
        NaN,
        NaN,
        NaN,
        NaN,
        NaN,
        NaN,
        NaN,
        NaN,
        NaN,
        NaN,
        NaN,
        NaN,
        NaN,
        NaN,
        NaN,
        NaN,
        NaN,
        NaN,
        NaN,
        NaN,
        NaN,
        NaN,
        NaN,
        NaN,
        NaN,
        NaN,
        NaN,
        NaN,
        NaN,
        NaN,
        NaN,
        NaN,
        NaN,
        NaN,
        NaN,
        NaN,
        NaN,
        NaN,
        NaN,
        NaN,
        NaN,
        NaN,
        NaN,
        NaN,
        NaN,
        NaN,
        NaN,
        NaN,
        NaN,
        NaN,
        NaN,
        NaN,
        NaN,
        NaN
    ],
    "image_classes": [
        1,
        1,
        1,
        1,
        1,
        1,
        1,
        1,
        1,
        1,
        1,
        1,
        1,
        1,
        1,
        1,
        1,
        1,
        1,
        1,
        1,
        1,
        1,
        1,
        1,
        1,
        1,
        1,
        1,
        1,
        1,
        1,
        1,
        1,
        1,
        1,
        1,
        1,
        1,
        1,
        1,
        1,
        1,
        1,
        1,
        1,
        1,
        1,
        1,
        1,
        1,
        1,
        1,
        1,
        1,
        1,
        1,
        1,
        1,
        1,
        1,
        1,
        1,
        1,
        1,
        1,
        1,
        1,
        1,
        1,
        1,
        1,
        1,
        1,
        1,
        1,
        1,
        1,
        1,
        1,
        1,
        1,
        1,
        1,
        1,
        1,
        1,
        1,
        1,
        1,
        1,
        1,
        1,
        1,
        1,
        1,
        1,
        1,
        1,
        1,
        0,
        0,
        0,
        0,
        0,
        0,
        0,
        0,
        0,
        0,
        0,
        0,
        0,
        0,
        0,
        0,
        0,
        0,
        0,
        0,
        0,
        0,
        0,
        0,
        0,
        0,
        0,
        0,
        0,
        0,
        0,
        0,
        0,
        0,
        0,
        0,
        0,
        0,
        0,
        0,
        0,
        0,
        0,
        0,
        0,
        0,
        0,
        0,
        0,
        0,
        0,
        0,
        0,
        0,
        0,
        0,
        0,
        0,
        0,
        0,
        0,
        0,
        0,
        0,
        0,
        0,
        0,
        0,
        0,
        0,
        0,
        0,
        0,
        0,
        0,
        0,
        0,
        0,
        0,
        0,
        0,
        0,
        0,
        0,
        0,
        0,
        0,
        0,
        0,
        0,
        0,
        0,
        0,
        0,
        0,
        0,
        0,
        0,
        0,
        0
    ],