{
    "shared_fpr_metric": "mean-per-image-fpr",
    "fpr_lower_bound": 1e-05,
    "fpr_upper_bound": 0.0001,
    "num_threshs": 3621,
    "thresh_lower_bound": -0.3972966969013214,
    "thresh_upper_bound": -0.3467561602592468,
    "aupimos": [
        1.0,
        0.946938585342945,
        1.0,
        1.0,
        0.823969674974953,
        0.9997216126660868,
        0.7948760817951446,
        1.0,
        1.0,
        1.0,
        0.999683445623674,
        0.9277993699696333,
        1.0,
        0.9788344207700217,
        1.0,
        1.0,
        0.9979047253651386,
        0.9086239495723865,
        0.0,
        0.9996607384878373,
        0.8589543838461166,
        1.0,
        0.303453644728846,
        0.9634376210233414,
        1.0,
        1.0,
        0.9237560627264739,
        0.8374312998040038,
        0.8214667561327313,
        0.969720601496455,
        1.0,
        0.8100469006774031,
        1.0,
        1.0,
        1.0,
        1.0,
        1.0,
        0.9385656686101997,
        1.0,
        1.0,
        1.0,
        0.9816543959328777,
        0.9929058233630862,
        0.9912953685742776,
        0.9915093165689334,
        1.0,
        0.9998905335678445,
        0.9949003377455331,
        1.0,
        1.0,
        1.0,
        1.0,
        1.0,
        0.9609193337037218,
        1.0,
        1.0,
        1.0,
        1.0,
        1.0,
        0.989838332268684,
        1.0,
        1.0,
        1.0,
        0.00010611825776669487,
        1.0,
        1.0,
        1.0,
        1.0,
        1.0,
        0.20193169637660935,
        0.456525861993321,
        0.8283707374159701,
        0.4746914323130777,
        0.22348501097069604,
        0.35860629579028097,
        0.8489699906415084,
        0.16874458026450484,
        0.005995935423197614,
        0.23597461065606165,
        0.9817172688192984,
        0.8250899485259368,
        0.568880950491828,
        0.8328379127612785,
        0.013898130940027887,
        0.8105666727035998,
        0.0,
        0.9812157378500289,
        0.5768689557568206,
        0.0,
        0.18605305163316846,
        0.9963848932284181,
        0.986158274873232,
        0.7820018461759409,
        0.9702800511245534,
        0.9994874070505017,
        0.9999679612144242,
        0.9995326804235706,
        0.9029601303976956,
        0.9261225824064717,
        0.8769032802026256,
        NaN,
        NaN,
        NaN,
        NaN,
        NaN,
        NaN,
        NaN,
        NaN,
        NaN,
        NaN,
        NaN,
        NaN,
        NaN,
        NaN,
        NaN,
        NaN,
        NaN,
        NaN,
        NaN,
        NaN,
        NaN,
        NaN,
        NaN,
        NaN,
        NaN,
        NaN,
        NaN,
        NaN,
        NaN,
        NaN,
        NaN,
        NaN,
        NaN,
        NaN,
        NaN,
        NaN,
        NaN,
        NaN,
        NaN,
        NaN,
        NaN,
        NaN,
        NaN,
        NaN,
        NaN,
        NaN,
        NaN,
        NaN,
        NaN,
        NaN
    ],
    "paths": [
        "VisA/visa_pytorch/pipe_fryum/test/bad/000.JPG",
        "VisA/visa_pytorch/pipe_fryum/test/bad/001.JPG",
        "VisA/visa_pytorch/pipe_fryum/test/bad/002.JPG",
        "VisA/visa_pytorch/pipe_fryum/test/bad/003.JPG",
        "VisA/visa_pytorch/pipe_fryum/test/bad/004.JPG",
        "VisA/visa_pytorch/pipe_fryum/test/bad/005.JPG",
        "VisA/visa_pytorch/pipe_fryum/test/bad/006.JPG",
        "VisA/visa_pytorch/pipe_fryum/test/bad/007.JPG",
        "VisA/visa_pytorch/pipe_fryum/test/bad/008.JPG",
        "VisA/visa_pytorch/pipe_fryum/test/bad/009.JPG",
        "VisA/visa_pytorch/pipe_fryum/test/bad/010.JPG",
        "VisA/visa_pytorch/pipe_fryum/test/bad/011.JPG",
        "VisA/visa_pytorch/pipe_fryum/test/bad/012.JPG",
        "VisA/visa_pytorch/pipe_fryum/test/bad/013.JPG",
        "VisA/visa_pytorch/pipe_fryum/test/bad/014.JPG",
        "VisA/visa_pytorch/pipe_fryum/test/bad/015.JPG",
        "VisA/visa_pytorch/pipe_fryum/test/bad/016.JPG",
        "VisA/visa_pytorch/pipe_fryum/test/bad/017.JPG",
        "VisA/visa_pytorch/pipe_fryum/test/bad/018.JPG",
        "VisA/visa_pytorch/pipe_fryum/test/bad/019.JPG",
        "VisA/visa_pytorch/pipe_fryum/test/bad/020.JPG",
        "VisA/visa_pytorch/pipe_fryum/test/bad/021.JPG",
        "VisA/visa_pytorch/pipe_fryum/test/bad/022.JPG",
        "VisA/visa_pytorch/pipe_fryum/test/bad/023.JPG",
        "VisA/visa_pytorch/pipe_fryum/test/bad/024.JPG",
        "VisA/visa_pytorch/pipe_fryum/test/bad/025.JPG",
        "VisA/visa_pytorch/pipe_fryum/test/bad/026.JPG",
        "VisA/visa_pytorch/pipe_fryum/test/bad/027.JPG",
        "VisA/visa_pytorch/pipe_fryum/test/bad/028.JPG",
        "VisA/visa_pytorch/pipe_fryum/test/bad/029.JPG",
        "VisA/visa_pytorch/pipe_fryum/test/bad/030.JPG",
        "VisA/visa_pytorch/pipe_fryum/test/bad/031.JPG",
        "VisA/visa_pytorch/pipe_fryum/test/bad/032.JPG",
        "VisA/visa_pytorch/pipe_fryum/test/bad/033.JPG",
        "VisA/visa_pytorch/pipe_fryum/test/bad/034.JPG",
        "VisA/visa_pytorch/pipe_fryum/test/bad/035.JPG",
        "VisA/visa_pytorch/pipe_fryum/test/bad/036.JPG",
        "VisA/visa_pytorch/pipe_fryum/test/bad/037.JPG",
        "VisA/visa_pytorch/pipe_fryum/test/bad/038.JPG",
        "VisA/visa_pytorch/pipe_fryum/test/bad/039.JPG",
        "VisA/visa_pytorch/pipe_fryum/test/bad/040.JPG",
        "VisA/visa_pytorch/pipe_fryum/test/bad/041.JPG",
        "VisA/visa_pytorch/pipe_fryum/test/bad/042.JPG",
        "VisA/visa_pytorch/pipe_fryum/test/bad/043.JPG",
        "VisA/visa_pytorch/pipe_fryum/test/bad/044.JPG",
        "VisA/visa_pytorch/pipe_fryum/test/bad/045.JPG",
        "VisA/visa_pytorch/pipe_fryum/test/bad/046.JPG",
        "VisA/visa_pytorch/pipe_fryum/test/bad/047.JPG",
        "VisA/visa_pytorch/pipe_fryum/test/bad/048.JPG",
        "VisA/visa_pytorch/pipe_fryum/test/bad/049.JPG",
        "VisA/visa_pytorch/pipe_fryum/test/bad/050.JPG",
        "VisA/visa_pytorch/pipe_fryum/test/bad/051.JPG",
        "VisA/visa_pytorch/pipe_fryum/test/bad/052.JPG",
        "VisA/visa_pytorch/pipe_fryum/test/bad/053.JPG",
        "VisA/visa_pytorch/pipe_fryum/test/bad/054.JPG",
        "VisA/visa_pytorch/pipe_fryum/test/bad/055.JPG",
        "VisA/visa_pytorch/pipe_fryum/test/bad/056.JPG",
        "VisA/visa_pytorch/pipe_fryum/test/bad/057.JPG",
        "VisA/visa_pytorch/pipe_fryum/test/bad/058.JPG",
        "VisA/visa_pytorch/pipe_fryum/test/bad/059.JPG",
        "VisA/visa_pytorch/pipe_fryum/test/bad/060.JPG",
        "VisA/visa_pytorch/pipe_fryum/test/bad/061.JPG",
        "VisA/visa_pytorch/pipe_fryum/test/bad/062.JPG",
        "VisA/visa_pytorch/pipe_fryum/test/bad/063.JPG",
        "VisA/visa_pytorch/pipe_fryum/test/bad/064.JPG",
        "VisA/visa_pytorch/pipe_fryum/test/bad/065.JPG",
        "VisA/visa_pytorch/pipe_fryum/test/bad/066.JPG",
        "VisA/visa_pytorch/pipe_fryum/test/bad/067.JPG",
        "VisA/visa_pytorch/pipe_fryum/test/bad/068.JPG",
        "VisA/visa_pytorch/pipe_fryum/test/bad/069.JPG",
        "VisA/visa_pytorch/pipe_fryum/test/bad/070.JPG",
        "VisA/visa_pytorch/pipe_fryum/test/bad/071.JPG",
        "VisA/visa_pytorch/pipe_fryum/test/bad/072.JPG",
        "VisA/visa_pytorch/pipe_fryum/test/bad/073.JPG",
        "VisA/visa_pytorch/pipe_fryum/test/bad/074.JPG",
        "VisA/visa_pytorch/pipe_fryum/test/bad/075.JPG",
        "VisA/visa_pytorch/pipe_fryum/test/bad/076.JPG",
        "VisA/visa_pytorch/pipe_fryum/test/bad/077.JPG",
        "VisA/visa_pytorch/pipe_fryum/test/bad/078.JPG",
        "VisA/visa_pytorch/pipe_fryum/test/bad/079.JPG",
        "VisA/visa_pytorch/pipe_fryum/test/bad/080.JPG",
        "VisA/visa_pytorch/pipe_fryum/test/bad/081.JPG",
        "VisA/visa_pytorch/pipe_fryum/test/bad/082.JPG",
        "VisA/visa_pytorch/pipe_fryum/test/bad/083.JPG",
        "VisA/visa_pytorch/pipe_fryum/test/bad/084.JPG",
        "VisA/visa_pytorch/pipe_fryum/test/bad/085.JPG",
