{
    "avg_iou": 0.1622085786236282,
    "thresh": -0.22227129340171814,
    "ious_at_thresh": [
        NaN,
        NaN,
        NaN,
        NaN,
        NaN,
        NaN,
        NaN,
        NaN,
        NaN,
        NaN,
        NaN,
        NaN,
        NaN,
        NaN,
        NaN,
        NaN,
        NaN,
        NaN,
        NaN,
        NaN,
        NaN,
        NaN,
        NaN,
        NaN,
        NaN,
        NaN,
        NaN,
        NaN,
        NaN,
        NaN,
        NaN,
        NaN,
        NaN,
        NaN,
        NaN,
        NaN,
        NaN,
        NaN,
        NaN,
        NaN,
        NaN,
        0.22152690863579474,
        0.1371445281087799,
        0.23336472065285624,
        0.0,
        0.28360179561658305,
        0.17751034223392254,
        0.0,
        0.10764895330112721,
        0.46227730441518206,
        0.0,
        0.2802493182703545,
        0.0,
        0.32433890987587694,
        0.0,
        0.1908260168428597,
        0.3210350584307179,
        0.2400872851136303,
        0.0,
        0.0,
        0.0,
        0.09163636363636364,
        0.0,
        0.0,
        0.0,
        0.15113719735876743,
        0.19597234746017433,
        0.32848151062155784,
        0.10518487037824055,
        0.32682765464770097,
        0.0,
        0.4057530820082187,
        0.0,
        0.23037752414398596,
        0.4285372276753651,
        0.2527721774193548,
        0.06633039689305674,
        0.12170335466629158,
        0.1409090909090909,
        0.09914425427872861,
        0.14024052535801884,
        0.2945155124246434,
        0.0011637379262190155,
        0.31875057082838615,
        0.05149822042829022,
        0.10504336652746547,
        0.0,
        0.0,
        0.32763019660813447,
        0.20332618025751073,
        0.20003761620721155,
        0.2294002352018816,
        0.08761815378427298,
        0.22574715773708218,
        0.07376861397479954,
        0.1207667731629393,
        0.2028351881293058,
        0.16802177991979692,
        0.07238575834034203,
        0.233725940821603,
        0.0,
        0.290890874175503,
        0.18482344102178813,
        0.18691998996739403,
        0.13617693522906793,
        0.1252890676972788,
        0.29534863272663325,
        0.14386937769562538,
        0.17728506371038227,
        0.17500653098059704,
        0.4181907250163292,
        0.2165918323711781,
        0.5911949685534591,
        0.1488833746898263,
        0.0,
        0.0,
        0.0,
        0.0,
        0.0,
        0.22348232154769845,
        0.0,
        0.05830324909747293,
        0.0,
        0.0,
        0.0,
        0.0,
        0.0,
        0.0,
        0.06006931074316519,
        0.0,
        0.0,
        0.13042588042588044,
        0.0,
        0.0,
        0.0,
        0.2963142580019399,
        0.0,
        0.4654484352026885,
        0.455833517821563,
        0.3318856514568444,
        0.43306672279520103,
        0.5180401274433825,
        0.3507713838259305,
        0.3116697905631163,
        0.2423919982975101,
        0.0,
        0.3565375951946798,
        0.2724353995132308,
        0.22481966337162704,
        0.22606382978723405,
        0.09708486846357701,
        0.21353829058246135,
        0.11876299376299376,
        0.2532702818890868,
        0.3620810055865922,
        0.16932452097986903,
        0.19878565232920048,
        0.2319702094222951,
        0.3977892299648966,
        0.23133013307407183
    ],
    "image_classes": [
        0,
        0,
        0,
        0,
        0,
        0,
        0,
        0,
        0,
        0,
        0,
        0,
        0,
        0,
        0,
        0,
        0,
        0,
        0,
        0,
        0,
        0,
        0,
        0,
        0,
        0,
        0,
        0,
        0,
        0,
        0,
        0,
        0,
        0,
        0,
        0,
        0,
        0,
        0,
        0,
        0,
        1,
        1,
        1,
        1,
        1,
        1,
        1,
        1,
        1,
        1,
        1,
        1,
        1,
        1,
        1,
        1,
        1,
        1,
        1,
        1,
        1,
        1,
        1,
        1,
        1,
        1,
        1,
        1,
        1,
        1,
        1,
        1,
        1,
        1,
        1,
        1,
        1,
        1,
        1,
        1,
        1,
        1,
        1,
        1,
        1,
        1,
        1,
        1,
        1,
        1,
        1,
        1,
        1,
        1,
        1,
        1,
        1,
        1,
        1,
        1,
        1,
        1,
        1,
        1,
        1,
        1,
        1,
        1,
        1,
        1,
        1,
        1,
        1,
        1,
        1,
        1,
        1,
        1,
        1,
        1,
        1,
        1,
        1,
        1,
        1,
        1,
        1,
        1,
        1,
        1,
        1,
        1,
        1,
        1,
        1,
        1,
        1,
        1,
        1,
        1,
        1,
        1,
        1,
        1,
        1,
        1,
        1,
        1,
        1,
        1,
        1,
        1,
        1,
        1,
        1,
        1,
        1,
        1,
        1
    ],