{
    "shared_fpr_metric": "mean-per-image-fpr",
    "fpr_lower_bound": 1e-05,
    "fpr_upper_bound": 0.0001,
    "num_threshs": 3199,
    "thresh_lower_bound": 0.058739081025123596,
    "thresh_upper_bound": 0.5271625518798828,
    "aupimos": [
        0.9500652440338432,
        0.9346840071936916,
        0.6422204256473719,
        0.7409823184642544,
        0.5927301460835666,
        0.7115389518676646,
        0.6588177023326566,
        0.9425255681946968,
        1.0,
        0.8428970345146639,
        0.8217539410925174,
        0.7762890067931797,
        0.3748681644404195,
        0.17462196157366408,
        1.0,
        0.9253087436606567,
        0.2188741413518261,
        0.5011180431278458,
        1.0,
        0.620727988310375,
        0.5085867000804135,
        0.9858457400251146,
        0.7635933629320049,
        0.8357591247241077,
        0.027930189189046155,
        0.9628715180528147,
        0.3436474080246902,
        0.39512029211283106,
        0.9978159094680387,
        0.8905231859358838,
        0.7627167308092226,
        0.7104425816466857,
        0.7032021084165745,
        0.8988941255864024,
        0.812443460307012,
        NaN,
        NaN,
        NaN,
        NaN,
        NaN,
        NaN,
        NaN,
        NaN,
        NaN,
        NaN,
        NaN,
        NaN,
        NaN,
        NaN,
        NaN,
        NaN,
        NaN,
        NaN,
        NaN,
        NaN,
        NaN,
        NaN,
        NaN,
        NaN,
        NaN,
        NaN,
        NaN,
        NaN,
        NaN,
        NaN,
        NaN,
        NaN,
        NaN,
        NaN,
        NaN,
        NaN,
        NaN,
        NaN,
        NaN,
        NaN,
        0.9474258248835056,
        1.0,
        0.9743777476103337,
        1.0,
        1.0,
        1.0,
        0.8018809849098927,
        1.0,
        0.9732366533955924,
        1.0,
        0.9635380993531394,
        0.8520655561442539,
        0.9936561503652683,
        0.9533813198922666,
        0.8303392596517737,
        1.0,
        0.3350667996134638,
        0.9099206548714178,
        1.0,
        0.9928447255305579,
        1.0,
        0.7688096216483817,
        1.0,
        0.8662154878514648,
        1.0,
        1.0,
        1.0,
        0.8763424496073958,
        1.0,
        0.9907185937027889,
        0.9997924372045774,
        1.0,
        0.9343635235292648,
        0.5296235767220745,
        0.9889358680116046
    ],
    "paths": [
        "MVTec/hazelnut/test/crack/000.png",
        "MVTec/hazelnut/test/crack/001.png",
        "MVTec/hazelnut/test/crack/002.png",
        "MVTec/hazelnut/test/crack/003.png",
        "MVTec/hazelnut/test/crack/004.png",
        "MVTec/hazelnut/test/crack/005.png",
        "MVTec/hazelnut/test/crack/006.png",
        "MVTec/hazelnut/test/crack/007.png",
        "MVTec/hazelnut/test/crack/008.png",
        "MVTec/hazelnut/test/crack/009.png",
        "MVTec/hazelnut/test/crack/010.png",
        "MVTec/hazelnut/test/crack/011.png",
        "MVTec/hazelnut/test/crack/012.png",
        "MVTec/hazelnut/test/crack/013.png",
        "MVTec/hazelnut/test/crack/014.png",
        "MVTec/hazelnut/test/crack/015.png",
        "MVTec/hazelnut/test/crack/016.png",
        "MVTec/hazelnut/test/crack/017.png",
        "MVTec/hazelnut/test/cut/000.png",
        "MVTec/hazelnut/test/cut/001.png",
        "MVTec/hazelnut/test/cut/002.png",
        "MVTec/hazelnut/test/cut/003.png",
        "MVTec/hazelnut/test/cut/004.png",
        "MVTec/hazelnut/test/cut/005.png",
        "MVTec/hazelnut/test/cut/006.png",
        "MVTec/hazelnut/test/cut/007.png",
        "MVTec/hazelnut/test/cut/008.png",
        "MVTec/hazelnut/test/cut/009.png",
        "MVTec/hazelnut/test/cut/010.png",
        "MVTec/hazelnut/test/cut/011.png",
        "MVTec/hazelnut/test/cut/012.png",
        "MVTec/hazelnut/test/cut/013.png",
        "MVTec/hazelnut/test/cut/014.png",
        "MVTec/hazelnut/test/cut/015.png",
        "MVTec/hazelnut/test/cut/016.png",
        "MVTec/hazelnut/test/good/000.png",
        "MVTec/hazelnut/test/good/001.png",
        "MVTec/hazelnut/test/good/002.png",
        "MVTec/hazelnut/test/good/003.png",
        "MVTec/hazelnut/test/good/004.png",
        "MVTec/hazelnut/test/good/005.png",
        "MVTec/hazelnut/test/good/006.png",
        "MVTec/hazelnut/test/good/007.png",
        "MVTec/hazelnut/test/good/008.png",
        "MVTec/hazelnut/test/good/009.png",
        "MVTec/hazelnut/test/good/010.png",
        "MVTec/hazelnut/test/good/011.png",
        "MVTec/hazelnut/test/good/012.png",
        "MVTec/hazelnut/test/good/013.png",
        "MVTec/hazelnut/test/good/014.png",
        "MVTec/hazelnut/test/good/015.png",
        "MVTec/hazelnut/test/good/016.png",
        "MVTec/hazelnut/test/good/017.png",
        "MVTec/hazelnut/test/good/018.png",
        "MVTec/hazelnut/test/good/019.png",
        "MVTec/hazelnut/test/good/020.png",
        "MVTec/hazelnut/test/good/021.png",
        "MVTec/hazelnut/test/good/022.png",
        "MVTec/hazelnut/test/good/023.png",
        "MVTec/hazelnut/test/good/024.png",
        "MVTec/hazelnut/test/good/025.png",
        "MVTec/hazelnut/test/good/026.png",
        "MVTec/hazelnut/test/good/027.png",
        "MVTec/hazelnut/test/good/028.png",
        "MVTec/hazelnut/test/good/029.png",
        "MVTec/hazelnut/test/good/030.png",
        "MVTec/hazelnut/test/good/031.png",
        "MVTec/hazelnut/test/good/032.png",
        "MVTec/hazelnut/test/good/033.png",
        "MVTec/hazelnut/test/good/034.png",
        "MVTec/hazelnut/test/good/035.png",
        "MVTec/hazelnut/test/good/036.png",
        "MVTec/hazelnut/test/good/037.png",
        "MVTec/hazelnut/test/good/038.png",
        "MVTec/hazelnut/test/good/039.png",
        "MVTec/hazelnut/test/hole/000.png",
        "MVTec/hazelnut/test/hole/001.png",
        "MVTec/hazelnut/test/hole/002.png",
        "MVTec/hazelnut/test/hole/003.png",
        "MVTec/hazelnut/test/hole/004.png",
        "MVTec/hazelnut/test/hole/005.png",
        "MVTec/hazelnut/test/hole/006.png",
        "MVTec/hazelnut/test/hole/007.png",
        "MVTec/hazelnut/test/hole/008.png",
        "MVTec/hazelnut/test/hole/009.png",
        "MVTec/hazelnut/test/hole/010.png",
        "MVTec/hazelnut/test/hole/011.png",
        "MVTec/hazelnut/test/hole/012.png",
        "MVTec/hazelnut/test/hole/013.png",
        "MVTec/hazelnut/test/hole/014.png",
        "MVTec/hazelnut/test/hole/015.png",
        "MVTec/hazelnut/test/hole/016.png",
        "MVTec/hazelnut/test/hole/017.png",
        "MVTec/hazelnut/test/print/000.png",
        "MVTec/hazelnut/test/print/001.png",
        "MVTec/hazelnut/test/print/002.png",
        "MVTec/hazelnut/test/print/003.png",
        "MVTec/hazelnut/test/print/004.png",
        "MVTec/hazelnut/test/print/005.png",
        "MVTec/hazelnut/test/print/006.png",
        "MVTec/hazelnut/test/print/007.png",
        "MVTec/hazelnut/test/print/008.png",
        "MVTec/hazelnut/test/print/009.png",
        "MVTec/hazelnut/test/print/010.png",
        "MVTec/hazelnut/test/print/011.png",
        "MVTec/hazelnut/test/print/012.png",
        "MVTec/hazelnut/test/print/013.png",
        "MVTec/hazelnut/test/print/014.png",
        "MVTec/hazelnut/test/print/015.png",
        "MVTec/hazelnut/test/print/016.png"
    ]
}