{
    "shared_fpr_metric": "mean-per-image-fpr",
    "fpr_lower_bound": 1e-05,
    "fpr_upper_bound": 0.0001,
    "num_threshs": null,
    "thresh_lower_bound": -0.22085733711719513,
    "thresh_upper_bound": -0.18834638595581055,
    "aupimos": [
        0.4491023600839896,
        0.0,
        0.0,
        0.0,
        0.0,
        0.0,
        0.0030786713011636485,
        0.5166260045587157,
        0.19166192799862022,
        0.0,
        0.0,
        0.0,
        1.0,
        0.9945273599592038,
        1.0,
        0.8162453406461648,
        1.0,
        1.0,
        0.5056670483815512,
        0.2090968630937748,
        1.0,
        0.002497556745198754,
        0.16922248065647286,
        0.6693210320719217,
        0.2990267787960958,
        0.932758321812816,
        1.0,
        1.0,
        0.4959067582114466,
        1.0,
        0.9402724303157415,
        0.99722207836442,
        0.961218590731178,
        0.516289803798533,
        0.6131117619849732,
        0.860108146318857,
        0.3847294083996112,
        0.2299745772827042,
        1.0,
        1.0,
        1.0,
        0.8458002955880067,
        1.0,
        1.0,
        0.0,
        0.0,
        0.025607795280100768,
        0.0,
        0.0,
        0.0,
        0.042634639723539765,
        0.016040407025982594,
        0.0,
        0.0,
        0.0,
        0.0,
        0.0,
        0.8134086562978311,
        0.0,
        0.0,
        0.01732971837627278,
        0.5778618037780703,
        0.7181567934762894,
        1.0,
        0.2829233117339548,
        1.0,
        0.11375387977175362,
        0.0,
        1.0,
        0.6907602042680179,
        1.0,
        0.5333036882888743,
        1.0,
        0.7554055898184204,
        0.43923995862310644,
        0.23272760018332056,
        0.8418628390328995,
        0.13958664317822647,
        0.0,
        0.0,
        0.0,
        0.0,
        0.0,
        0.0,
        0.0,
        0.2494673242323977,
        0.0,
        0.0,
        0.0,
        0.0,
        0.0,
        0.19614052967452583,
        0.0,
        0.0,
        0.3613608111816675,
        0.24291302054677621,
        0.1842093088980455,
        0.3074630480538119,
        0.27010830889255194,
        0.4607054759473735,
        NaN,
        NaN,
        NaN,
        NaN,
        NaN,
        NaN,
        NaN,
        NaN,
        NaN,
        NaN,
        NaN,
        NaN,
        NaN,
        NaN,
        NaN,
        NaN,
        NaN,
        NaN,
        NaN,
        NaN,
        NaN,
        NaN,
        NaN,
        NaN,
        NaN,
        NaN,
        NaN,
        NaN,
        NaN,
        NaN,
        NaN,
        NaN,
        NaN,
        NaN,
        NaN,
        NaN,
        NaN,
        NaN,
        NaN,
        NaN,
        NaN,
        NaN,
        NaN,
        NaN,
        NaN,
        NaN,
        NaN,
        NaN,
        NaN,
        NaN
    ],
    "paths": [
        "VisA/visa_pytorch/cashew/test/bad/000.JPG",
        "VisA/visa_pytorch/cashew/test/bad/001.JPG",
        "VisA/visa_pytorch/cashew/test/bad/002.JPG",
        "VisA/visa_pytorch/cashew/test/bad/003.JPG",
        "VisA/visa_pytorch/cashew/test/bad/004.JPG",
        "VisA/visa_pytorch/cashew/test/bad/005.JPG",
        "VisA/visa_pytorch/cashew/test/bad/006.JPG",
        "VisA/visa_pytorch/cashew/test/bad/007.JPG",
        "VisA/visa_pytorch/cashew/test/bad/008.JPG",
        "VisA/visa_pytorch/cashew/test/bad/009.JPG",
        "VisA/visa_pytorch/cashew/test/bad/010.JPG",
        "VisA/visa_pytorch/cashew/test/bad/011.JPG",
        "VisA/visa_pytorch/cashew/test/bad/012.JPG",
        "VisA/visa_pytorch/cashew/test/bad/013.JPG",
        "VisA/visa_pytorch/cashew/test/bad/014.JPG",
        "VisA/visa_pytorch/cashew/test/bad/015.JPG",
        "VisA/visa_pytorch/cashew/test/bad/016.JPG",
        "VisA/visa_pytorch/cashew/test/bad/017.JPG",
        "VisA/visa_pytorch/cashew/test/bad/018.JPG",
        "VisA/visa_pytorch/cashew/test/bad/019.JPG",
        "VisA/visa_pytorch/cashew/test/bad/020.JPG",
        "VisA/visa_pytorch/cashew/test/bad/021.JPG",
        "VisA/visa_pytorch/cashew/test/bad/022.JPG",
        "VisA/visa_pytorch/cashew/test/bad/023.JPG",
        "VisA/visa_pytorch/cashew/test/bad/024.JPG",
        "VisA/visa_pytorch/cashew/test/bad/025.JPG",
        "VisA/visa_pytorch/cashew/test/bad/026.JPG",
        "VisA/visa_pytorch/cashew/test/bad/027.JPG",
        "VisA/visa_pytorch/cashew/test/bad/028.JPG",
        "VisA/visa_pytorch/cashew/test/bad/029.JPG",
        "VisA/visa_pytorch/cashew/test/bad/030.JPG",
        "VisA/visa_pytorch/cashew/test/bad/031.JPG",
        "VisA/visa_pytorch/cashew/test/bad/032.JPG",
        "VisA/visa_pytorch/cashew/test/bad/033.JPG",
        "VisA/visa_pytorch/cashew/test/bad/034.JPG",
        "VisA/visa_pytorch/cashew/test/bad/035.JPG",
        "VisA/visa_pytorch/cashew/test/bad/036.JPG",
        "VisA/visa_pytorch/cashew/test/bad/037.JPG",
        "VisA/visa_pytorch/cashew/test/bad/038.JPG",
        "VisA/visa_pytorch/cashew/test/bad/039.JPG",
        "VisA/visa_pytorch/cashew/test/bad/040.JPG",
        "VisA/visa_pytorch/cashew/test/bad/041.JPG",
        "VisA/visa_pytorch/cashew/test/bad/042.JPG",
        "VisA/visa_pytorch/cashew/test/bad/043.JPG",
        "VisA/visa_pytorch/cashew/test/bad/044.JPG",
        "VisA/visa_pytorch/cashew/test/bad/045.JPG",
        "VisA/visa_pytorch/cashew/test/bad/046.JPG",
        "VisA/visa_pytorch/cashew/test/bad/047.JPG",
        "VisA/visa_pytorch/cashew/test/bad/048.JPG",
        "VisA/visa_pytorch/cashew/test/bad/049.JPG",
        "VisA/visa_pytorch/cashew/test/bad/050.JPG",
        "VisA/visa_pytorch/cashew/test/bad/051.JPG",
        "VisA/visa_pytorch/cashew/test/bad/052.JPG",
        "VisA/visa_pytorch/cashew/test/bad/053.JPG",
        "VisA/visa_pytorch/cashew/test/bad/054.JPG",
        "VisA/visa_pytorch/cashew/test/bad/055.JPG",
        "VisA/visa_pytorch/cashew/test/bad/056.JPG",
        "VisA/visa_pytorch/cashew/test/bad/057.JPG",
        "VisA/visa_pytorch/cashew/test/bad/058.JPG",
        "VisA/visa_pytorch/cashew/test/bad/059.JPG",
        "VisA/visa_pytorch/cashew/test/bad/060.JPG",
        "VisA/visa_pytorch/cashew/test/bad/061.JPG",
        "VisA/visa_pytorch/cashew/test/bad/062.JPG",
        "VisA/visa_pytorch/cashew/test/bad/063.JPG",
        "VisA/visa_pytorch/cashew/test/bad/064.JPG",
        "VisA/visa_pytorch/cashew/test/bad/065.JPG",
        "VisA/visa_pytorch/cashew/test/bad/066.JPG",
        "VisA/visa_pytorch/cashew/test/bad/067.JPG",
        "VisA/visa_pytorch/cashew/test/bad/068.JPG",
        "VisA/visa_pytorch/cashew/test/bad/069.JPG",
        "VisA/visa_pytorch/cashew/test/bad/070.JPG",
        "VisA/visa_pytorch/cashew/test/bad/071.JPG",
        "VisA/visa_pytorch/cashew/test/bad/072.JPG",
        "VisA/visa_pytorch/cashew/test/bad/073.JPG",
        "VisA/visa_pytorch/cashew/test/bad/074.JPG",
        "VisA/visa_pytorch/cashew/test/bad/075.JPG",
        "VisA/visa_pytorch/cashew/test/bad/076.JPG",
        "VisA/visa_pytorch/cashew/test/bad/077.JPG",
        "VisA/visa_pytorch/cashew/test/bad/078.JPG",
        "VisA/visa_pytorch/cashew/test/bad/079.JPG",
        "VisA/visa_pytorch/cashew/test/bad/080.JPG",
        "VisA/visa_pytorch/cashew/test/bad/081.JPG",
        "VisA/visa_pytorch/cashew/test/bad/082.JPG",
        "VisA/visa_pytorch/cashew/test/bad/083.JPG",
        "VisA/visa_pytorch/cashew/test/bad/084.JPG",
        "VisA/visa_pytorch/cashew/test/bad/085.JPG",
        "VisA/visa_pytorch/cashew/test/bad/086.JPG",
        "VisA/visa_pytorch/cashew/test/bad/087.JPG",
        "VisA/visa_pytorch/cashew/test/bad/088.JPG",
        "VisA/visa_pytorch/cashew/test/bad/089.JPG",
        "VisA/visa_pytorch/cashew/test/bad/090.JPG",
        "VisA/visa_pytorch/cashew/test/bad/091.JPG",
        "VisA/visa_pytorch/cashew/test/bad/092.JPG",
        "VisA/visa_pytorch/cashew/test/bad/093.JPG",
        "VisA/visa_pytorch/cashew/test/bad/094.JPG",
