{
    "shared_fpr_metric": "mean-per-image-fpr",
    "fpr_lower_bound": 1e-05,
    "fpr_upper_bound": 0.0001,
    "num_threshs": 3752,
    "thresh_lower_bound": 0.5049999195295476,
    "thresh_upper_bound": 0.5735846138968552,
    "aupimos": [
        0.9907642604941033,
        0.9998853196502697,
        0.8878385328803855,
        0.09164870055173481,
        0.993749526444985,
        0.9998853196502697,
        0.8815924120942404,
        0.9502690716104734,
        0.854909844826917,
        0.9998853196502697,
        0.9965925560629582,
        0.996288540731878,
        0.9998853196502697,
        0.9957088056329909,
        0.11211532029895106,
        0.9820905774568502,
        0.841176796364735,
        0.9991095892554975,
        0.9399641017117499,
        0.9998016997197114,
        0.5188773406296125,
        0.0,
        0.0,
        0.17983382488337005,
        0.19468613015475536,
        0.6575464036963284,
        0.8408980859654152,
        0.45852028149248597,
        0.6967368778911608,
        0.7934482155041138,
        0.0014798324052824453,
        0.12259409700749305,
        0.61363106623723,
        0.7493162524115331,
        0.24783358435833333,
        0.4264819090272859,
        0.5604131401308143,
        0.0,
        0.0,
        0.36151281982198585,
        0.0,
        0.0,
        0.0,
        0.5431620173953187,
        0.44661173467550963,
        0.0,
        0.0,
        0.6143803536405614,
        0.6505610154624235,
        0.0,
        0.36510386731071004,
        0.2571864500404802,
        0.8584337623829489,
        0.9977477975892596,
        0.9998853196502697,
        0.0,
        0.0,
        0.05717579774735524,
        0.0,
        0.0,
        0.0,
        0.5378380759338803,
        0.4089271166688079,
        0.7894471523451777,
        0.03075082353317054,
        0.39134822912229195,
        0.10488333200918523,
        0.96167150104078,
        0.0,
        0.4464624646597299,
        0.8567832969203617,
        0.8011108333062831,
        0.0,
        0.7849995050250778,
        0.9849970722584653,
        0.3698344670864037,
        0.328561155759864,
        0.3687029483862839,
        0.9916326102390327,
        0.0,
        0.0,
        0.9483691970698419,
        0.3646057263348367,
        0.05729884547819232,
        0.0038269684045800657,
        0.014093284218704002,
        0.40359731395415205,
        0.8246514464007089,
        0.7334432897212301,
        0.8368242412124011,
        0.00034494866779160536,
        0.2665058630996261,
        9.69350437877015e-05,
        0.3499408731442844,
        0.2732230849052653,
        0.9361525714209703,
        0.7197721551770224,
        0.5307450678383359,
        0.1587487841538627,
        0.9998853196502697,
        NaN,
        NaN,
        NaN,
        NaN,
        NaN,
        NaN,
        NaN,
        NaN,
        NaN,
        NaN,
        NaN,
        NaN,
        NaN,
        NaN,
        NaN,
        NaN,
        NaN,
        NaN,
        NaN,
        NaN,
        NaN,
        NaN,
        NaN,
        NaN,
        NaN,
        NaN,
        NaN,
        NaN,
        NaN,
        NaN,
        NaN,
        NaN,
        NaN,
        NaN,
        NaN,
        NaN,
        NaN,
        NaN,
        NaN,
        NaN,
        NaN,
        NaN,
        NaN,
        NaN,
        NaN,
        NaN,
        NaN,
        NaN,
        NaN,
        NaN,
        NaN,
        NaN,
        NaN,
        NaN,
        NaN,
        NaN,
        NaN,
        NaN,
        NaN,
        NaN,
        NaN,
        NaN,
        NaN,
        NaN,
        NaN,
        NaN,
        NaN,
        NaN,
        NaN,
        NaN,
        NaN,
        NaN,
        NaN,
        NaN,
        NaN,
        NaN,
        NaN,
        NaN,
        NaN,
        NaN,
        NaN,
        NaN,
        NaN,
        NaN,
        NaN,
        NaN,
        NaN,
        NaN,
        NaN,
        NaN,
        NaN,
        NaN,
        NaN,
        NaN,
        NaN,
        NaN,
        NaN,
        NaN,
        NaN,
        NaN,
        NaN
    ],