{
    "avg_iou": 0.328981872314899,
    "thresh": 0.2885868549346924,
    "ious_at_thresh": [
        0.42182276162125026,
        0.34135849580240063,
        0.22248917162966975,
        0.3675204239346434,
        0.16911184729452594,
        0.47418589544440365,
        0.15895011411803064,
        0.20844713226687475,
        0.5472976613859252,
        0.12931455055494573,
        0.36729939745151624,
        0.28298031737383367,
        0.35635834058132243,
        0.1981961769720901,
        0.4595185211721717,
        0.12491440868629561,
        0.2843234090588401,
        0.36420099320081534,
        0.512137989778535,
        0.25435763531001626,
        0.42774136568586435,
        0.22433654748698695,
        0.6774902071330832,
        0.4934721729183923,
        0.18360821928490662,
        0.44286646398178614,
        0.3274204859535498,
        0.18294369029663146,
        0.23062402842549412,
        0.4341677446421704,
        NaN,
        NaN,
        NaN,
        NaN,
        NaN,
        NaN,
        NaN,
        NaN,
        NaN,
        NaN,
        NaN,
        NaN
    ],
    "image_classes": [
        1,
        1,
        1,
        1,
        1,
        1,
        1,
        1,
        1,
        1,
        1,
        1,
        1,
        1,
        1,
        1,
        1,
        1,
        1,
        1,
        1,
        1,
        1,
        1,
        1,
        1,
        1,
        1,
        1,
        1,
        0,
        0,
        0,
        0,
        0,
        0,
        0,
        0,
        0,
        0,
        0,
        0
    ],
    "paths": [
        "MVTec/toothbrush/test/defective/000.png",
        "MVTec/toothbrush/test/defective/001.png",
        "MVTec/toothbrush/test/defective/002.png",
        "MVTec/toothbrush/test/defective/003.png",
        "MVTec/toothbrush/test/defective/004.png",
        "MVTec/toothbrush/test/defective/005.png",
        "MVTec/toothbrush/test/defective/006.png",
        "MVTec/toothbrush/test/defective/007.png",
        "MVTec/toothbrush/test/defective/008.png",
        "MVTec/toothbrush/test/defective/009.png",
        "MVTec/toothbrush/test/defective/010.png",
        "MVTec/toothbrush/test/defective/011.png",
        "MVTec/toothbrush/test/defective/012.png",
        "MVTec/toothbrush/test/defective/013.png",
        "MVTec/toothbrush/test/defective/014.png",
        "MVTec/toothbrush/test/defective/015.png",
        "MVTec/toothbrush/test/defective/016.png",
        "MVTec/toothbrush/test/defective/017.png",
        "MVTec/toothbrush/test/defective/018.png",
        "MVTec/toothbrush/test/defective/019.png",
        "MVTec/toothbrush/test/defective/020.png",
        "MVTec/toothbrush/test/defective/021.png",
        "MVTec/toothbrush/test/defective/022.png",
        "MVTec/toothbrush/test/defective/023.png",
        "MVTec/toothbrush/test/defective/024.png",
        "MVTec/toothbrush/test/defective/025.png",
        "MVTec/toothbrush/test/defective/026.png",
        "MVTec/toothbrush/test/defective/027.png",
        "MVTec/toothbrush/test/defective/028.png",
        "MVTec/toothbrush/test/defective/029.png",
        "MVTec/toothbrush/test/good/000.png",
        "MVTec/toothbrush/test/good/001.png",
        "MVTec/toothbrush/test/good/002.png",
        "MVTec/toothbrush/test/good/003.png",
        "MVTec/toothbrush/test/good/004.png",
        "MVTec/toothbrush/test/good/005.png",
        "MVTec/toothbrush/test/good/006.png",
        "MVTec/toothbrush/test/good/007.png",
        "MVTec/toothbrush/test/good/008.png",
        "MVTec/toothbrush/test/good/009.png",
        "MVTec/toothbrush/test/good/010.png",
        "MVTec/toothbrush/test/good/011.png"
    ],
    "min_thresh": 0.030347686260938644
}