{
    "avg_iou": 0.3970473214326249,
    "thresh": 0.6481967568397522,
    "ious_at_thresh": [
        0.4108561924122819,
        0.5538245832684219,
        0.27709552460232423,
        0.41243559312221384,
        0.4766659045296344,
        0.48249027237354086,
        0.4568656244772013,
        0.46216646234904407,
        0.6050580287545471,
        0.22722421194943193,
        0.5478082542937708,
        0.5778172927317181,
        0.38489444637412684,
        0.3790605546123373,
        0.38286995017318987,
        0.6822979603127229,
        0.5297591477535897,
        0.5242256160879366,
        0.4083036431410507,
        0.4557408064325411,
        0.5616286195802053,
        0.4786841221886539,
        0.4236636409480585,
        0.5613502749857766,
        0.35743447374867315,
        0.42609475414736214,
        0.40078855675774805,
        0.006351295049609477,
        0.0,
        0.16846011131725416,
        0.3572428559664004,
        0.0,
        0.0,
        0.0,
        0.0,
        0.3927018339950841,
        0.39207214991629313,
        0.0,
        0.4891873939036091,
        0.2674246586922524,
        0.6350253982514945,
        0.6083612236509893,
        0.6149978605049209,
        0.7750405186385737,
        0.4486059092800666,
        0.5382955771305286,
        0.4635659423619773,
        0.5500980863900508,
        0.45654967003445657,
        0.687982843077523,
        0.6125868488733638,
        0.7242830175805681,
        0.6819672131147541,
        0.4251913465907105,
        0.3876586950103336,
        0.48047703180212015,
        0.5472047871475495,
        0.45520569311756676,
        0.5496185049256326,
        0.5445735027223231,
        0.45647223681905763,
        0.49931172291296627,
        0.5147632311977716,
        0.5194422587787517,
        0.4531113284265788,
        0.12617790550023392,
        0.13485252758347155,
        0.08017727639000806,
        0.15750266051791414,
        0.15734806629834255,
        0.0,
        0.14231136580706782,
        0.046192259675405745,
        0.0,
        0.20898258478460127,
        0.502606882168926,
        0.45677379983726607,
        0.6015681983953318,
        0.6245697643632513,
        0.6930384444114591,
        0.009549276311657081,
        0.26669466610667786,
        0.005182140625412556,
        0.4225770925110132,
        0.00541032167148383,
        0.5611152141802068,
        0.14398897692042714,
        0.585929440891273,
        0.5914175989313741,
        0.8185340652244107,
        0.4975028193974545,
        0.4911242603550296,
        0.00773964773455167,
        0.29108810906336785,
        0.4102119717371017,
        0.5980830670926518,
        0.6986574504851788,
        0.38401916572717026,
        0.5550351288056206,
        0.2778347344679106,
        NaN,
        NaN,
        NaN,
        NaN,
        NaN,
        NaN,
        NaN,
        NaN,
        NaN,
        NaN,
        NaN,
        NaN,
        NaN,
        NaN,
        NaN,
        NaN,
        NaN,
        NaN,
        NaN,
        NaN,
        NaN,
        NaN,
        NaN,
        NaN,
        NaN,
        NaN,
        NaN,
        NaN,
        NaN,
        NaN,
        NaN,
        NaN,
        NaN,
        NaN,
        NaN,
        NaN,
        NaN,
        NaN,
        NaN,
        NaN,
        NaN,
        NaN,
        NaN,
        NaN,
        NaN,
        NaN,
        NaN,
        NaN,
        NaN,
        NaN
    ],
    "image_classes": [
        1,
        1,
        1,
        1,
        1,
        1,
        1,
        1,
        1,
        1,
        1,
        1,
        1,
        1,
        1,
        1,
        1,
        1,
        1,
        1,
        1,
        1,
        1,
        1,
        1,
        1,
        1,
        1,
        1,
        1,
        1,
        1,
        1,
        1,
        1,
        1,
        1,
        1,
        1,
        1,
        1,
        1,
        1,
        1,
        1,
        1,
        1,
        1,
        1,
        1,
        1,
        1,
        1,
        1,
        1,
        1,
        1,
        1,
        1,
        1,
        1,
        1,
        1,
        1,
        1,
        1,
        1,
        1,
        1,
        1,
        1,
        1,
        1,
        1,
        1,
        1,
        1,
        1,
        1,
        1,
        1,
        1,
        1,
        1,
        1,
        1,
        1,
        1,
        1,
        1,
        1,
        1,
        1,
        1,
        1,
        1,
        1,
        1,
        1,
        1,
        0,
        0,
        0,
        0,
        0,
        0,
        0,
        0,
        0,
        0,
        0,
        0,
        0,
        0,
        0,
        0,
        0,
        0,
        0,
        0,
        0,
        0,
        0,
        0,
        0,
        0,
        0,
        0,
        0,
        0,
        0,
        0,
        0,
        0,
        0,
        0,
        0,
        0,
        0,
        0,
        0,
        0,
        0,
        0,
        0,
        0,
        0,
        0,
        0,
        0
    ],