{
    "shared_fpr_metric": "mean-per-image-fpr",
    "fpr_lower_bound": 1e-05,
    "fpr_upper_bound": 0.0001,
    "num_threshs": null,
    "thresh_lower_bound": -0.3157097101211548,
    "thresh_upper_bound": -0.19064253568649292,
    "aupimos": [
        1.0,
        1.0,
        0.9575519626020065,
        0.8634497949240755,
        1.0,
        1.0,
        1.0,
        0.3620343991721261,
        0.968347538077463,
        0.9379633147398512,
        0.28144742147952734,
        1.0,
        0.681982936129288,
        0.0,
        1.0,
        0.02919623874541953,
        0.3848405391967084,
        0.619874552822198,
        1.0,
        0.9243640127362996,
        0.9399301562003719,
        0.0,
        0.0,
        1.0,
        0.5319258189902896,
        0.0,
        0.0,
        0.9257176665127068,
        0.0,
        1.0,
        0.981369071273234,
        1.0,
        1.0,
        0.0,
        0.0,
        0.0,
        0.0,
        0.0,
        0.0,
        1.0,
        0.05493047258755931,
        1.0,
        0.8798330545000249,
        0.4538842160258729,
        0.8966567209374444,
        0.6431487117839616,
        0.3346991918851759,
        0.8559548757135363,
        0.37548432216504146,
        0.6309299131841422,
        0.7389596313430824,
        0.6024650131348027,
        0.7385120887749822,
        0.8360737563627845,
        0.4032292577769632,
        0.292394956020252,
        0.5562514064160916,
        0.2363291777889412,
        0.6985808238898472,
        0.5219002126589939,
        0.004092345914892751,
        0.3605005122787021,
        1.0,
        1.0,
        1.0,
        0.0,
        0.8542567064811675,
        1.0,
        1.0,
        1.0,
        1.0,
        1.0,
        1.0,
        1.0,
        1.0,
        1.0,
        1.0,
        1.0,
        1.0,
        1.0,
        0.20141242526724806,
        0.5219360590867163,
        0.8331559466343498,
        0.6888220495858385,
        1.0,
        0.4816731437472377,
        0.9664585449886085,
        0.9866789875467243,
        0.0,
        1.0,
        0.0,
        0.0,
        0.0,
        0.10170145573961306,
        0.0,
        0.037940477050962776,
        0.6412630650684212,
        0.0,
        0.0,
        0.0,
        NaN,
        NaN,
        NaN,
        NaN,
        NaN,
        NaN,
        NaN,
        NaN,
        NaN,
        NaN,
        NaN,
        NaN,
        NaN,
        NaN,
        NaN,
        NaN,
        NaN,
        NaN,
        NaN,
        NaN,
        NaN,
        NaN,
        NaN,
        NaN,
        NaN,
        NaN,
        NaN,
        NaN,
        NaN,
        NaN,
        NaN,
        NaN,
        NaN,
        NaN,
        NaN,
        NaN,
        NaN,
        NaN,
        NaN,
        NaN,
        NaN,
        NaN,
        NaN,
        NaN,
        NaN,
        NaN,
        NaN,
        NaN,
        NaN,
        NaN
    ],
    "paths": [
        "VisA/visa_pytorch/fryum/test/bad/000.JPG",
        "VisA/visa_pytorch/fryum/test/bad/001.JPG",
        "VisA/visa_pytorch/fryum/test/bad/002.JPG",
        "VisA/visa_pytorch/fryum/test/bad/003.JPG",
        "VisA/visa_pytorch/fryum/test/bad/004.JPG",
        "VisA/visa_pytorch/fryum/test/bad/005.JPG",
        "VisA/visa_pytorch/fryum/test/bad/006.JPG",
        "VisA/visa_pytorch/fryum/test/bad/007.JPG",
        "VisA/visa_pytorch/fryum/test/bad/008.JPG",
        "VisA/visa_pytorch/fryum/test/bad/009.JPG",
        "VisA/visa_pytorch/fryum/test/bad/010.JPG",
        "VisA/visa_pytorch/fryum/test/bad/011.JPG",
        "VisA/visa_pytorch/fryum/test/bad/012.JPG",
        "VisA/visa_pytorch/fryum/test/bad/013.JPG",
        "VisA/visa_pytorch/fryum/test/bad/014.JPG",
        "VisA/visa_pytorch/fryum/test/bad/015.JPG",
        "VisA/visa_pytorch/fryum/test/bad/016.JPG",
        "VisA/visa_pytorch/fryum/test/bad/017.JPG",
        "VisA/visa_pytorch/fryum/test/bad/018.JPG",
        "VisA/visa_pytorch/fryum/test/bad/019.JPG",
        "VisA/visa_pytorch/fryum/test/bad/020.JPG",
        "VisA/visa_pytorch/fryum/test/bad/021.JPG",
        "VisA/visa_pytorch/fryum/test/bad/022.JPG",
        "VisA/visa_pytorch/fryum/test/bad/023.JPG",
        "VisA/visa_pytorch/fryum/test/bad/024.JPG",
        "VisA/visa_pytorch/fryum/test/bad/025.JPG",
        "VisA/visa_pytorch/fryum/test/bad/026.JPG",
        "VisA/visa_pytorch/fryum/test/bad/027.JPG",
        "VisA/visa_pytorch/fryum/test/bad/028.JPG",
        "VisA/visa_pytorch/fryum/test/bad/029.JPG",
        "VisA/visa_pytorch/fryum/test/bad/030.JPG",
        "VisA/visa_pytorch/fryum/test/bad/031.JPG",
        "VisA/visa_pytorch/fryum/test/bad/032.JPG",
        "VisA/visa_pytorch/fryum/test/bad/033.JPG",
        "VisA/visa_pytorch/fryum/test/bad/034.JPG",
        "VisA/visa_pytorch/fryum/test/bad/035.JPG",
        "VisA/visa_pytorch/fryum/test/bad/036.JPG",
        "VisA/visa_pytorch/fryum/test/bad/037.JPG",
        "VisA/visa_pytorch/fryum/test/bad/038.JPG",
        "VisA/visa_pytorch/fryum/test/bad/039.JPG",
        "VisA/visa_pytorch/fryum/test/bad/040.JPG",
        "VisA/visa_pytorch/fryum/test/bad/041.JPG",
        "VisA/visa_pytorch/fryum/test/bad/042.JPG",
        "VisA/visa_pytorch/fryum/test/bad/043.JPG",
        "VisA/visa_pytorch/fryum/test/bad/044.JPG",
        "VisA/visa_pytorch/fryum/test/bad/045.JPG",
        "VisA/visa_pytorch/fryum/test/bad/046.JPG",
        "VisA/visa_pytorch/fryum/test/bad/047.JPG",
        "VisA/visa_pytorch/fryum/test/bad/048.JPG",
        "VisA/visa_pytorch/fryum/test/bad/049.JPG",
        "VisA/visa_pytorch/fryum/test/bad/050.JPG",
        "VisA/visa_pytorch/fryum/test/bad/051.JPG",
        "VisA/visa_pytorch/fryum/test/bad/052.JPG",
        "VisA/visa_pytorch/fryum/test/bad/053.JPG",
        "VisA/visa_pytorch/fryum/test/bad/054.JPG",
        "VisA/visa_pytorch/fryum/test/bad/055.JPG",
        "VisA/visa_pytorch/fryum/test/bad/056.JPG",
        "VisA/visa_pytorch/fryum/test/bad/057.JPG",
        "VisA/visa_pytorch/fryum/test/bad/058.JPG",
        "VisA/visa_pytorch/fryum/test/bad/059.JPG",
        "VisA/visa_pytorch/fryum/test/bad/060.JPG",
        "VisA/visa_pytorch/fryum/test/bad/061.JPG",
        "VisA/visa_pytorch/fryum/test/bad/062.JPG",
        "VisA/visa_pytorch/fryum/test/bad/063.JPG",
        "VisA/visa_pytorch/fryum/test/bad/064.JPG",
        "VisA/visa_pytorch/fryum/test/bad/065.JPG",
        "VisA/visa_pytorch/fryum/test/bad/066.JPG",
        "VisA/visa_pytorch/fryum/test/bad/067.JPG",
        "VisA/visa_pytorch/fryum/test/bad/068.JPG",
        "VisA/visa_pytorch/fryum/test/bad/069.JPG",
        "VisA/visa_pytorch/fryum/test/bad/070.JPG",
        "VisA/visa_pytorch/fryum/test/bad/071.JPG",
        "VisA/visa_pytorch/fryum/test/bad/072.JPG",
        "VisA/visa_pytorch/fryum/test/bad/073.JPG",
        "VisA/visa_pytorch/fryum/test/bad/074.JPG",
        "VisA/visa_pytorch/fryum/test/bad/075.JPG",
        "VisA/visa_pytorch/fryum/test/bad/076.JPG",
        "VisA/visa_pytorch/fryum/test/bad/077.JPG",
        "VisA/visa_pytorch/fryum/test/bad/078.JPG",
        "VisA/visa_pytorch/fryum/test/bad/079.JPG",
        "VisA/visa_pytorch/fryum/test/bad/080.JPG",
        "VisA/visa_pytorch/fryum/test/bad/081.JPG",
        "VisA/visa_pytorch/fryum/test/bad/082.JPG",
        "VisA/visa_pytorch/fryum/test/bad/083.JPG",
        "VisA/visa_pytorch/fryum/test/bad/084.JPG",
        "VisA/visa_pytorch/fryum/test/bad/085.JPG",
        "VisA/visa_pytorch/fryum/test/bad/086.JPG",
        "VisA/visa_pytorch/fryum/test/bad/087.JPG",
        "VisA/visa_pytorch/fryum/test/bad/088.JPG",
        "VisA/visa_pytorch/fryum/test/bad/089.JPG",
        "VisA/visa_pytorch/fryum/test/bad/090.JPG",
        "VisA/visa_pytorch/fryum/test/bad/091.JPG",
        "VisA/visa_pytorch/fryum/test/bad/092.JPG",
        "VisA/visa_pytorch/fryum/test/bad/093.JPG",
        "VisA/visa_pytorch/fryum/test/bad/094.JPG",
        "VisA/visa_pytorch/fryum/test/bad/095.JPG",
        "VisA/visa_pytorch/fryum/test/bad/096.JPG",
