{
    "avg_iou": 0.2072864064006342,
    "thresh": 2.6573679447174072,
    "ious_at_thresh": [
        0.17192058528703302,
        0.46768502872592094,
        0.312785341386017,
        0.10993349327340642,
        0.5331681600566308,
        0.1777740379221362,
        0.5234915441111091,
        0.43440430537204733,
        0.13152772304422072,
        0.21470973571267224,
        0.0,
        0.3923469919716401,
        0.4345951251431376,
        0.07480720707914283,
        0.26596664427373895,
        0.25825098478230163,
        0.2870939420544337,
        0.350462962962963,
        0.36264231499051236,
        NaN,
        NaN,
        NaN,
        NaN,
        NaN,
        NaN,
        NaN,
        NaN,
        NaN,
        NaN,
        NaN,
        NaN,
        NaN,
        NaN,
        NaN,
        NaN,
        NaN,
        NaN,
        NaN,
        0.2923712230604175,
        0.15725399208407262,
        0.0,
        0.0,
        0.0,
        0.0,
        0.0,
        0.0,
        0.0,
        0.10199789695057834,
        0.3384034468880945,
        0.4618872281161906,
        0.37909372498520866,
        0.22246961263205725,
        0.274276946359509,
        0.24141117689472028,
        0.279455466091143,
        0.4295936453751723,
        0.3884990519013069,
        0.32254758077666734,
        0.0,
        0.0,
        0.3876776349179496,
        0.22403235773271166,
        0.07086123656751285,
        0.35004461430342465,
        0.0,
        0.6032148199667698,
        0.18166276346604215,
        0.16854798138598917,
        0.09432836457012563,
        0.04764158996725077,
        0.0,
        0.08228223772073008,
        0.01921272843258659,
        0.07792824899025896,
        0.16420607336075593,
        0.0,
        0.4034332018338842,
        0.14810021569603452,
        0.02118319486182311
    ],
    "image_classes": [
        1,
        1,
        1,
        1,
        1,
        1,
        1,
        1,
        1,
        1,
        1,
        1,
        1,
        1,
        1,
        1,
        1,
        1,
        1,
        0,
        0,
        0,
        0,
        0,
        0,
        0,
        0,
        0,
        0,
        0,
        0,
        0,
        0,
        0,
        0,
        0,
        0,
        0,
        1,
        1,
        1,
        1,
        1,
        1,
        1,
        1,
        1,
        1,
        1,
        1,
        1,
        1,
        1,
        1,
        1,
        1,
        1,
        1,
        1,
        1,
        1,
        1,
        1,
        1,
        1,
        1,
        1,
        1,
        1,
        1,
        1,
        1,
        1,
        1,
        1,
        1,
        1,
        1,
        1
    ],
    "paths": [
        "MVTec/wood/test/color/000.png",
        "MVTec/wood/test/color/001.png",
        "MVTec/wood/test/color/002.png",
        "MVTec/wood/test/color/003.png",
        "MVTec/wood/test/color/004.png",
        "MVTec/wood/test/color/005.png",
        "MVTec/wood/test/color/006.png",
        "MVTec/wood/test/color/007.png",
        "MVTec/wood/test/combined/000.png",
        "MVTec/wood/test/combined/001.png",
        "MVTec/wood/test/combined/002.png",
        "MVTec/wood/test/combined/003.png",
        "MVTec/wood/test/combined/004.png",
        "MVTec/wood/test/combined/005.png",
        "MVTec/wood/test/combined/006.png",
        "MVTec/wood/test/combined/007.png",
        "MVTec/wood/test/combined/008.png",
        "MVTec/wood/test/combined/009.png",
        "MVTec/wood/test/combined/010.png",
        "MVTec/wood/test/good/000.png",
        "MVTec/wood/test/good/001.png",
        "MVTec/wood/test/good/002.png",
        "MVTec/wood/test/good/003.png",
        "MVTec/wood/test/good/004.png",
        "MVTec/wood/test/good/005.png",
        "MVTec/wood/test/good/006.png",
        "MVTec/wood/test/good/007.png",
        "MVTec/wood/test/good/008.png",
        "MVTec/wood/test/good/009.png",
        "MVTec/wood/test/good/010.png",
        "MVTec/wood/test/good/011.png",
        "MVTec/wood/test/good/012.png",
        "MVTec/wood/test/good/013.png",
        "MVTec/wood/test/good/014.png",
        "MVTec/wood/test/good/015.png",
        "MVTec/wood/test/good/016.png",
        "MVTec/wood/test/good/017.png",
        "MVTec/wood/test/good/018.png",
        "MVTec/wood/test/hole/000.png",
        "MVTec/wood/test/hole/001.png",
        "MVTec/wood/test/hole/002.png",
        "MVTec/wood/test/hole/003.png",
        "MVTec/wood/test/hole/004.png",
        "MVTec/wood/test/hole/005.png",
        "MVTec/wood/test/hole/006.png",
        "MVTec/wood/test/hole/007.png",
        "MVTec/wood/test/hole/008.png",
        "MVTec/wood/test/hole/009.png",
        "MVTec/wood/test/liquid/000.png",
        "MVTec/wood/test/liquid/001.png",
        "MVTec/wood/test/liquid/002.png",
        "MVTec/wood/test/liquid/003.png",
        "MVTec/wood/test/liquid/004.png",
        "MVTec/wood/test/liquid/005.png",
        "MVTec/wood/test/liquid/006.png",
        "MVTec/wood/test/liquid/007.png",
        "MVTec/wood/test/liquid/008.png",
        "MVTec/wood/test/liquid/009.png",
        "MVTec/wood/test/scratch/000.png",
        "MVTec/wood/test/scratch/001.png",
        "MVTec/wood/test/scratch/002.png",
        "MVTec/wood/test/scratch/003.png",
        "MVTec/wood/test/scratch/004.png",
        "MVTec/wood/test/scratch/005.png",
        "MVTec/wood/test/scratch/006.png",
        "MVTec/wood/test/scratch/007.png",
        "MVTec/wood/test/scratch/008.png",
        "MVTec/wood/test/scratch/009.png",
        "MVTec/wood/test/scratch/010.png",
        "MVTec/wood/test/scratch/011.png",
        "MVTec/wood/test/scratch/012.png",
        "MVTec/wood/test/scratch/013.png",
        "MVTec/wood/test/scratch/014.png",
        "MVTec/wood/test/scratch/015.png",
        "MVTec/wood/test/scratch/016.png",
        "MVTec/wood/test/scratch/017.png",
        "MVTec/wood/test/scratch/018.png",
        "MVTec/wood/test/scratch/019.png",
        "MVTec/wood/test/scratch/020.png"
    ],
    "min_thresh": 2.6568703651428223
}