{
    "shared_fpr_metric": "mean-per-image-fpr",
    "fpr_lower_bound": 1e-05,
    "fpr_upper_bound": 0.0001,
    "num_threshs": 3276,
    "thresh_lower_bound": 0.37438380462271614,
    "thresh_upper_bound": 0.41692757756326737,
    "aupimos": [
        NaN,
        NaN,
        NaN,
        NaN,
        NaN,
        NaN,
        NaN,
        NaN,
        NaN,
        NaN,
        NaN,
        NaN,
        NaN,
        NaN,
        NaN,
        NaN,
        NaN,
        NaN,
        NaN,
        NaN,
        NaN,
        NaN,
        NaN,
        NaN,
        NaN,
        NaN,
        NaN,
        NaN,
        NaN,
        NaN,
        NaN,
        NaN,
        NaN,
        NaN,
        NaN,
        NaN,
        NaN,
        NaN,
        NaN,
        NaN,
        NaN,
        0.46041757507022807,
        0.9637114041545188,
        0.0,
        0.9045138688479053,
        0.9233506201769224,
        0.9913928524762672,
        0.7592918163844453,
        0.9266199525287868,
        0.9517425105873936,
        0.3892608188720645,
        0.7787662678001559,
        0.6256582256396507,
        0.7534310030355491,
        0.7137352122410416,
        0.7900547903752733,
        0.918170551034583,
        0.8759258469668499,
        0.6267897919327036,
        0.28452651467245405,
        0.39534475203702707,
        0.002363196358377691,
        0.3132625990383583,
        0.725184582293169,
        0.01654144167000907,
        0.9997979555758384,
        0.9997979555758384,
        0.9889487140465947,
        0.9882096053162973,
        0.9980093278568537,
        0.47490738606914945,
        0.9997617063380424,
        0.9997979555758384,
        0.9997979555758384,
        0.8774793983515117,
        0.9586637767329138,
        0.9997979555758384,
        0.9997979555758384,
        0.9997979555758384,
        0.9924866368633082,
        0.9997979555758384,
        0.9997979555758384,
        0.9894695103013663,
        0.9741282165363042,
        0.9997979555758384,
        0.9997979555758384,
        0.7742806029023037,
        0.7697566771979569,
        0.9997979555758384,
        0.9737121452863315,
        0.9997979555758384,
        0.9552253924965335,
        0.9925125189415017,
        0.9522410373690496,
        0.0038343198906658103,
        0.9977523167068945,
        0.9997979555758384,
        0.9997979555758384,
        0.9997979555758384,
        0.8639066686189594,
        0.9995079160967341,
        0.9997979555758384,
        0.9997979555758384,
        0.9997979555758384,
        0.9997979555758384,
        0.9997979555758384,
        0.9947555371823923,
        0.9997979555758384,
        0.9735393660329895,
        0.9997979555758384,
        0.9990982764288017,
        0.9997979555758384,
        0.9997979555758384,
        0.9918387556845425,
        0.0,
        0.3845541395615523,
        0.5309280248932448,
        0.4064229657817647,
        0.3421852391753895,
        0.9329058621716113,
        0.31482615293351085,
        0.9663594949191145,
        0.725648370152776,
        0.0,
        0.024599874505568036,
        0.6223144385190389,
        0.4276421952168391,
        0.47118977671731105,
        0.6483579295728586,
        0.0,
        0.8574258947888818,
        0.7545331162845534,
        0.6778561109580671,
        0.0,
        0.9090255217442266,
        0.7651080217959597,
        0.9010026987900639,
        0.8809447734662005,
        0.9685672465856701,
        0.896879396372516,
        0.6818362051461626,
        0.8829273445304373,
        0.9812182809913108,
        0.9441236133395496,
        0.9997979555758384,
        0.6447008099719345,
        0.981633798673767,
        0.9691431000001113,
        0.9869063177377521,
        0.7623561618893845,
        0.947939649476581,
        0.7313515825635931,
        0.07822214764208985,
        0.9097396890161356,
        0.9997979555758384,
        0.9886494605167853,
        0.9018625206384199,
        0.9702246385607293,
        0.9760815833606451,
        0.9997979555758384
    ],