{
    "avg_iou": 0.3705266494750688,
    "thresh": 0.13386762142181396,
    "ious_at_thresh": [
        0.12427071178529756,
        0.10598015160947742,
        0.1396570564007733,
        0.12496013041783322,
        0.14099186805635094,
        0.17217429448749816,
        0.11982048444608386,
        0.1118546845124283,
        0.05251004016064257,
        0.04831712789827973,
        0.21022993899577663,
        0.05159256801592568,
        0.04064700550791327,
        0.0472231744943435,
        0.11521672302490009,
        0.04316546762589928,
        0.1069078947368421,
        0.12032016524657888,
        0.10003431708991077,
        0.18273913890512372,
        0.10799766491535318,
        0.11715395624616642,
        0.20175398736765573,
        0.14229717038912254,
        0.08654722137868205,
        0.35891112145183807,
        0.5119480268870807,
        0.24405911183721968,
        0.26749559334953077,
        0.31906807666886977,
        0.2798718975180144,
        0.2884695479447666,
        0.2772804010845654,
        0.45909697778856656,
        0.3106605624591236,
        0.26874693677503675,
        0.2726753728680511,
        0.12846026020346127,
        0.29255090643526077,
        0.09227104884854977,
        0.30597628436468016,
        0.3885036496350365,
        0.3657648794884407,
        0.6107528682689892,
        0.4635313531353135,
        0.3392515230635335,
        0.479807836661162,
        0.36278391331527404,
        0.5761212121212121,
        0.47400224016978126,
        0.33262464122462,
        0.5351057277766372,
        0.6088550636075774,
        0.3775550812199269,
        0.5460502366217692,
        0.26885201672737086,
        0.25421788382742827,
        0.31890259987689423,
        0.5584400047852613,
        0.5191060941194416,
        0.611728614618531,
        0.5138670219207945,
        0.733710174717369,
        0.5414349775784754,
        0.0,
        0.350036469730124,
        0.26804123711340205,
        0.3622716585277627,
        0.40271085693700187,
        0.1927150351380778,
        0.20583103097280792,
        0.008559201141226819,
        0.6079201440026182,
        0.4750800996796013,
        0.3111008539118394,
        0.26584761511459837,
        0.3010110294117647,
        0.34598589183742023,
        0.3495274102079395,
        0.19380355965721818,
        0.5401019208153666,
        0.4925393472780541,
        0.3039817657456508,
        0.012609256340449921,
        0.4010828211881768,
        0.4090612473198471,
        0.5622768540242783,
        0.043243243243243246,
        0.07990298457185205,
        0.6093836450149386,
        0.5512021371326803,
        0.3484003281378179,
        0.2875816993464052,
        0.40138473053892215,
        0.53887002991295,
        0.2827593081792354,
        0.7021407284391564,
        0.3988338423703939,
        0.39747290103264704,
        0.7479936349799363,
        0.5778713327193791,
        0.4718744489508023,
        0.42974803576266596,
        0.6686261496160045,
        0.6945004104171331,
        0.5987726739463948,
        0.729920223065603,
        0.6562433974223537,
        NaN,
        NaN,
        NaN,
        NaN,
        NaN,
        NaN,
        NaN,
        NaN,
        NaN,
        NaN,
        NaN,
        NaN,
        NaN,
        NaN,
        NaN,
        NaN,
        NaN,
        NaN,
        NaN,
        NaN,
        NaN,
        NaN,
        NaN,
        NaN,
        NaN,
        NaN,
        0.7377838777876288,
        0.5217702324376563,
        0.7600011839004339,
        0.8496753624030444,
        0.7566737936927653,
        0.522717494362954,
        0.5177735708583907,
        0.8598094959504178,
        0.792477021554202,
        0.4596718280563901,
        0.4952316076294278,
        0.5763986835919135,
        0.41738780438720063,
        0.022087434195468072,
        0.45781710914454277,
        0.3409124248203022,
        0.6022051923678449,
        0.4492275424595867,
        0.45418159517123396,
        0.387852593266606,
        0.3461068604127821,
        0.48970490558876556,
        0.7633032954022232,
        0.48481279948022415,
        0.29921453117329405,
        0.3464616680707666,
        0.39416522766518225,
        0.6349098332766248,
        0.4635238346062681,
        0.3498299133106551,
        0.2986420218785364,
        0.33249654826157904,
        0.20773441324373637
    ],
    "image_classes": [
        1,
        1,
        1,
        1,
        1,
        1,
        1,
        1,
        1,
        1,
        1,
        1,
        1,
        1,
        1,
        1,
        1,
        1,
        1,
        1,
        1,
        1,
        1,
        1,
        1,
        1,
        1,
        1,
        1,
        1,
        1,
        1,
        1,
        1,
        1,
        1,
        1,
        1,
        1,
        1,
        1,
        1,
        1,
        1,
        1,
        1,
        1,
        1,
        1,
        1,
        1,
        1,
        1,
        1,
        1,
        1,
        1,
        1,
        1,
        1,
        1,
        1,
        1,
        1,
        1,
        1,
        1,
        1,
        1,
        1,
        1,
        1,
        1,
        1,
        1,
        1,
        1,
        1,
        1,
        1,
        1,
        1,
        1,
        1,
        1,
        1,
        1,
        1,
        1,
        1,
        1,
        1,
        1,
        1,
        1,
        1,
        1,
        1,
        1,
        1,
        1,
        1,
        1,
        1,
        1,
        1,
        1,
        1,
        0,
        0,
        0,
        0,
        0,
        0,
        0,
        0,
        0,
        0,
        0,
        0,
        0,
        0,
        0,
        0,
        0,
        0,
        0,
        0,
        0,
        0,
        0,
        0,
        0,
        0,
        1,
        1,
        1,
        1,
        1,
        1,
        1,
        1,
        1,
        1,
        1,
        1,
        1,
        1,
        1,
        1,
        1,
        1,
        1,
        1,
        1,
        1,
        1,
        1,
        1,
        1,
        1,
        1,
        1,
        1,
        1,
        1,
        1
    ],