{
    "shared_fpr_metric": "mean-per-image-fpr",
    "fpr_lower_bound": 1e-05,
    "fpr_upper_bound": 0.0001,
    "num_threshs": null,
    "thresh_lower_bound": 34.75905990600586,
    "thresh_upper_bound": 38.35314178466797,
    "aupimos": [
        0.007817491201823793,
        0.0239910960546058,
        0.0006398513810348274,
        0.06795300715770831,
        0.0,
        0.0,
        0.06677568299559751,
        0.0,
        0.0,
        0.0,
        0.6560053890618534,
        0.931325726400223,
        0.00030418908371610437,
        0.3412877144012487,
        0.1432042669959552,
        0.405834070875004,
        0.171711143092687,
        0.5802371776921452,
        0.07446338292358526,
        0.11078948372621118,
        0.0,
        0.9201860710329289,
        0.00026386646908449203,
        0.0,
        0.11138306595715555,
        0.2224620008556638,
        0.7302893971409098,
        0.7628384043647595,
        0.4491523256914726,
        0.0009016463003803247,
        0.3821826369169022,
        0.0481174854768546,
        0.9813686012466035,
        0.576907114565983,
        0.10183426512874767,
        0.3896404351607107,
        0.9453234021641973,
        0.8668678647334668,
        0.0,
        0.14122664295473678,
        0.07780802072161776,
        0.9998566448305504,
        0.14153364995915832,
        0.8795156230138486,
        0.45883650993271485,
        0.888035869222432,
        0.0,
        0.0,
        0.00019617834230858282,
        0.71717955377171,
        0.01658853443667809,
        0.0,
        0.7968950454076051,
        0.7248731494500079,
        0.005550981346701615,
        0.0,
        0.0,
        0.6529597423078939,
        0.0,
        1.9860640229407812e-05,
        0.0,
        0.0,
        0.7082337071343466,
        0.0,
        0.0,
        0.7139795768762115,
        0.03695799411928775,
        0.017963125610299002,
        0.7280124487784484,
        0.06811449303299952,
        0.003337245433397567,
        0.0,
        0.0,
        0.8497268271558986,
        0.0,
        0.3777821093455285,
        0.28216568094007,
        0.3159767500521367,
        0.1386161748504906,
        0.059924053710228735,
        0.18433498198090392,
        0.0,
        0.0,
        0.04944748652360963,
        0.035841166073521655,
        1.9170000408810736e-05,
        0.3328404191328317,
        0.26632001449675086,
        0.0005748578435030125,
        0.8519820922112363,
        0.76830967391081,
        0.12378562469030613,
        0.025871762162898448,
        0.3900402253586107,
        0.0,
        0.005810299954480219,
        0.0,
        0.0036531139068351876,
        0.023839948948914905,
        0.9025581175581501,
        NaN,
        NaN,
        NaN,
        NaN,
        NaN,
        NaN,
        NaN,
        NaN,
        NaN,
        NaN,
        NaN,
        NaN,
        NaN,
        NaN,
        NaN,
        NaN,
        NaN,
        NaN,
        NaN,
        NaN,
        NaN,
        NaN,
        NaN,
        NaN,
        NaN,
        NaN,
        NaN,
        NaN,
        NaN,
        NaN,
        NaN,
        NaN,
        NaN,
        NaN,
        NaN,
        NaN,
        NaN,
        NaN,
        NaN,
        NaN,
        NaN,
        NaN,
        NaN,
        NaN,
        NaN,
        NaN,
        NaN,
        NaN,
        NaN,
        NaN,
        NaN,
        NaN,
        NaN,
        NaN,
        NaN,
        NaN,
        NaN,
        NaN,
        NaN,
        NaN,
        NaN,
        NaN,
        NaN,
        NaN,
        NaN,
        NaN,
        NaN,
        NaN,
        NaN,
        NaN,
        NaN,
        NaN,
        NaN,
        NaN,
        NaN,
        NaN,
        NaN,
        NaN,
        NaN,
        NaN,
        NaN,
        NaN,
        NaN,
        NaN,
        NaN,
        NaN,
        NaN,
        NaN,
        NaN,
        NaN,
        NaN,
        NaN,
        NaN,
        NaN,
        NaN,
        NaN,
        NaN,
        NaN,
        NaN,
        NaN,
        NaN
    ],