{
    "avg_iou": 0.44908477328080126,
    "thresh": 0.7913205623626709,
    "ious_at_thresh": [
        0.3661981853762676,
        0.2184451955577016,
        0.36764803615338604,
        0.5036039754866161,
        0.6115139529773677,
        0.744491943439658,
        0.6490522442343075,
        0.5412027941497489,
        0.8002522465710232,
        0.6233442284534664,
        0.45204076407026167,
        0.48113319842875846,
        0.6608947959565705,
        0.6182109952134577,
        0.7829324596023531,
        0.27708184204247194,
        0.5751058538880301,
        0.6815387144501068,
        0.6396203306797306,
        0.46533712435462693,
        0.3593244071059771,
        0.20642458100558658,
        0.283160708319412,
        0.2519182859990035,
        0.47026536015925474,
        0.5319433585266267,
        0.4362927644172206,
        0.5043611111111111,
        0.5093913289083463,
        0.5466792668454133,
        0.42087200686373916,
        0.5621344600277761,
        0.2847022742489363,
        0.3238814214693427,
        0.3528440044519946,
        0.2609585853885528,
        0.28608707984683024,
        0.12781630813839584,
        0.23148998132379475,
        0.30218068535825543,
        0.3086930810171496,
        0.4087177430137719,
        0.40616748396831387,
        0.364882244192589,
        0.46504903774981493,
        0.2913369429404415,
        0.37822177070399216,
        0.3912917150921468,
        0.4419372138113114,
        0.24240453049667102,
        0.3567003355049438,
        0.3607526661477749,
        0.11149201643040242,
        0.4152766170817316,
        0.24863522352825457,
        0.6232660480244906,
        0.39255621896099546,
        0.16650568392896947,
        0.3918072102738666,
        0.48255643506303136,
        0.4155991056162041,
        0.5134110787172012,
        0.17571114121232645,
        0.2660721759005891,
        0.0,
        0.07736474052263526,
        0.2136969696969697,
        0.290460141687874,
        NaN,
        NaN,
        NaN,
        NaN,
        NaN,
        NaN,
        NaN,
        NaN,
        NaN,
        NaN,
        NaN,
        NaN,
        NaN,
        NaN,
        NaN,
        NaN,
        NaN,
        NaN,
        NaN,
        NaN,
        NaN,
        NaN,
        NaN,
        NaN,
        NaN,
        NaN,
        NaN,
        NaN,
        NaN,
        NaN,
        NaN,
        NaN,
        0.5940384240024538,
        0.6218284734817532,
        0.48148222454056655,
        0.5237576566763875,
        0.6150735225599642,
        0.5164652319394416,
        0.48300864762270346,
        0.6458495231367009,
        0.38772179122820494,
        0.6494298403552995,
        0.6690104788886234,
        0.6628472013918052,
        0.4227037250226133,
        0.509683227093572,
        0.612128990855126,
        0.503880883171501,
        0.5858024882876733,
        0.33550504203693504,
        0.4968062982768865,
        0.6549331528177357,
        0.28473028021231944,
        0.49449633735126547,
        0.4793140850162698,
        0.2505014614017995,
        0.2945747659040448,
        0.33653771004298555,
        0.6285828556192508,
        0.5394227552922063,
        0.6962135499782388,
        0.7079978648636627,
        0.4155603581352269,
        0.32823687350835323,
        0.5913872378602669,
        0.6258436825053996,
        0.5773884163079948,
        0.6222448287555103,
        0.5079157998660132,
        0.6378026070763501,
        0.6086866882001237,
        0.4779647435897436,
        0.37472035794183445,
        0.6148667867640087,
        0.17982409664088164,
        0.10472396129766648,
        0.31470262523614095,
        0.3879606697963257,
        0.3955941255006676,
        0.6137872977270602,
        0.542099364960777,
        0.7039000534253894,
        0.6186065243656866
    ],
    "image_classes": [
        1,
        1,
        1,
        1,
        1,
        1,
        1,
        1,
        1,
        1,
        1,
        1,
        1,
        1,
        1,
        1,
        1,
        1,
        1,
        1,
        1,
        1,
        1,
        1,
        1,
        1,
        1,
        1,
        1,
        1,
        1,
        1,
        1,
        1,
        1,
        1,
        1,
        1,
        1,
        1,
        1,
        1,
        1,
        1,
        1,
        1,
        1,
        1,
        1,
        1,
        1,
        1,
        1,
        1,
        1,
        1,
        1,
        1,
        1,
        1,
        1,
        1,
        1,
        1,
        1,
        1,
        1,
        1,
        0,
        0,
        0,
        0,
        0,
        0,
        0,
        0,
        0,
        0,
        0,
        0,
        0,
        0,
        0,
        0,
        0,
        0,
        0,
        0,
        0,
        0,
        0,
        0,
        0,
        0,
        0,
        0,
        0,
        0,
        0,
        0,
        1,
        1,
        1,
        1,
        1,
        1,
        1,
        1,
        1,
        1,
        1,
        1,
        1,
        1,
        1,
        1,
        1,
        1,
        1,
        1,
        1,
        1,
        1,
        1,
        1,
        1,
        1,
        1,
        1,
        1,
        1,
        1,
        1,
        1,
        1,
        1,
        1,
        1,
        1,
        1,
        1,
        1,
        1,
        1,
        1,
        1,
        1,
        1,
        1,
        1,
        1
    ],