{
    "shared_fpr_metric": "mean-per-image-fpr",
    "fpr_lower_bound": 1e-05,
    "fpr_upper_bound": 0.0001,
    "num_threshs": 4061,
    "thresh_lower_bound": -0.4186616539955139,
    "thresh_upper_bound": -0.34383144974708557,
    "aupimos": [
        0.0,
        0.8031103618326318,
        0.9997398655316634,
        0.0,
        0.9942776144767839,
        0.5997305496100158,
        0.7113780177914927,
        0.9856754696739146,
        0.9884968592457898,
        0.6161780481719329,
        0.4314615129936177,
        0.9926562123055902,
        0.35126909044356047,
        0.9997398655316634,
        0.5715562410393048,
        0.676589556320061,
        0.5689744587339122,
        0.4861339308776207,
        0.9662855319461161,
        0.7729486669447848,
        0.8134413438634389,
        0.8999627209187678,
        0.28665378616870724,
        0.37739871606252007,
        0.5284395886856859,
        0.5092060661576862,
        0.7397892418096227,
        0.952932188629735,
        0.9616449893444744,
        0.9186832916843339,
        0.468456259936862,
        0.29905154537862255,
        0.833979345879184,
        0.5775149839210103,
        0.8362961940140787,
        0.4263019600702671,
        0.0,
        0.7569786236365561,
        0.0249727143782327,
        0.8325981760405019,
        0.9997398655316634,
        0.9387508556784744,
        0.8812729035723431,
        0.23852059143544588,
        0.9664364026955551,
        0.2661139447852181,
        0.9906629058769959,
        0.8276986572335522,
        0.33985186769727227,
        0.5240632311649529,
        0.16993971601743715,
        0.001397789798831554,
        0.37625423642785666,
        0.06498901855008107,
        0.45950191281962155,
        0.48764090061984017,
        0.0,
        0.0,
        0.0,
        0.458875426642061,
        0.7021873422334054,
        0.9997398655316634,
        0.7067110799650506,
        0.26582757281599934,
        0.723027428608759,
        0.8641905137779384,
        0.22491659256506147,
        0.025797170977070235,
        0.7081596856701466,
        0.0,
        0.10035144845770202,
        0.060102428868136826,
        0.17183157400203064,
        0.0,
        0.8008935793782973,
        0.48040546482044255,
        0.9165415503134324,
        0.012896065356912042,
        0.8650649569692993,
        0.8958293717482816,
        0.8251931801091422,
        0.4226924920092958,
        0.05264935729890887,
        0.14979792020856056,
        0.39688610834068017,
        0.7286963867361991,
        0.8867690615171809,
        0.9874131395306167,
        0.5097940046021443,
        0.7319781113058179,
        0.7717037601690638,
        0.8024427210030975,
        0.6769095440450795,
        0.9036721025948244,
        0.7682372933555782,
        0.723763339725298,
        0.2574511036338534,
        0.9294389951761823,
        0.8486464925610965,
        0.9903119626979404,
        NaN,
        NaN,
        NaN,
        NaN,
        NaN,
        NaN,
        NaN,
        NaN,
        NaN,
        NaN,
        NaN,
        NaN,
        NaN,
        NaN,
        NaN,
        NaN,
        NaN,
        NaN,
        NaN,
        NaN,
        NaN,
        NaN,
        NaN,
        NaN,
        NaN,
        NaN,
        NaN,
        NaN,
        NaN,
        NaN,
        NaN,
        NaN,
        NaN,
        NaN,
        NaN,
        NaN,
        NaN,
        NaN,
        NaN,
        NaN,
        NaN,
        NaN,
        NaN,
        NaN,
        NaN,
        NaN,
        NaN,
        NaN,
        NaN,
        NaN,
        NaN,
        NaN,
        NaN,
        NaN,
        NaN,
        NaN,
        NaN,
        NaN,
        NaN,
        NaN,
        NaN,
        NaN,
        NaN,
        NaN,
        NaN,
        NaN,
        NaN,
        NaN,
        NaN,
        NaN,
        NaN,
        NaN,
        NaN,
        NaN,
        NaN,
        NaN,
        NaN,
        NaN,
        NaN,
        NaN,
        NaN,
        NaN,
        NaN,
        NaN,
        NaN,
        NaN,
        NaN,
        NaN,
        NaN,
        NaN,
        NaN,
        NaN,
        NaN,
        NaN,
        NaN,
        NaN,
        NaN,
        NaN,
        NaN,
        NaN
    ],