{
    "shared_fpr_metric": "mean-per-image-fpr",
    "fpr_lower_bound": 1e-05,
    "fpr_upper_bound": 0.0001,
    "num_threshs": 9614,
    "thresh_lower_bound": 0.17882703244686127,
    "thresh_upper_bound": 0.3551202416419983,
    "aupimos": [
        1.0,
        0.9634604414343932,
        1.0,
        0.9021377909044374,
        1.0,
        0.9991370373724232,
        0.9783924638027808,
        1.0,
        1.0,
        1.0,
        0.9970823603968645,
        1.0,
        0.9980276097137613,
        1.0,
        0.7351451502802825,
        1.0,
        1.0,
        1.0,
        0.5043435017209392,
        0.9731456872680998,
        1.0,
        1.0,
        0.9994716035350701,
        0.7522247350671398,
        1.0,
        1.0,
        0.0,
        0.9035170112984379,
        0.007725462723600518,
        1.0,
        1.0,
        1.0,
        1.0,
        1.0,
        1.0,
        1.0,
        1.0,
        0.9309049620340527,
        1.0,
        1.0,
        1.0,
        1.0,
        0.989869224385193,
        1.0,
        0.8774701592363746,
        0.0,
        0.374170254972858,
        0.0,
        0.5244085793876949,
        0.7686311298068448,
        0.6111948619602672,
        0.32103625909140937,
        2.9544289593214328e-05,
        0.0,
        0.9533989385246061,
        0.6422855910555502,
        0.8563954870658809,
        0.23468616691823435,
        0.33512964776955745,
        0.0,
        0.15586054989037446,
        0.3176844659898488,
        0.0,
        0.17220561442021526,
        0.0,
        0.0027971931113218514,
        0.07226817551279967,
        0.1260765127741426,
        0.040633660603528236,
        0.062058884927696685,
        0.9358784983275655,
        0.8729977363872413,
        0.4447910595954095,
        0.006823387884377294,
        0.38975540838782663,
        0.0,
        0.0,
        0.5920921746591244,
        0.0,
        0.6063982894371266,
        0.047943687446543405,
        0.03807954290222193,
        0.8372461298194792,
        0.6305919905406765,
        0.5041920771475501,
        0.8057854153525806,
        0.16694734171666664,
        0.03609939183720941,
        0.7575573170922734,
        0.8182804749422238,
        0.9914825121168557,
        0.861952539318261,
        0.41850755154172725,
        0.811024028891072,
        0.6247326115844761,
        0.9766516055606358,
        0.6926694609139475,
        0.509213409411864,
        0.525353987010688,
        0.25350675252650434,
        NaN,
        NaN,
        NaN,
        NaN,
        NaN,
        NaN,
        NaN,
        NaN,
        NaN,
        NaN,
        NaN,
        NaN,
        NaN,
        NaN,
        NaN,
        NaN,
        NaN,
        NaN,
        NaN,
        NaN,
        NaN,
        NaN,
        NaN,
        NaN,
        NaN,
        NaN,
        NaN,
        NaN,
        NaN,
        NaN,
        NaN,
        NaN,
        NaN,
        NaN,
        NaN,
        NaN,
        NaN,
        NaN,
        NaN,
        NaN,
        NaN,
        NaN,
        NaN,
        NaN,
        NaN,
        NaN,
        NaN,
        NaN,
        NaN,
        NaN,
        NaN,
        NaN,
        NaN,
        NaN,
        NaN,
        NaN,
        NaN,
        NaN,
        NaN,
        NaN,
        NaN,
        NaN,
        NaN,
        NaN,
        NaN,
        NaN,
        NaN,
        NaN,
        NaN,
        NaN,
        NaN,
        NaN,
        NaN,
        NaN,
        NaN,
        NaN,
        NaN,
        NaN,
        NaN,
        NaN,
        NaN,
        NaN,
        NaN,
        NaN,
        NaN,
        NaN,
        NaN,
        NaN,
        NaN,
        NaN,
        NaN,
        NaN,
        NaN,
        NaN,
        NaN,
        NaN,
        NaN,
        NaN,
        NaN,
        NaN
    ],
    "paths": [
        "VisA/visa_pytorch/macaroni2/test/bad/000.JPG",
        "VisA/visa_pytorch/macaroni2/test/bad/001.JPG",
        "VisA/visa_pytorch/macaroni2/test/bad/002.JPG",
        "VisA/visa_pytorch/macaroni2/test/bad/003.JPG",
        "VisA/visa_pytorch/macaroni2/test/bad/004.JPG",
        "VisA/visa_pytorch/macaroni2/test/bad/005.JPG",
        "VisA/visa_pytorch/macaroni2/test/bad/006.JPG",
        "VisA/visa_pytorch/macaroni2/test/bad/007.JPG",
        "VisA/visa_pytorch/macaroni2/test/bad/008.JPG",
        "VisA/visa_pytorch/macaroni2/test/bad/009.JPG",
        "VisA/visa_pytorch/macaroni2/test/bad/010.JPG",
        "VisA/visa_pytorch/macaroni2/test/bad/011.JPG",
        "VisA/visa_pytorch/macaroni2/test/bad/012.JPG",
        "VisA/visa_pytorch/macaroni2/test/bad/013.JPG",
        "VisA/visa_pytorch/macaroni2/test/bad/014.JPG",
        "VisA/visa_pytorch/macaroni2/test/bad/015.JPG",
        "VisA/visa_pytorch/macaroni2/test/bad/016.JPG",
        "VisA/visa_pytorch/macaroni2/test/bad/017.JPG",
        "VisA/visa_pytorch/macaroni2/test/bad/018.JPG",
        "VisA/visa_pytorch/macaroni2/test/bad/019.JPG",
        "VisA/visa_pytorch/macaroni2/test/bad/020.JPG",
        "VisA/visa_pytorch/macaroni2/test/bad/021.JPG",
        "VisA/visa_pytorch/macaroni2/test/bad/022.JPG",
        "VisA/visa_pytorch/macaroni2/test/bad/023.JPG",
        "VisA/visa_pytorch/macaroni2/test/bad/024.JPG",
        "VisA/visa_pytorch/macaroni2/test/bad/025.JPG",
        "VisA/visa_pytorch/macaroni2/test/bad/026.JPG",
        "VisA/visa_pytorch/macaroni2/test/bad/027.JPG",
        "VisA/visa_pytorch/macaroni2/test/bad/028.JPG",
        "VisA/visa_pytorch/macaroni2/test/bad/029.JPG",
        "VisA/visa_pytorch/macaroni2/test/bad/030.JPG",
        "VisA/visa_pytorch/macaroni2/test/bad/031.JPG",
        "VisA/visa_pytorch/macaroni2/test/bad/032.JPG",
        "VisA/visa_pytorch/macaroni2/test/bad/033.JPG",
        "VisA/visa_pytorch/macaroni2/test/bad/034.JPG",
        "VisA/visa_pytorch/macaroni2/test/bad/035.JPG",
        "VisA/visa_pytorch/macaroni2/test/bad/036.JPG",
        "VisA/visa_pytorch/macaroni2/test/bad/037.JPG",
        "VisA/visa_pytorch/macaroni2/test/bad/038.JPG",
        "VisA/visa_pytorch/macaroni2/test/bad/039.JPG",
        "VisA/visa_pytorch/macaroni2/test/bad/040.JPG",
        "VisA/visa_pytorch/macaroni2/test/bad/041.JPG",
        "VisA/visa_pytorch/macaroni2/test/bad/042.JPG",
        "VisA/visa_pytorch/macaroni2/test/bad/043.JPG",
        "VisA/visa_pytorch/macaroni2/test/bad/044.JPG",
        "VisA/visa_pytorch/macaroni2/test/bad/045.JPG",
        "VisA/visa_pytorch/macaroni2/test/bad/046.JPG",
        "VisA/visa_pytorch/macaroni2/test/bad/047.JPG",
        "VisA/visa_pytorch/macaroni2/test/bad/048.JPG",
        "VisA/visa_pytorch/macaroni2/test/bad/049.JPG",
        "VisA/visa_pytorch/macaroni2/test/bad/050.JPG",
        "VisA/visa_pytorch/macaroni2/test/bad/051.JPG",
        "VisA/visa_pytorch/macaroni2/test/bad/052.JPG",
        "VisA/visa_pytorch/macaroni2/test/bad/053.JPG",
        "VisA/visa_pytorch/macaroni2/test/bad/054.JPG",
        "VisA/visa_pytorch/macaroni2/test/bad/055.JPG",
        "VisA/visa_pytorch/macaroni2/test/bad/056.JPG",
        "VisA/visa_pytorch/macaroni2/test/bad/057.JPG",
        "VisA/visa_pytorch/macaroni2/test/bad/058.JPG",
        "VisA/visa_pytorch/macaroni2/test/bad/059.JPG",
        "VisA/visa_pytorch/macaroni2/test/bad/060.JPG",
        "VisA/visa_pytorch/macaroni2/test/bad/061.JPG",
        "VisA/visa_pytorch/macaroni2/test/bad/062.JPG",
        "VisA/visa_pytorch/macaroni2/test/bad/063.JPG",
        "VisA/visa_pytorch/macaroni2/test/bad/064.JPG",
        "VisA/visa_pytorch/macaroni2/test/bad/065.JPG",
        "VisA/visa_pytorch/macaroni2/test/bad/066.JPG",
        "VisA/visa_pytorch/macaroni2/test/bad/067.JPG",
        "VisA/visa_pytorch/macaroni2/test/bad/068.JPG",
        "VisA/visa_pytorch/macaroni2/test/bad/069.JPG",
        "VisA/visa_pytorch/macaroni2/test/bad/070.JPG",
        "VisA/visa_pytorch/macaroni2/test/bad/071.JPG",
        "VisA/visa_pytorch/macaroni2/test/bad/072.JPG",
        "VisA/visa_pytorch/macaroni2/test/bad/073.JPG",
