{
    "shared_fpr_metric": "mean-per-image-fpr",
    "fpr_lower_bound": 1e-05,
    "fpr_upper_bound": 0.0001,
    "num_threshs": 7466,
    "thresh_lower_bound": -0.3384096622467041,
    "thresh_upper_bound": -0.16800808906555176,
    "aupimos": [
        NaN,
        NaN,
        NaN,
        NaN,
        NaN,
        NaN,
        NaN,
        NaN,
        NaN,
        NaN,
        NaN,
        NaN,
        NaN,
        NaN,
        NaN,
        NaN,
        NaN,
        NaN,
        NaN,
        NaN,
        NaN,
        NaN,
        NaN,
        NaN,
        NaN,
        NaN,
        NaN,
        NaN,
        NaN,
        NaN,
        NaN,
        NaN,
        NaN,
        NaN,
        NaN,
        NaN,
        NaN,
        NaN,
        NaN,
        NaN,
        NaN,
        0.4238819555049189,
        0.43165872515920073,
        0.6497513747631591,
        0.40704914856971514,
        0.0008966808684509459,
        0.9542622568052169,
        0.7194029164482082,
        0.9038377669821613,
        0.5944446550881727,
        0.6309663781919459,
        0.7994149718729684,
        0.39235780730951275,
        0.8393587538454307,
        0.32683684617304937,
        0.14289944802922402,
        0.7999302148564684,
        0.8517316149540264,
        0.0,
        0.12179269674328876,
        0.0,
        0.36478013503331397,
        0.05639801988111074,
        0.01938047780631694,
        0.019795300584126655,
        0.38542391334619974,
        0.33137158330343136,
        0.21272214277736287,
        0.0,
        0.3541913309471845,
        0.0,
        0.035594516351909286,
        0.3430053757316936,
        0.2051504441363593,
        0.0,
        0.33423491784379306,
        0.4180983954501406,
        0.10772242697733435,
        0.6692420906555806,
        0.09118004590179511,
        0.019833059060603304,
        0.052184442186268463,
        0.04632048216967835,
        0.5919553570897509,
        0.34943051335841974,
        0.027162538669983066,
        0.20338508281040588,
        0.04887473314768855,
        0.1851568308030242,
        0.020516411748834253,
        0.8453110766833533,
        0.0,
        0.9596342103066064,
        0.6693615794020411,
        0.0,
        0.914423419811325,
        1.0,
        0.9928376034585583,
        1.0,
        0.0036350902958724013,
        0.0011264266710612585,
        0.09988078969619535,
        0.08450497495934133,
        0.5707816701043464,
        0.9915041976908142,
        0.9922369273726398,
        0.0,
        0.9911613510008329,
        0.2731382462471505,
        0.6924558954993631,
        0.9975468677206362,
        0.9149506979058868,
        0.0,
        0.9455985866854038,
        0.008286155236534112,
        0.013524756470358446,
        0.11341057619585945,
        0.0007684704410267772,
        0.0,
        0.425928789144971,
        0.16298529646071827,
        0.23875917296481472,
        0.018986850721026325,
        0.0,
        0.0,
        0.0620312415135594,
        0.0,
        0.0,
        0.042871038129719305,
        0.0,
        0.00011321506744308148,
        0.41157111671769636,
        0.010075404327498533,
        0.0,
        0.0,
        0.4059326136048757,
        0.0,
        0.3774494052542686,
        0.7309556353499408,
        0.5596133479016044,
        0.6149227783148827,
        0.037567113883718216,
        0.7116697475295425,
        0.6822233333900752,
        0.834468259228215,
        0.07544206050425394,
        0.07980161705299069,
        0.360330476084476,
        0.6906011030175574,
        0.08310344314501988,
        0.9703557020986376,
        0.6304410075004271,
        3.840995249548612e-05,
        0.6988192396531369,
        0.09845076386602075,
        0.3465432237924047,
        0.9341451996116547,
        0.9859801592545618,
        0.2651624736007822,
        0.6914133846083674
    ],
    "paths": [
        "MVTec/screw/test/good/000.png",
        "MVTec/screw/test/good/001.png",
        "MVTec/screw/test/good/002.png",
        "MVTec/screw/test/good/003.png",
        "MVTec/screw/test/good/004.png",
        "MVTec/screw/test/good/005.png",
        "MVTec/screw/test/good/006.png",
        "MVTec/screw/test/good/007.png",
        "MVTec/screw/test/good/008.png",
        "MVTec/screw/test/good/009.png",
        "MVTec/screw/test/good/010.png",
        "MVTec/screw/test/good/011.png",
        "MVTec/screw/test/good/012.png",
        "MVTec/screw/test/good/013.png",
        "MVTec/screw/test/good/014.png",
        "MVTec/screw/test/good/015.png",
        "MVTec/screw/test/good/016.png",
        "MVTec/screw/test/good/017.png",
        "MVTec/screw/test/good/018.png",
        "MVTec/screw/test/good/019.png",
        "MVTec/screw/test/good/020.png",
        "MVTec/screw/test/good/021.png",
        "MVTec/screw/test/good/022.png",
        "MVTec/screw/test/good/023.png",
        "MVTec/screw/test/good/024.png",
        "MVTec/screw/test/good/025.png",
        "MVTec/screw/test/good/026.png",
        "MVTec/screw/test/good/027.png",
        "MVTec/screw/test/good/028.png",
        "MVTec/screw/test/good/029.png",
        "MVTec/screw/test/good/030.png",
        "MVTec/screw/test/good/031.png",
        "MVTec/screw/test/good/032.png",
        "MVTec/screw/test/good/033.png",
        "MVTec/screw/test/good/034.png",
        "MVTec/screw/test/good/035.png",
        "MVTec/screw/test/good/036.png",
        "MVTec/screw/test/good/037.png",
        "MVTec/screw/test/good/038.png",
        "MVTec/screw/test/good/039.png",
        "MVTec/screw/test/good/040.png",
        "MVTec/screw/test/manipulated_front/000.png",
        "MVTec/screw/test/manipulated_front/001.png",
        "MVTec/screw/test/manipulated_front/002.png",
        "MVTec/screw/test/manipulated_front/003.png",
        "MVTec/screw/test/manipulated_front/004.png",
        "MVTec/screw/test/manipulated_front/005.png",
        "MVTec/screw/test/manipulated_front/006.png",
        "MVTec/screw/test/manipulated_front/007.png",
        "MVTec/screw/test/manipulated_front/008.png",
        "MVTec/screw/test/manipulated_front/009.png",
        "MVTec/screw/test/manipulated_front/010.png",
        "MVTec/screw/test/manipulated_front/011.png",
        "MVTec/screw/test/manipulated_front/012.png",
        "MVTec/screw/test/manipulated_front/013.png",
        "MVTec/screw/test/manipulated_front/014.png",
        "MVTec/screw/test/manipulated_front/015.png",
        "MVTec/screw/test/manipulated_front/016.png",
        "MVTec/screw/test/manipulated_front/017.png",
        "MVTec/screw/test/manipulated_front/018.png",
        "MVTec/screw/test/manipulated_front/019.png",
        "MVTec/screw/test/manipulated_front/020.png",
        "MVTec/screw/test/manipulated_front/021.png",
        "MVTec/screw/test/manipulated_front/022.png",
        "MVTec/screw/test/manipulated_front/023.png",
        "MVTec/screw/test/scratch_head/000.png",
        "MVTec/screw/test/scratch_head/001.png",
        "MVTec/screw/test/scratch_head/002.png",
        "MVTec/screw/test/scratch_head/003.png",
        "MVTec/screw/test/scratch_head/004.png",
        "MVTec/screw/test/scratch_head/005.png",
        "MVTec/screw/test/scratch_head/006.png",
        "MVTec/screw/test/scratch_head/007.png",
        "MVTec/screw/test/scratch_head/008.png",
        "MVTec/screw/test/scratch_head/009.png",
        "MVTec/screw/test/scratch_head/010.png",
        "MVTec/screw/test/scratch_head/011.png",
        "MVTec/screw/test/scratch_head/012.png",
        "MVTec/screw/test/scratch_head/013.png",
        "MVTec/screw/test/scratch_head/014.png",
        "MVTec/screw/test/scratch_head/015.png",
        "MVTec/screw/test/scratch_head/016.png",
        "MVTec/screw/test/scratch_head/017.png",
        "MVTec/screw/test/scratch_head/018.png",
        "MVTec/screw/test/scratch_head/019.png",
        "MVTec/screw/test/scratch_head/020.png",
        "MVTec/screw/test/scratch_head/021.png",
