{
    "avg_iou": 0.4883666028614877,
    "thresh": 2.796175241470337,
    "ious_at_thresh": [
        0.32725767566154473,
        0.3324951348041895,
        0.4939000026637543,
        0.3388057725407123,
        0.22027350587856553,
        0.2055715344053689,
        0.4526269975895009,
        0.39629934210526313,
        0.4093066833229232,
        0.3379952966233305,
        0.2662892686165566,
        0.40510668659961946,
        0.40237100962527594,
        0.17508892020669753,
        0.5933807232513005,
        0.6274584443598528,
        0.3421129262397717,
        0.2778225387254392,
        0.5511338191588975,
        0.10621264922814236,
        0.3413542895236142,
        0.5738743862662937,
        0.3147365330984882,
        0.5871844744591379,
        0.2448530011694634,
        0.35757564544924747,
        0.3463285227380043,
        0.41941494735424195,
        0.4308956343125428,
        0.4149241444196166,
        0.6734590321546843,
        0.7403543448286856,
        0.662743993993994,
        0.3433560543322079,
        0.5360899707722068,
        0.7219039919549636,
        0.3516724748236973,
        0.5538960653597357,
        0.5166469537207137,
        0.5075220454646164,
        0.5865341901856842,
        0.4852790550700634,
        0.6031863903328157,
        0.5021461936624163,
        0.30709265788779355,
        0.4968766090563765,
        0.476878244240051,
        0.5764207462085277,
        0.5908659767543921,
        0.5562320456202032,
        0.3127050122223847,
        0.3414285714285714,
        0.4518924429718364,
        0.2805300226811508,
        0.17702868623730328,
        0.20014356857642784,
        0.33895254249022116,
        0.23122529644268774,
        0.2673095122387907,
        0.2338081855476952,
        NaN,
        NaN,
        NaN,
        NaN,
        NaN,
        NaN,
        NaN,
        NaN,
        NaN,
        NaN,
        NaN,
        NaN,
        NaN,
        NaN,
        NaN,
        NaN,
        NaN,
        NaN,
        NaN,
        NaN,
        NaN,
        NaN,
        NaN,
        NaN,
        NaN,
        NaN,
        NaN,
        NaN,
        NaN,
        NaN,
        NaN,
        NaN,
        NaN,
        NaN,
        NaN,
        NaN,
        NaN,
        NaN,
        NaN,
        NaN,
        NaN,
        NaN,
        NaN,
        NaN,
        NaN,
        NaN,
        NaN,
        NaN,
        NaN,
        NaN,
        NaN,
        NaN,
        NaN,
        NaN,
        NaN,
        NaN,
        NaN,
        NaN,
        0.8066462311666649,
        0.8773917981384095,
        0.8051786886223973,
        0.7579925839386397,
        0.8899789181160462,
        0.8568093288054335,
        0.8309833383183489,
        0.8172075773017157,
        0.7628507656602224,
        0.7462183292813959,
        0.7982692835705021,
        0.7637891840153147,
        0.31349444912027574,
        0.6856994099271086,
        0.6127418129830675,
        0.5346617525954126,
        0.7438644291700208,
        0.7011693373754873,
        0.753469076343522,
        0.678742370350854,
        0.6974349302150132,
        0.682984710309523,
        0.5897172822617419,
        0.6282754561506768,
        0.2701298701298701,
        0.12194242008802944,
        0.2249823873556529,
        0.17008879800554638,
        0.44618997912317326,
        0.5023077372490214,
        0.519434057604851,
        0.4222497823046679
    ],
    "image_classes": [
        1,
        1,
        1,
        1,
        1,
        1,
        1,
        1,
        1,
        1,
        1,
        1,
        1,
        1,
        1,
        1,
        1,
        1,
        1,
        1,
        1,
        1,
        1,
        1,
        1,
        1,
        1,
        1,
        1,
        1,
        1,
        1,
        1,
        1,
        1,
        1,
        1,
        1,
        1,
        1,
        1,
        1,
        1,
        1,
        1,
        1,
        1,
        1,
        1,
        1,
        1,
        1,
        1,
        1,
        1,
        1,
        1,
        1,
        1,
        1,
        0,
        0,
        0,
        0,
        0,
        0,
        0,
        0,
        0,
        0,
        0,
        0,
        0,
        0,
        0,
        0,
        0,
        0,
        0,
        0,
        0,
        0,
        0,
        0,
        0,
        0,
        0,
        0,
        0,
        0,
        0,
        0,
        0,
        0,
        0,
        0,
        0,
        0,
        0,
        0,
        0,
        0,
        0,
        0,
        0,
        0,
        0,
        0,
        0,
        0,
        0,
        0,
        0,
        0,
        0,
        0,
        0,
        0,
        1,
        1,
        1,
        1,
        1,
        1,
        1,
        1,
        1,
        1,
        1,
        1,
        1,
        1,
        1,
        1,
        1,
        1,
        1,
        1,
        1,
        1,
        1,
        1,
        1,
        1,
        1,
        1,
        1,
        1,
        1,
        1
    ],