{
    "avg_iou": 0.4892707226668115,
    "thresh": 2.7801761627197266,
    "ious_at_thresh": [
        0.3206242115856165,
        0.3248520583648444,
        0.48663438447305224,
        0.33088956580102225,
        0.2168269833829578,
        0.19848315906843667,
        0.44628562016142315,
        0.39059381363917284,
        0.3999308324517862,
        0.3322437523425991,
        0.2625605545869884,
        0.40025983268654913,
        0.39605293402948805,
        0.19565241513998158,
        0.5963601900012411,
        0.6323338036465254,
        0.3545971294585761,
        0.3060341487355669,
        0.546778739184178,
        0.12570625400094632,
        0.3624993727733454,
        0.5856515706389464,
        0.3415926896731496,
        0.5973375198933287,
        0.2752159827213823,
        0.35296352239939943,
        0.34148789890588227,
        0.40894000728222923,
        0.42166698214398385,
        0.41436648972997925,
        0.6733362882289622,
        0.725509305099678,
        0.661161028490992,
        0.33659917567548814,
        0.5383165048275481,
        0.7077483749374976,
        0.36060517429338723,
        0.5470179714855009,
        0.5188642265667107,
        0.5148132807220248,
        0.5797164289121103,
        0.4877354078986524,
        0.5956098517018358,
        0.508562588076711,
        0.3175402990645485,
        0.49171031719909347,
        0.4762364035792745,
        0.578274309608404,
        0.5957127649279009,
        0.5552271345617676,
        0.3071061384941034,
        0.33535972428318417,
        0.44317300834186124,
        0.3020408163265306,
        0.17698204272836965,
        0.1946077790844549,
        0.33523899732755996,
        0.2177916935261074,
        0.27350902928827964,
        0.2297788359125368,
        NaN,
        NaN,
        NaN,
        NaN,
        NaN,
        NaN,
        NaN,
        NaN,
        NaN,
        NaN,
        NaN,
        NaN,
        NaN,
        NaN,
        NaN,
        NaN,
        NaN,
        NaN,
        NaN,
        NaN,
        NaN,
        NaN,
        NaN,
        NaN,
        NaN,
        NaN,
        NaN,
        NaN,
        NaN,
        NaN,
        NaN,
        NaN,
        NaN,
        NaN,
        NaN,
        NaN,
        NaN,
        NaN,
        NaN,
        NaN,
        NaN,
        NaN,
        NaN,
        NaN,
        NaN,
        NaN,
        NaN,
        NaN,
        NaN,
        NaN,
        NaN,
        NaN,
        NaN,
        NaN,
        NaN,
        NaN,
        NaN,
        NaN,
        0.7946595261209555,
        0.8665986047303046,
        0.7966707420295307,
        0.7391700144465774,
        0.8851392895993946,
        0.8402226336045209,
        0.822656326144164,
        0.8098166200123603,
        0.7601432177801244,
        0.737834493350485,
        0.7850654306509559,
        0.7484082333096072,
        0.34960522624343715,
        0.6697537360555672,
        0.6005805641003422,
        0.5158819641538043,
        0.7358928787817587,
        0.6888957102294528,
        0.7578477443609023,
        0.692588092345079,
        0.6831748595763427,
        0.668904839083121,
        0.6158619133574007,
        0.6246790168745414,
        0.32063882063882065,
        0.18404613166746756,
        0.24978720817120623,
        0.1686977430460681,
        0.45722392521470373,
        0.5268852713780644,
        0.5242085661080075,
        0.44005982210794214
    ],
    "image_classes": [
        1,
        1,
        1,
        1,
        1,
        1,
        1,
        1,
        1,
        1,
        1,
        1,
        1,
        1,
        1,
        1,
        1,
        1,
        1,
        1,
        1,
        1,
        1,
        1,
        1,
        1,
        1,
        1,
        1,
        1,
        1,
        1,
        1,
        1,
        1,
        1,
        1,
        1,
        1,
        1,
        1,
        1,
        1,
        1,
        1,
        1,
        1,
        1,
        1,
        1,
        1,
        1,
        1,
        1,
        1,
        1,
        1,
        1,
        1,
        1,
        0,
        0,
        0,
        0,
        0,
        0,
        0,
        0,
        0,
        0,
        0,
        0,
        0,
        0,
        0,
        0,
        0,
        0,
        0,
        0,
        0,
        0,
        0,
        0,
        0,
        0,
        0,
        0,
        0,
        0,
        0,
        0,
        0,
        0,
        0,
        0,
        0,
        0,
        0,
        0,
        0,
        0,
        0,
        0,
        0,
        0,
        0,
        0,
        0,
        0,
        0,
        0,
        0,
        0,
        0,
        0,
        0,
        0,
        1,
        1,
        1,
        1,
        1,
        1,
        1,
        1,
        1,
        1,
        1,
        1,
        1,
        1,
        1,
        1,
        1,
        1,
        1,
        1,
        1,
        1,
        1,
        1,
        1,
        1,
        1,
        1,
        1,
        1,
        1,
        1
    ],