{
    "shared_fpr_metric": "mean-per-image-fpr",
    "fpr_lower_bound": 1e-05,
    "fpr_upper_bound": 0.0001,
    "num_threshs": null,
    "thresh_lower_bound": 0.7900782823562622,
    "thresh_upper_bound": 1.0376567840576172,
    "aupimos": [
        0.2091153890375105,
        0.32493032476041656,
        0.30945769283553176,
        0.8578352743567527,
        0.6329429099682118,
        0.6763737583901104,
        0.8145950433489726,
        0.5605737157660194,
        0.9079334168348769,
        0.7816545572934436,
        0.8571973921978543,
        0.8504062234490463,
        0.5496274498231406,
        0.7581530646460657,
        0.736085148001065,
        0.12664574259288688,
        0.7728837415758893,
        0.8735986194125999,
        0.9198638873970798,
        0.3960919188306074,
        0.2779640176101809,
        0.0834203836602697,
        0.390548408789023,
        0.2617153969128831,
        0.5514255169901259,
        0.8425781692924308,
        0.3355974292850023,
        0.60427272591864,
        0.5546502688122367,
        0.8264158150347887,
        0.45578397010854677,
        0.48169690778511065,
        0.35847889469266264,
        0.24428675457173818,
        0.35379575593031704,
        0.999098459558588,
        0.9931543883519858,
        0.9421313800808461,
        0.9991387467017974,
        0.7228685214176501,
        0.6131428570627766,
        0.705428617629003,
        0.9761923061549861,
        0.8153274363179271,
        0.7645794330347805,
        0.744030834103511,
        0.8964834360746755,
        0.6955438159255098,
        0.937615660544422,
        0.618301322975706,
        0.8321432127865602,
        0.7019425759281608,
        0.12981627227428005,
        0.359793692364658,
        0.28110851366318684,
        0.7144386869293995,
        0.5785210592547037,
        0.31748764793475936,
        0.33918459422447006,
        0.9073092755062123,
        0.49170463609235443,
        0.44179508086700936,
        0.12969914689621576,
        0.22654213272161502,
        0.0,
        0.022266166326689728,
        0.1583152379318952,
        0.22644678286038594,
        NaN,
        NaN,
        NaN,
        NaN,
        NaN,
        NaN,
        NaN,
        NaN,
        NaN,
        NaN,
        NaN,
        NaN,
        NaN,
        NaN,
        NaN,
        NaN,
        NaN,
        NaN,
        NaN,
        NaN,
        NaN,
        NaN,
        NaN,
        NaN,
        NaN,
        NaN,
        NaN,
        NaN,
        NaN,
        NaN,
        NaN,
        NaN,
        0.6244600141774945,
        0.6828595885429527,
        0.4493602219844533,
        0.5716545570122205,
        0.6118548528452183,
        0.5099638479808061,
        0.44698478466602276,
        0.666437228910103,
        0.3361151514747966,
        0.7367535707898276,
        0.7417785872529816,
        0.8507992375477258,
        0.40773623320500235,
        0.6501839692032769,
        0.5762331414359392,
        0.5102062397340924,
        0.6418011782726858,
        0.24308857198231076,
        0.2762158494977071,
        0.5351471690706833,
        0.18103560224203774,
        0.4100616682176291,
        0.3781100609539604,
        0.07202287486168574,
        0.17850470936337623,
        0.18786288646245472,
        0.47909878422762736,
        0.4458851883323167,
        0.5936529408126499,
        0.6371211901395014,
        0.31217591037567394,
        0.20696310811542165,
        0.5458673259959168,
        0.5396239858645546,
        0.5397190374782692,
        0.64026986569373,
        0.39482706095453485,
        0.7043038065965909,
        0.6492913905554981,
        0.5052443178040684,
        0.19067933127959957,
        0.9142989553251359,
        0.0801627219268624,
        0.055320978741219044,
        0.1878976383621112,
        0.3538519257630355,
        0.3555320431484875,
        0.462514130460213,
        0.49901482719253526,
        0.7633281243917834,
        0.7489706740268223
    ],