{
    "shared_fpr_metric": "mean-per-image-fpr",
    "fpr_lower_bound": 1e-05,
    "fpr_upper_bound": 0.0001,
    "num_threshs": null,
    "thresh_lower_bound": 0.4101699888706207,
    "thresh_upper_bound": 0.4277785122394562,
    "aupimos": [
        0.9993532471151669,
        0.9993532471151669,
        0.9853732018162892,
        0.9993532471151669,
        0.9320372114872978,
        0.9993532471151669,
        0.9993532471151669,
        0.9993532471151669,
        0.9993532471151669,
        0.9993532471151669,
        0.9993532471151669,
        0.9993532471151669,
        0.9993532471151669,
        0.9993532471151669,
        0.9993532471151669,
        0.9993532471151669,
        0.9993532471151669,
        0.9993532471151669,
        0.9993532471151669,
        0.9993532471151669,
        0.9453735774642766,
        0.9272442074912934,
        0.9993532471151669,
        0.9340302445904213,
        0.9075199758649082,
        0.9934633576403115,
        0.9993532471151669,
        0.9993532471151669,
        0.753900352132782,
        0.9022320702770191,
        0.2589626026277463,
        0.960720313959052,
        0.829671771963486,
        0.041120631474399656,
        0.6869116084197288,
        0.9993532471151669,
        0.9993532471151669,
        0.6881368529270302,
        0.9993532471151669,
        0.7878038187582306,
        0.7864055525966043,
        0.9806904791145424,
        0.8432876200460395,
        0.9026346443354,
        0.2849499454692752,
        0.552740442264151,
        0.8370291786020299,
        0.818083736402442,
        0.8235766171003139,
        0.9993532471151669,
        0.9304621443327294,
        0.9666914325523396,
        0.9975739911348899,
        0.851809211237548,
        0.8447090576465973,
        0.9993532471151669,
        0.9953630378786674,
        0.9993532471151669,
        0.9976038795558486,
        0.6911704451146236,
        0.9993532471151669,
        0.9993532471151669,
        0.9993532471151669,
        0.9993532471151669,
        0.972745302415522,
        0.49254448519861177,
        0.9993532471151669,
        0.9943164070009287,
        0.9993532471151669,
        0.9993532471151669,
        0.9993532471151669,
        0.921109732522995,
        0.9990474008909007,
        0.9993532471151669,
        NaN,
        NaN,
        NaN,
        NaN,
        NaN,
        NaN,
        NaN,
        NaN,
        NaN,
        NaN,
        NaN,
        NaN,
        NaN,
        NaN,
        NaN,
        NaN,
        NaN,
        NaN,
        NaN,
        NaN,
        NaN,
        NaN,
        NaN,
        NaN,
        NaN,
        NaN,
        NaN,
        NaN,
        NaN,
        NaN,
        NaN,
        NaN,
        0.9993532471151669,
        0.9993532471151669,
        0.9993532471151669,
        0.9993532471151669,
        0.9993532471151669,
        0.9993532471151669,
        0.9993532471151669,
        0.9993532471151669,
        0.9993532471151669,
        0.9993532471151669,
        0.9993532471151669,
        0.9993532471151669,
        0.9993532471151669,
        0.9993532471151669,
        0.9993532471151669,
        0.9993532471151669,
        0.9993532471151669,
        0.9993532471151669
    ],
    "paths": [
        "MVTec/leather/test/color/000.png",
        "MVTec/leather/test/color/001.png",
        "MVTec/leather/test/color/002.png",
        "MVTec/leather/test/color/003.png",
        "MVTec/leather/test/color/004.png",
        "MVTec/leather/test/color/005.png",
        "MVTec/leather/test/color/006.png",
        "MVTec/leather/test/color/007.png",
        "MVTec/leather/test/color/008.png",
        "MVTec/leather/test/color/009.png",
        "MVTec/leather/test/color/010.png",
        "MVTec/leather/test/color/011.png",
        "MVTec/leather/test/color/012.png",
        "MVTec/leather/test/color/013.png",
        "MVTec/leather/test/color/014.png",
        "MVTec/leather/test/color/015.png",
        "MVTec/leather/test/color/016.png",
        "MVTec/leather/test/color/017.png",
        "MVTec/leather/test/color/018.png",
        "MVTec/leather/test/cut/000.png",
        "MVTec/leather/test/cut/001.png",
        "MVTec/leather/test/cut/002.png",
        "MVTec/leather/test/cut/003.png",
        "MVTec/leather/test/cut/004.png",
        "MVTec/leather/test/cut/005.png",
        "MVTec/leather/test/cut/006.png",
        "MVTec/leather/test/cut/007.png",
        "MVTec/leather/test/cut/008.png",
        "MVTec/leather/test/cut/009.png",
        "MVTec/leather/test/cut/010.png",
        "MVTec/leather/test/cut/011.png",
        "MVTec/leather/test/cut/012.png",
        "MVTec/leather/test/cut/013.png",
        "MVTec/leather/test/cut/014.png",
        "MVTec/leather/test/cut/015.png",
        "MVTec/leather/test/cut/016.png",
        "MVTec/leather/test/cut/017.png",
        "MVTec/leather/test/cut/018.png",
        "MVTec/leather/test/fold/000.png",
        "MVTec/leather/test/fold/001.png",
        "MVTec/leather/test/fold/002.png",
        "MVTec/leather/test/fold/003.png",
        "MVTec/leather/test/fold/004.png",
        "MVTec/leather/test/fold/005.png",
        "MVTec/leather/test/fold/006.png",
        "MVTec/leather/test/fold/007.png",
        "MVTec/leather/test/fold/008.png",
        "MVTec/leather/test/fold/009.png",
        "MVTec/leather/test/fold/010.png",
        "MVTec/leather/test/fold/011.png",
        "MVTec/leather/test/fold/012.png",
        "MVTec/leather/test/fold/013.png",
        "MVTec/leather/test/fold/014.png",
        "MVTec/leather/test/fold/015.png",
        "MVTec/leather/test/fold/016.png",
        "MVTec/leather/test/glue/000.png",
        "MVTec/leather/test/glue/001.png",
        "MVTec/leather/test/glue/002.png",
        "MVTec/leather/test/glue/003.png",
        "MVTec/leather/test/glue/004.png",
        "MVTec/leather/test/glue/005.png",
        "MVTec/leather/test/glue/006.png",
        "MVTec/leather/test/glue/007.png",
        "MVTec/leather/test/glue/008.png",
        "MVTec/leather/test/glue/009.png",
        "MVTec/leather/test/glue/010.png",
        "MVTec/leather/test/glue/011.png",
        "MVTec/leather/test/glue/012.png",
        "MVTec/leather/test/glue/013.png",
        "MVTec/leather/test/glue/014.png",
        "MVTec/leather/test/glue/015.png",
        "MVTec/leather/test/glue/016.png",
        "MVTec/leather/test/glue/017.png",
        "MVTec/leather/test/glue/018.png",
        "MVTec/leather/test/good/000.png",
        "MVTec/leather/test/good/001.png",
        "MVTec/leather/test/good/002.png",
        "MVTec/leather/test/good/003.png",
        "MVTec/leather/test/good/004.png",
        "MVTec/leather/test/good/005.png",
        "MVTec/leather/test/good/006.png",
        "MVTec/leather/test/good/007.png",
        "MVTec/leather/test/good/008.png",
        "MVTec/leather/test/good/009.png",
        "MVTec/leather/test/good/010.png",
        "MVTec/leather/test/good/011.png",
        "MVTec/leather/test/good/012.png",
        "MVTec/leather/test/good/013.png",
        "MVTec/leather/test/good/014.png",
        "MVTec/leather/test/good/015.png",
        "MVTec/leather/test/good/016.png",
        "MVTec/leather/test/good/017.png",
        "MVTec/leather/test/good/018.png",
        "MVTec/leather/test/good/019.png",
        "MVTec/leather/test/good/020.png",
        "MVTec/leather/test/good/021.png",
        "MVTec/leather/test/good/022.png",
        "MVTec/leather/test/good/023.png",
        "MVTec/leather/test/good/024.png",
        "MVTec/leather/test/good/025.png",
        "MVTec/leather/test/good/026.png",
        "MVTec/leather/test/good/027.png",
        "MVTec/leather/test/good/028.png",
        "MVTec/leather/test/good/029.png",
        "MVTec/leather/test/good/030.png",
        "MVTec/leather/test/good/031.png",
        "MVTec/leather/test/poke/000.png",
        "MVTec/leather/test/poke/001.png",
        "MVTec/leather/test/poke/002.png",
        "MVTec/leather/test/poke/003.png",
