{
    "shared_fpr_metric": "mean-per-image-fpr",
    "fpr_lower_bound": 1e-05,
    "fpr_upper_bound": 0.0001,
    "num_threshs": null,
    "thresh_lower_bound": 335.186279296875,
    "thresh_upper_bound": 356.2813720703125,
    "aupimos": [
        0.33316145708279965,
        0.7746797228956924,
        0.5551764642496847,
        0.5348297180746283,
        0.8996438491605261,
        0.448082259536558,
        0.6231726987432508,
        0.22043340909751316,
        0.38468050435913476,
        0.8651613499974803,
        0.6054762338586722,
        0.8119935405062004,
        0.2106583923054726,
        0.0,
        1.4127565835589887e-07,
        0.0004186269869286279,
        0.0,
        0.0,
        0.009346445582117646,
        0.0,
        0.0,
        0.0,
        0.0,
        0.0,
        0.0,
        0.5051434837883892,
        0.5354154518665049,
        0.2532123139241307,
        0.038686995867033294,
        0.0017150616833154027,
        0.0,
        0.0,
        0.0010554847076376728,
        0.4375020446218077,
        0.0,
        0.002301653617291297,
        0.00021132800240506098,
        0.013354031051905087,
        0.0,
        0.06133877173009594,
        0.26921544122862745,
        0.02694921346119119,
        0.0,
        0.0959645882812315,
        0.0,
        0.0,
        0.04513006033630446,
        0.3688519452711886,
        0.004233717324977244,
        0.03133774317322258,
        0.07926088347010551,
        0.41521280243737646,
        0.4880663712706246,
        0.0,
        0.0,
        0.44869971687347876,
        0.3638675023408257,
        0.0,
        0.0,
        0.0,
        NaN,
        NaN,
        NaN,
        NaN,
        NaN,
        NaN,
        NaN,
        NaN,
        NaN,
        NaN,
        NaN,
        NaN,
        NaN,
        NaN,
        NaN,
        NaN,
        NaN,
        NaN,
        NaN,
        NaN,
        NaN,
        NaN,
        NaN,
        NaN,
        NaN,
        NaN,
        NaN,
        NaN,
        NaN,
        NaN,
        NaN,
        NaN,
        NaN,
        NaN,
        NaN,
        NaN,
        NaN,
        NaN,
        NaN,
        NaN,
        NaN,
        NaN,
        NaN,
        NaN,
        NaN,
        NaN,
        NaN,
        NaN,
        NaN,
        NaN,
        NaN,
        NaN,
        NaN,
        NaN,
        NaN,
        NaN,
        NaN,
        NaN,
        0.0,
        0.0,
        0.0,
        0.0,
        0.0,
        0.0,
        0.05816428585277673,
        0.016114054058686742,
        0.0,
        0.012187624255360735,
        0.0,
        0.0,
        0.0,
        0.0,
        0.0,
        0.031391986507529,
        1.3894605176939436e-05,
        0.004945986835259864,
        0.0,
        0.0,
        0.0,
        0.173873581359386,
        0.21729428577402218,
        0.0,
        0.05186648508042092,
        0.0,
        0.0,
        0.0,
        0.0,
        0.0,
        0.0,
        0.0
    ],
    "paths": [
        "MVTec/cable/test/bent_wire/000.png",
        "MVTec/cable/test/bent_wire/001.png",
        "MVTec/cable/test/bent_wire/002.png",
        "MVTec/cable/test/bent_wire/003.png",
        "MVTec/cable/test/bent_wire/004.png",
        "MVTec/cable/test/bent_wire/005.png",
        "MVTec/cable/test/bent_wire/006.png",
        "MVTec/cable/test/bent_wire/007.png",
        "MVTec/cable/test/bent_wire/008.png",
        "MVTec/cable/test/bent_wire/009.png",
        "MVTec/cable/test/bent_wire/010.png",
        "MVTec/cable/test/bent_wire/011.png",
        "MVTec/cable/test/bent_wire/012.png",
        "MVTec/cable/test/cable_swap/000.png",
        "MVTec/cable/test/cable_swap/001.png",
        "MVTec/cable/test/cable_swap/002.png",
        "MVTec/cable/test/cable_swap/003.png",
        "MVTec/cable/test/cable_swap/004.png",
        "MVTec/cable/test/cable_swap/005.png",
        "MVTec/cable/test/cable_swap/006.png",
        "MVTec/cable/test/cable_swap/007.png",
        "MVTec/cable/test/cable_swap/008.png",
        "MVTec/cable/test/cable_swap/009.png",
        "MVTec/cable/test/cable_swap/010.png",
        "MVTec/cable/test/cable_swap/011.png",
        "MVTec/cable/test/combined/000.png",
        "MVTec/cable/test/combined/001.png",
        "MVTec/cable/test/combined/002.png",
        "MVTec/cable/test/combined/003.png",
        "MVTec/cable/test/combined/004.png",
        "MVTec/cable/test/combined/005.png",
        "MVTec/cable/test/combined/006.png",
        "MVTec/cable/test/combined/007.png",
        "MVTec/cable/test/combined/008.png",
        "MVTec/cable/test/combined/009.png",
        "MVTec/cable/test/combined/010.png",
        "MVTec/cable/test/cut_inner_insulation/000.png",
        "MVTec/cable/test/cut_inner_insulation/001.png",
        "MVTec/cable/test/cut_inner_insulation/002.png",
        "MVTec/cable/test/cut_inner_insulation/003.png",
        "MVTec/cable/test/cut_inner_insulation/004.png",
        "MVTec/cable/test/cut_inner_insulation/005.png",
        "MVTec/cable/test/cut_inner_insulation/006.png",
        "MVTec/cable/test/cut_inner_insulation/007.png",
        "MVTec/cable/test/cut_inner_insulation/008.png",
        "MVTec/cable/test/cut_inner_insulation/009.png",
        "MVTec/cable/test/cut_inner_insulation/010.png",
        "MVTec/cable/test/cut_inner_insulation/011.png",
        "MVTec/cable/test/cut_inner_insulation/012.png",
        "MVTec/cable/test/cut_inner_insulation/013.png",
        "MVTec/cable/test/cut_outer_insulation/000.png",
        "MVTec/cable/test/cut_outer_insulation/001.png",
        "MVTec/cable/test/cut_outer_insulation/002.png",
        "MVTec/cable/test/cut_outer_insulation/003.png",
        "MVTec/cable/test/cut_outer_insulation/004.png",
        "MVTec/cable/test/cut_outer_insulation/005.png",
        "MVTec/cable/test/cut_outer_insulation/006.png",
        "MVTec/cable/test/cut_outer_insulation/007.png",
        "MVTec/cable/test/cut_outer_insulation/008.png",
        "MVTec/cable/test/cut_outer_insulation/009.png",
        "MVTec/cable/test/good/000.png",
        "MVTec/cable/test/good/001.png",
        "MVTec/cable/test/good/002.png",
        "MVTec/cable/test/good/003.png",
        "MVTec/cable/test/good/004.png",
        "MVTec/cable/test/good/005.png",
        "MVTec/cable/test/good/006.png",
        "MVTec/cable/test/good/007.png",
        "MVTec/cable/test/good/008.png",
        "MVTec/cable/test/good/009.png",
        "MVTec/cable/test/good/010.png",
        "MVTec/cable/test/good/011.png",
        "MVTec/cable/test/good/012.png",
        "MVTec/cable/test/good/013.png",
        "MVTec/cable/test/good/014.png",
        "MVTec/cable/test/good/015.png",
        "MVTec/cable/test/good/016.png",
        "MVTec/cable/test/good/017.png",
        "MVTec/cable/test/good/018.png",
        "MVTec/cable/test/good/019.png",
        "MVTec/cable/test/good/020.png",
        "MVTec/cable/test/good/021.png",
        "MVTec/cable/test/good/022.png",
        "MVTec/cable/test/good/023.png",
        "MVTec/cable/test/good/024.png",
        "MVTec/cable/test/good/025.png",
        "MVTec/cable/test/good/026.png",
        "MVTec/cable/test/good/027.png",
        "MVTec/cable/test/good/028.png",
        "MVTec/cable/test/good/029.png",
        "MVTec/cable/test/good/030.png",
        "MVTec/cable/test/good/031.png",
        "MVTec/cable/test/good/032.png",
        "MVTec/cable/test/good/033.png",
        "MVTec/cable/test/good/034.png",
        "MVTec/cable/test/good/035.png",
        "MVTec/cable/test/good/036.png",
        "MVTec/cable/test/good/037.png",
        "MVTec/cable/test/good/038.png",
        "MVTec/cable/test/good/039.png",
        "MVTec/cable/test/good/040.png",
        "MVTec/cable/test/good/041.png",
        "MVTec/cable/test/good/042.png",
        "MVTec/cable/test/good/043.png",
        "MVTec/cable/test/good/044.png",
        "MVTec/cable/test/good/045.png",
        "MVTec/cable/test/good/046.png",
        "MVTec/cable/test/good/047.png",
