{
    "avg_iou": 0.16303881049894173,
    "thresh": 0.3270843029022217,
    "ious_at_thresh": [
        0.41829652996845423,
        0.03461423124705479,
        0.25128564749883125,
        0.1724978895037989,
        0.28319437354659405,
        0.01832726625692277,
        0.3703775038520801,
        0.04874783133438938,
        0.08194857121895749,
        0.025871636247761162,
        0.27617623062279034,
        0.2988353626257279,
        0.44946236559139785,
        0.40473568281938327,
        0.0,
        0.5105820105820106,
        0.34262003556609366,
        0.0,
        0.5397784491440081,
        0.0,
        0.10111524163568773,
        0.41527525210778643,
        0.38126184673707014,
        0.277552400270453,
        0.2777518293632259,
        0.29462886451061404,
        0.2805586706086247,
        0.1321092700403045,
        0.12504962286621676,
        0.16641279512566642,
        0.19343381011807623,
        0.0,
        0.0,
        0.2672824791418355,
        0.0,
        0.16554893194237458,
        0.0,
        0.0,
        0.10091378625347636,
        0.0,
        0.04366461291186713,
        0.0690746870053245,
        0.029195940671350507,
        0.01444184231069477,
        0.007403268612934767,
        0.00775623268698061,
        0.05970982142857143,
        0.022787028921998246,
        0.01576182136602452,
        0.0,
        0.010848975374547959,
        0.0,
        0.0,
        0.10981648703757646,
        0.0122228538942581,
        0.02139930186674761,
        0.018564356435643563,
        0.026697312588401696,
        0.0,
        0.0,
        0.0,
        0.3534492243371108,
        0.09467353951890034,
        0.14196247699498193,
        0.178837489405362,
        0.2772862987946478,
        0.3664471079437066,
        0.3346711442378573,
        0.27893252901449084,
        0.10458356015242243,
        0.06054950751684811,
        0.061336809327250344,
        0.06217776861208497,
        0.027805864509605663,
        0.1081924995976179,
        0.03532008830022075,
        0.04709409148051446,
        0.05639315743693824,
        0.009737644050579706,
        0.09001609641338891,
        0.07048154737990013,
        0.13317490059869294,
        0.08808503625576797,
        0.06283435954375693,
        0.06405215746777485,
        0.359678801822529,
        0.46170948616600793,
        0.18294937108335962,
        0.4362196004940585,
        0.28973516487866674,
        0.2697791798107256,
        0.4000254442135618,
        0.2689613526570048,
        0.17595835765713175,
        0.5930221273291926,
        0.25035929864903705,
        0.12109257589419897,
        0.5361373581960588,
        0.48354840245702585,
        0.19101866823460237,
        NaN,
        NaN,
        NaN,
        NaN,
        NaN,
        NaN,
        NaN,
        NaN,
        NaN,
        NaN,
        NaN,
        NaN,
        NaN,
        NaN,
        NaN,
        NaN,
        NaN,
        NaN,
        NaN,
        NaN,
        NaN,
        NaN,
        NaN,
        NaN,
        NaN,
        NaN,
        NaN,
        NaN,
        NaN,
        NaN,
        NaN,
        NaN,
        NaN,
        NaN,
        NaN,
        NaN,
        NaN,
        NaN,
        NaN,
        NaN,
        NaN,
        NaN,
        NaN,
        NaN,
        NaN,
        NaN,
        NaN,
        NaN,
        NaN,
        NaN,
        NaN,
        NaN,
        NaN,
        NaN,
        NaN,
        NaN,
        NaN,
        NaN,
        NaN,
        NaN,
        NaN,
        NaN,
        NaN,
        NaN,
        NaN,
        NaN,
        NaN,
        NaN,
        NaN,
        NaN,
        NaN,
        NaN,
        NaN,
        NaN,
        NaN,
        NaN,
        NaN,
        NaN,
        NaN,
        NaN,
        NaN,
        NaN,
        NaN,
        NaN,
        NaN,
        NaN,
        NaN,
        NaN,
        NaN,
        NaN,
        NaN,
        NaN,
        NaN,
        NaN,
        NaN,
        NaN,
        NaN,
        NaN,
        NaN,
        NaN
    ],
    "image_classes": [
        1,
        1,
        1,
        1,
        1,
        1,
        1,
        1,
        1,
        1,
        1,
        1,
        1,
        1,
        1,
        1,
        1,
        1,
        1,
        1,
        1,
        1,
        1,
        1,
        1,
        1,
        1,
        1,
        1,
        1,
        1,
        1,
        1,
        1,
        1,
        1,
        1,
        1,
        1,
        1,
        1,
        1,
        1,
        1,
        1,
        1,
        1,
        1,
        1,
        1,
        1,
        1,
        1,
        1,
        1,
        1,
        1,
        1,
        1,
        1,
        1,
        1,
        1,
        1,
        1,
        1,
        1,
        1,
        1,
        1,
        1,
        1,
        1,
        1,
        1,
        1,
        1,
        1,
        1,
        1,
        1,
        1,
        1,
        1,
        1,
        1,
        1,
        1,
        1,
        1,
        1,
        1,
        1,
        1,
        1,
        1,
        1,
        1,
        1,
        1,
        0,
        0,
        0,
        0,
        0,
        0,
        0,
        0,
        0,
        0,
        0,
        0,
        0,
        0,
        0,
        0,
        0,
        0,
        0,
        0,
        0,
        0,
        0,
        0,
        0,
        0,
        0,
        0,
        0,
        0,
        0,
        0,
        0,
        0,
        0,
        0,
        0,
        0,
        0,
        0,
        0,
        0,
        0,
        0,
        0,
        0,
        0,
        0,
        0,
        0,
        0,
        0,
        0,
        0,
        0,
        0,
        0,
        0,
        0,
        0,
        0,
        0,
        0,
        0,
        0,
        0,
        0,
        0,
        0,
        0,
        0,
        0,
        0,
        0,
        0,
        0,
        0,
        0,
        0,
        0,
        0,
        0,
        0,
        0,
        0,
        0,
        0,
        0,
        0,
        0,
        0,
        0,
        0,
        0,
        0,
        0,
        0,
        0,
        0,
        0
    ],