{
    "shared_fpr_metric": "mean-per-image-fpr",
    "fpr_lower_bound": 1e-05,
    "fpr_upper_bound": 0.0001,
    "num_threshs": null,
    "thresh_lower_bound": 0.5730302333831787,
    "thresh_upper_bound": 0.6210675239562988,
    "aupimos": [
        0.993838856796386,
        1.0,
        1.0,
        1.0,
        1.0,
        1.0,
        0.9998309121165349,
        0.9633055756222477,
        1.0,
        0.9823037958456707,
        1.0,
        0.9974712177279837,
        1.0,
        1.0,
        0.999803640519365,
        0.998168899114373,
        1.0,
        1.0,
        1.0,
        0.9884511182704093,
        1.0,
        0.977898592475384,
        1.0,
        1.0,
        1.0,
        0.7691334905065447,
        0.7936820995022044,
        1.0,
        0.23700629904872578,
        1.0,
        0.9230076909188786,
        0.7167401401945991,
        0.0,
        0.0,
        0.005674760279552069,
        0.9486694086923865,
        1.0,
        0.8583236631574317,
        0.9999991913131526,
        0.9391153654868756,
        1.0,
        0.9419187206987755,
        0.9672655567041542,
        1.0,
        0.9708438533564173,
        0.9971098114700006,
        0.9850109209988253,
        1.0,
        1.0,
        1.0,
        1.0,
        0.997447575044296,
        1.0,
        1.0,
        1.0,
        0.9786278054174964,
        1.0,
        0.9995777386708394,
        1.0,
        1.0,
        0.9536529685502619,
        0.9973435120758449,
        1.0,
        0.9730231246580912,
        1.0,
        0.8362202173247785,
        0.9998891984283241,
        1.0,
        0.9260741627091323,
        0.9991496648010503,
        0.9120102954129243,
        0.9828350536742031,
        1.0,
        0.9981412642755189,
        1.0,
        1.0,
        1.0,
        1.0,
        1.0,
        1.0,
        0.9995522450726528,
        1.0,
        1.0,
        1.0,
        1.0,
        0.8255508743135662,
        0.6631839159883854,
        1.0,
        1.0,
        1.0,
        1.0,
        0.8268912677266564,
        1.0,
        0.9779882121418032,
        1.0,
        1.0,
        1.0,
        1.0,
        1.0,
        1.0,
        NaN,
        NaN,
        NaN,
        NaN,
        NaN,
        NaN,
        NaN,
        NaN,
        NaN,
        NaN,
        NaN,
        NaN,
        NaN,
        NaN,
        NaN,
        NaN,
        NaN,
        NaN,
        NaN,
        NaN,
        NaN,
        NaN,
        NaN,
        NaN,
        NaN,
        NaN,
        NaN,
        NaN,
        NaN,
        NaN,
        NaN,
        NaN,
        NaN,
        NaN,
        NaN,
        NaN,
        NaN,
        NaN,
        NaN,
        NaN,
        NaN,
        NaN,
        NaN,
        NaN,
        NaN,
        NaN,
        NaN,
        NaN,
        NaN,
        NaN
    ],
    "paths": [
        "VisA/visa_pytorch/chewinggum/test/bad/000.JPG",
        "VisA/visa_pytorch/chewinggum/test/bad/001.JPG",
        "VisA/visa_pytorch/chewinggum/test/bad/002.JPG",
        "VisA/visa_pytorch/chewinggum/test/bad/003.JPG",
        "VisA/visa_pytorch/chewinggum/test/bad/004.JPG",
        "VisA/visa_pytorch/chewinggum/test/bad/005.JPG",
        "VisA/visa_pytorch/chewinggum/test/bad/006.JPG",
        "VisA/visa_pytorch/chewinggum/test/bad/007.JPG",
        "VisA/visa_pytorch/chewinggum/test/bad/008.JPG",
        "VisA/visa_pytorch/chewinggum/test/bad/009.JPG",
        "VisA/visa_pytorch/chewinggum/test/bad/010.JPG",
        "VisA/visa_pytorch/chewinggum/test/bad/011.JPG",
        "VisA/visa_pytorch/chewinggum/test/bad/012.JPG",
        "VisA/visa_pytorch/chewinggum/test/bad/013.JPG",
        "VisA/visa_pytorch/chewinggum/test/bad/014.JPG",
        "VisA/visa_pytorch/chewinggum/test/bad/015.JPG",
        "VisA/visa_pytorch/chewinggum/test/bad/016.JPG",
        "VisA/visa_pytorch/chewinggum/test/bad/017.JPG",
        "VisA/visa_pytorch/chewinggum/test/bad/018.JPG",
        "VisA/visa_pytorch/chewinggum/test/bad/019.JPG",
        "VisA/visa_pytorch/chewinggum/test/bad/020.JPG",
        "VisA/visa_pytorch/chewinggum/test/bad/021.JPG",
        "VisA/visa_pytorch/chewinggum/test/bad/022.JPG",
        "VisA/visa_pytorch/chewinggum/test/bad/023.JPG",
        "VisA/visa_pytorch/chewinggum/test/bad/024.JPG",
        "VisA/visa_pytorch/chewinggum/test/bad/025.JPG",
        "VisA/visa_pytorch/chewinggum/test/bad/026.JPG",
        "VisA/visa_pytorch/chewinggum/test/bad/027.JPG",
        "VisA/visa_pytorch/chewinggum/test/bad/028.JPG",
        "VisA/visa_pytorch/chewinggum/test/bad/029.JPG",
        "VisA/visa_pytorch/chewinggum/test/bad/030.JPG",
        "VisA/visa_pytorch/chewinggum/test/bad/031.JPG",
        "VisA/visa_pytorch/chewinggum/test/bad/032.JPG",
        "VisA/visa_pytorch/chewinggum/test/bad/033.JPG",
        "VisA/visa_pytorch/chewinggum/test/bad/034.JPG",
        "VisA/visa_pytorch/chewinggum/test/bad/035.JPG",
        "VisA/visa_pytorch/chewinggum/test/bad/036.JPG",
        "VisA/visa_pytorch/chewinggum/test/bad/037.JPG",
        "VisA/visa_pytorch/chewinggum/test/bad/038.JPG",
        "VisA/visa_pytorch/chewinggum/test/bad/039.JPG",
        "VisA/visa_pytorch/chewinggum/test/bad/040.JPG",
        "VisA/visa_pytorch/chewinggum/test/bad/041.JPG",
        "VisA/visa_pytorch/chewinggum/test/bad/042.JPG",
        "VisA/visa_pytorch/chewinggum/test/bad/043.JPG",
        "VisA/visa_pytorch/chewinggum/test/bad/044.JPG",
        "VisA/visa_pytorch/chewinggum/test/bad/045.JPG",
        "VisA/visa_pytorch/chewinggum/test/bad/046.JPG",
        "VisA/visa_pytorch/chewinggum/test/bad/047.JPG",
        "VisA/visa_pytorch/chewinggum/test/bad/048.JPG",
        "VisA/visa_pytorch/chewinggum/test/bad/049.JPG",
        "VisA/visa_pytorch/chewinggum/test/bad/050.JPG",
        "VisA/visa_pytorch/chewinggum/test/bad/051.JPG",
        "VisA/visa_pytorch/chewinggum/test/bad/052.JPG",
        "VisA/visa_pytorch/chewinggum/test/bad/053.JPG",
        "VisA/visa_pytorch/chewinggum/test/bad/054.JPG",
        "VisA/visa_pytorch/chewinggum/test/bad/055.JPG",
        "VisA/visa_pytorch/chewinggum/test/bad/056.JPG",
        "VisA/visa_pytorch/chewinggum/test/bad/057.JPG",
        "VisA/visa_pytorch/chewinggum/test/bad/058.JPG",
        "VisA/visa_pytorch/chewinggum/test/bad/059.JPG",
        "VisA/visa_pytorch/chewinggum/test/bad/060.JPG",
        "VisA/visa_pytorch/chewinggum/test/bad/061.JPG",
        "VisA/visa_pytorch/chewinggum/test/bad/062.JPG",
        "VisA/visa_pytorch/chewinggum/test/bad/063.JPG",
        "VisA/visa_pytorch/chewinggum/test/bad/064.JPG",
        "VisA/visa_pytorch/chewinggum/test/bad/065.JPG",
        "VisA/visa_pytorch/chewinggum/test/bad/066.JPG",
        "VisA/visa_pytorch/chewinggum/test/bad/067.JPG",
        "VisA/visa_pytorch/chewinggum/test/bad/068.JPG",
        "VisA/visa_pytorch/chewinggum/test/bad/069.JPG",
        "VisA/visa_pytorch/chewinggum/test/bad/070.JPG",
        "VisA/visa_pytorch/chewinggum/test/bad/071.JPG",
        "VisA/visa_pytorch/chewinggum/test/bad/072.JPG",
        "VisA/visa_pytorch/chewinggum/test/bad/073.JPG",
        "VisA/visa_pytorch/chewinggum/test/bad/074.JPG",
        "VisA/visa_pytorch/chewinggum/test/bad/075.JPG",
        "VisA/visa_pytorch/chewinggum/test/bad/076.JPG",
        "VisA/visa_pytorch/chewinggum/test/bad/077.JPG",
        "VisA/visa_pytorch/chewinggum/test/bad/078.JPG",
        "VisA/visa_pytorch/chewinggum/test/bad/079.JPG",
        "VisA/visa_pytorch/chewinggum/test/bad/080.JPG",
        "VisA/visa_pytorch/chewinggum/test/bad/081.JPG",
        "VisA/visa_pytorch/chewinggum/test/bad/082.JPG",
        "VisA/visa_pytorch/chewinggum/test/bad/083.JPG",
        "VisA/visa_pytorch/chewinggum/test/bad/084.JPG",
        "VisA/visa_pytorch/chewinggum/test/bad/085.JPG",
        "VisA/visa_pytorch/chewinggum/test/bad/086.JPG",
        "VisA/visa_pytorch/chewinggum/test/bad/087.JPG",
        "VisA/visa_pytorch/chewinggum/test/bad/088.JPG",
        "VisA/visa_pytorch/chewinggum/test/bad/089.JPG",
