{
    "avg_iou": 0.3807769609584405,
    "thresh": 1.1745202541351318,
    "ious_at_thresh": [
        0.4407932172527598,
        0.523850499457518,
        0.32811145923605095,
        0.5296454538640282,
        0.45387873653636696,
        0.5054049264575581,
        0.5170219127760455,
        0.4909247097292654,
        0.6181795888339396,
        0.2575957364979946,
        0.4876398890239721,
        0.5941981308411215,
        0.3597469226446221,
        0.378201723926631,
        0.40441003065796716,
        0.6598411446597566,
        0.5298173973341552,
        0.5031665611146295,
        0.3848582886146574,
        0.4930980210026576,
        0.598934930936928,
        0.5307996668054977,
        0.4578592355385978,
        0.61673541543901,
        0.40455325265451847,
        0.25835411471321695,
        0.0,
        0.00495645101162436,
        0.0,
        0.0,
        0.28958447025804945,
        0.0,
        0.0,
        0.0,
        0.0,
        0.03218148245845423,
        0.38441173355925023,
        0.0,
        0.5979366028708134,
        0.2160854201874328,
        0.6303471121993375,
        0.5010275628626693,
        0.39906264288980337,
        0.7607161602612702,
        0.41438794275205887,
        0.5480451456007982,
        0.5003814676099321,
        0.553068758652515,
        0.4576466078957455,
        0.6671560454873466,
        0.6200783166229183,
        0.7364705882352941,
        0.7306094315418638,
        0.44978406909788865,
        0.38450845625144797,
        0.5200305469818945,
        0.530396036518867,
        0.4550830889540567,
        0.5950381770176733,
        0.6080550098231827,
        0.4637011668193222,
        0.5157584305680215,
        0.5638766519823789,
        0.517426131239722,
        0.46434724615128103,
        0.13957148045030868,
        0.0,
        0.1024390243902439,
        0.0,
        0.0,
        0.0,
        0.0,
        0.0,
        0.0,
        0.28122320663046585,
        0.3124679322729605,
        0.4106244856907744,
        0.5687232742822236,
        0.8039842597147073,
        0.5843429636533085,
        0.010825712338382348,
        0.57462482946794,
        0.005734130346287715,
        0.4122260421143103,
        0.006137683952097518,
        0.546022264458322,
        0.0,
        0.6850551654964895,
        0.6404143373890168,
        0.4829755736491488,
        0.6936995857859167,
        0.5620742388433199,
        0.009336378577984588,
        0.27815343517822855,
        0.37166324435318276,
        0.4309527450680532,
        0.5890143737166325,
        0.6207622165068973,
        0.5148675906044635,
        0.0,
        NaN,
        NaN,
        NaN,
        NaN,
        NaN,
        NaN,
        NaN,
        NaN,
        NaN,
        NaN,
        NaN,
        NaN,
        NaN,
        NaN,
        NaN,
        NaN,
        NaN,
        NaN,
        NaN,
        NaN,
        NaN,
        NaN,
        NaN,
        NaN,
        NaN,
        NaN,
        NaN,
        NaN,
        NaN,
        NaN,
        NaN,
        NaN,
        NaN,
        NaN,
        NaN,
        NaN,
        NaN,
        NaN,
        NaN,
        NaN,
        NaN,
        NaN,
        NaN,
        NaN,
        NaN,
        NaN,
        NaN,
        NaN,
        NaN,
        NaN
    ],
    "image_classes": [
        1,
        1,
        1,
        1,
        1,
        1,
        1,
        1,
        1,
        1,
        1,
        1,
        1,
        1,
        1,
        1,
        1,
        1,
        1,
        1,
        1,
        1,
        1,
        1,
        1,
        1,
        1,
        1,
        1,
        1,
        1,
        1,
        1,
        1,
        1,
        1,
        1,
        1,
        1,
        1,
        1,
        1,
        1,
        1,
        1,
        1,
        1,
        1,
        1,
        1,
        1,
        1,
        1,
        1,
        1,
        1,
        1,
        1,
        1,
        1,
        1,
        1,
        1,
        1,
        1,
        1,
        1,
        1,
        1,
        1,
        1,
        1,
        1,
        1,
        1,
        1,
        1,
        1,
        1,
        1,
        1,
        1,
        1,
        1,
        1,
        1,
        1,
        1,
        1,
        1,
        1,
        1,
        1,
        1,
        1,
        1,
        1,
        1,
        1,
        1,
        0,
        0,
        0,
        0,
        0,
        0,
        0,
        0,
        0,
        0,
        0,
        0,
        0,
        0,
        0,
        0,
        0,
        0,
        0,
        0,
        0,
        0,
        0,
        0,
        0,
        0,
        0,
        0,
        0,
        0,
        0,
        0,
        0,
        0,
        0,
        0,
        0,
        0,
        0,
        0,
        0,
        0,
        0,
        0,
        0,
        0,
        0,
        0,
        0,
        0
    ],