{
    "shared_fpr_metric": "mean-per-image-fpr",
    "fpr_lower_bound": 1e-05,
    "fpr_upper_bound": 0.0001,
    "num_threshs": 2089,
    "thresh_lower_bound": -0.03761829808354378,
    "thresh_upper_bound": 0.17516592144966125,
    "aupimos": [
        0.5648744679411214,
        1.0,
        1.0,
        1.0,
        1.0,
        0.3472900023610334,
        1.0,
        1.0,
        0.95469482807461,
        0.9919046227454168,
        1.0,
        1.0,
        1.0,
        1.0,
        1.0,
        1.0,
        0.0,
        1.0,
        1.0,
        1.0,
        1.0,
        1.0,
        1.0,
        0.9775973122115463,
        1.0,
        1.0,
        1.0,
        0.9674233145506942,
        1.0,
        0.9851898919172831,
        1.0,
        1.0,
        0.9542452445228983,
        1.0,
        1.0,
        0.850228623295635,
        1.0,
        1.0,
        1.0,
        0.9984691995447538,
        1.0,
        1.0,
        1.0,
        1.0,
        0.9865601147226417,
        NaN,
        NaN,
        NaN,
        NaN,
        NaN,
        NaN,
        NaN,
        NaN,
        NaN,
        NaN,
        NaN,
        NaN,
        NaN,
        NaN,
        NaN,
        NaN,
        NaN,
        NaN,
        NaN,
        NaN,
        NaN,
        NaN,
        NaN,
        1.0,
        1.0,
        0.0,
        0.9982769531275685,
        0.8906702504612665,
        1.0,
        0.26205697590746124,
        1.0,
        0.9945971819475425,
        1.0,
        0.928851342334826,
        1.0,
        1.0,
        1.0,
        0.9953472541685624,
        0.7578894794808797,
        1.0,
        0.6131954336314529,
        0.9809819698132641,
        0.997573996634584,
        1.0,
        0.6987269750102723,
        0.9285855850020923,
        0.4303667341075858,
        0.08574083598086132,
        0.8546176537910203,
        0.0,
        0.9890033601366628,
        0.9755481480148552,
        1.0,
        0.6289299782269266,
        0.9751006752991873,
        0.999121910658325,
        0.0,
        0.006973216886179805,
        1.0,
        0.938243693242358,
        0.5520221976310434,
        0.0,
        1.0,
        0.9981982601895243,
        0.9954992287969685,
        0.8942944195321697,
        0.5945373068961256,
        1.0,
        1.0,
        1.0,
        1.0,
        1.0,
        0.9974797375252745,
        1.0,
        1.0,
        0.9785863265547747,
        1.0,
        1.0,
        1.0,
        0.9800286613940887,
        0.993964350403345,
        0.982642291281309,
        0.9961119570526157,
        1.0,
        1.0,
        1.0,
        0.9758427251274919
    ],
    "paths": [
        "MVTec/capsule/test/crack/000.png",
        "MVTec/capsule/test/crack/001.png",
        "MVTec/capsule/test/crack/002.png",
        "MVTec/capsule/test/crack/003.png",
        "MVTec/capsule/test/crack/004.png",
        "MVTec/capsule/test/crack/005.png",
        "MVTec/capsule/test/crack/006.png",
        "MVTec/capsule/test/crack/007.png",
        "MVTec/capsule/test/crack/008.png",
        "MVTec/capsule/test/crack/009.png",
        "MVTec/capsule/test/crack/010.png",
        "MVTec/capsule/test/crack/011.png",
        "MVTec/capsule/test/crack/012.png",
        "MVTec/capsule/test/crack/013.png",
        "MVTec/capsule/test/crack/014.png",
        "MVTec/capsule/test/crack/015.png",
        "MVTec/capsule/test/crack/016.png",
        "MVTec/capsule/test/crack/017.png",
        "MVTec/capsule/test/crack/018.png",
        "MVTec/capsule/test/crack/019.png",
        "MVTec/capsule/test/crack/020.png",
        "MVTec/capsule/test/crack/021.png",
        "MVTec/capsule/test/crack/022.png",
        "MVTec/capsule/test/faulty_imprint/000.png",
        "MVTec/capsule/test/faulty_imprint/001.png",
        "MVTec/capsule/test/faulty_imprint/002.png",
        "MVTec/capsule/test/faulty_imprint/003.png",
        "MVTec/capsule/test/faulty_imprint/004.png",
        "MVTec/capsule/test/faulty_imprint/005.png",
        "MVTec/capsule/test/faulty_imprint/006.png",
        "MVTec/capsule/test/faulty_imprint/007.png",
        "MVTec/capsule/test/faulty_imprint/008.png",
        "MVTec/capsule/test/faulty_imprint/009.png",
        "MVTec/capsule/test/faulty_imprint/010.png",
        "MVTec/capsule/test/faulty_imprint/011.png",
        "MVTec/capsule/test/faulty_imprint/012.png",
        "MVTec/capsule/test/faulty_imprint/013.png",
        "MVTec/capsule/test/faulty_imprint/014.png",
        "MVTec/capsule/test/faulty_imprint/015.png",
        "MVTec/capsule/test/faulty_imprint/016.png",
        "MVTec/capsule/test/faulty_imprint/017.png",
        "MVTec/capsule/test/faulty_imprint/018.png",
        "MVTec/capsule/test/faulty_imprint/019.png",
        "MVTec/capsule/test/faulty_imprint/020.png",
        "MVTec/capsule/test/faulty_imprint/021.png",
        "MVTec/capsule/test/good/000.png",
        "MVTec/capsule/test/good/001.png",
        "MVTec/capsule/test/good/002.png",
        "MVTec/capsule/test/good/003.png",
        "MVTec/capsule/test/good/004.png",
        "MVTec/capsule/test/good/005.png",
        "MVTec/capsule/test/good/006.png",
        "MVTec/capsule/test/good/007.png",
        "MVTec/capsule/test/good/008.png",
        "MVTec/capsule/test/good/009.png",
        "MVTec/capsule/test/good/010.png",
        "MVTec/capsule/test/good/011.png",
        "MVTec/capsule/test/good/012.png",
        "MVTec/capsule/test/good/013.png",
        "MVTec/capsule/test/good/014.png",
        "MVTec/capsule/test/good/015.png",
        "MVTec/capsule/test/good/016.png",
        "MVTec/capsule/test/good/017.png",
        "MVTec/capsule/test/good/018.png",
        "MVTec/capsule/test/good/019.png",
        "MVTec/capsule/test/good/020.png",
        "MVTec/capsule/test/good/021.png",
        "MVTec/capsule/test/good/022.png",
        "MVTec/capsule/test/poke/000.png",
        "MVTec/capsule/test/poke/001.png",
        "MVTec/capsule/test/poke/002.png",
        "MVTec/capsule/test/poke/003.png",
        "MVTec/capsule/test/poke/004.png",
        "MVTec/capsule/test/poke/005.png",
        "MVTec/capsule/test/poke/006.png",
        "MVTec/capsule/test/poke/007.png",
        "MVTec/capsule/test/poke/008.png",
        "MVTec/capsule/test/poke/009.png",
        "MVTec/capsule/test/poke/010.png",
        "MVTec/capsule/test/poke/011.png",
        "MVTec/capsule/test/poke/012.png",
        "MVTec/capsule/test/poke/013.png",
        "MVTec/capsule/test/poke/014.png",
        "MVTec/capsule/test/poke/015.png",
        "MVTec/capsule/test/poke/016.png",
        "MVTec/capsule/test/poke/017.png",
        "MVTec/capsule/test/poke/018.png",
        "MVTec/capsule/test/poke/019.png",
        "MVTec/capsule/test/poke/020.png",
        "MVTec/capsule/test/scratch/000.png",
        "MVTec/capsule/test/scratch/001.png",
        "MVTec/capsule/test/scratch/002.png",
        "MVTec/capsule/test/scratch/003.png",
        "MVTec/capsule/test/scratch/004.png",
        "MVTec/capsule/test/scratch/005.png",
        "MVTec/capsule/test/scratch/006.png",
        "MVTec/capsule/test/scratch/007.png",
        "MVTec/capsule/test/scratch/008.png",
        "MVTec/capsule/test/scratch/009.png",
        "MVTec/capsule/test/scratch/010.png",
        "MVTec/capsule/test/scratch/011.png",
        "MVTec/capsule/test/scratch/012.png",
        "MVTec/capsule/test/scratch/013.png",
        "MVTec/capsule/test/scratch/014.png",
        "MVTec/capsule/test/scratch/015.png",
        "MVTec/capsule/test/scratch/016.png",
        "MVTec/capsule/test/scratch/017.png",
        "MVTec/capsule/test/scratch/018.png",
        "MVTec/capsule/test/scratch/019.png",
        "MVTec/capsule/test/scratch/020.png",
        "MVTec/capsule/test/scratch/021.png",
        "MVTec/capsule/test/scratch/022.png",
        "MVTec/capsule/test/squeeze/000.png",
        "MVTec/capsule/test/squeeze/001.png",
        "MVTec/capsule/test/squeeze/002.png",
        "MVTec/capsule/test/squeeze/003.png",
