{
    "shared_fpr_metric": "mean-per-image-fpr",
    "fpr_lower_bound": 1e-05,
    "fpr_upper_bound": 0.0001,
    "num_threshs": 9131,
    "thresh_lower_bound": 0.017840474843978882,
    "thresh_upper_bound": 0.027264581993222237,
    "aupimos": [
        0.6190576936560394,
        0.3005811312536892,
        0.0,
        7.5692891425333295e-06,
        0.020439924975508814,
        0.0,
        0.18993493434228245,
        0.202452644933795,
        0.8818765984766403,
        0.49250461606983365,
        0.4222861569392953,
        0.6044555238570183,
        0.00781958858416884,
        0.0,
        0.0,
        0.11336466963167434,
        0.0771220502653716,
        0.15594072086406108,
        0.3611694588312493,
        0.31864439329216143,
        0.6240059792526662,
        0.0011028909687562794,
        0.04991637297908698,
        0.7476133569744055,
        0.21699138919832006,
        0.0716298501889601,
        0.29049993540185637,
        0.3611946093184659,
        0.13482993823916853,
        0.6364609287773013,
        0.49775632832828715,
        0.880372835675203,
        0.008301623410466091,
        0.9369696625058644,
        0.08284031058734338,
        NaN,
        NaN,
        NaN,
        NaN,
        NaN,
        NaN,
        NaN,
        NaN,
        NaN,
        NaN,
        NaN,
        NaN,
        NaN,
        NaN,
        NaN,
        NaN,
        NaN,
        NaN,
        NaN,
        NaN,
        NaN,
        NaN,
        NaN,
        NaN,
        NaN,
        NaN,
        NaN,
        NaN,
        NaN,
        NaN,
        NaN,
        NaN,
        NaN,
        NaN,
        NaN,
        NaN,
        NaN,
        NaN,
        NaN,
        NaN,
        0.9758502958909065,
        0.33066131283331973,
        0.903915170985614,
        0.509364517826174,
        0.4538820803694362,
        0.04006014832047711,
        0.5144007550999445,
        1.0,
        0.5679532651592611,
        0.3714133617400615,
        0.775109664509626,
        0.5836130035861944,
        0.42168109535456927,
        0.2632796406636154,
        0.48963047377122126,
        0.5773482361093598,
        9.46156368292613e-07,
        0.6502797460838634,
        1.0,
        1.0,
        1.0,
        0.993963217608208,
        1.0,
        0.9129218310389876,
        1.0,
        0.9972382582826018,
        1.0,
        1.0,
        1.0,
        0.9970774086017595,
        0.9996715211804832,
        0.9986492102504019,
        0.9987942426710691,
        0.8620661605273235,
        1.0
    ],
    "paths": [
        "MVTec/hazelnut/test/crack/000.png",
        "MVTec/hazelnut/test/crack/001.png",
        "MVTec/hazelnut/test/crack/002.png",
        "MVTec/hazelnut/test/crack/003.png",
        "MVTec/hazelnut/test/crack/004.png",
        "MVTec/hazelnut/test/crack/005.png",
        "MVTec/hazelnut/test/crack/006.png",
        "MVTec/hazelnut/test/crack/007.png",
        "MVTec/hazelnut/test/crack/008.png",
        "MVTec/hazelnut/test/crack/009.png",
        "MVTec/hazelnut/test/crack/010.png",
        "MVTec/hazelnut/test/crack/011.png",
        "MVTec/hazelnut/test/crack/012.png",
        "MVTec/hazelnut/test/crack/013.png",
        "MVTec/hazelnut/test/crack/014.png",
        "MVTec/hazelnut/test/crack/015.png",
        "MVTec/hazelnut/test/crack/016.png",
        "MVTec/hazelnut/test/crack/017.png",
        "MVTec/hazelnut/test/cut/000.png",
        "MVTec/hazelnut/test/cut/001.png",
        "MVTec/hazelnut/test/cut/002.png",
        "MVTec/hazelnut/test/cut/003.png",
        "MVTec/hazelnut/test/cut/004.png",
        "MVTec/hazelnut/test/cut/005.png",
        "MVTec/hazelnut/test/cut/006.png",
        "MVTec/hazelnut/test/cut/007.png",
        "MVTec/hazelnut/test/cut/008.png",
        "MVTec/hazelnut/test/cut/009.png",
        "MVTec/hazelnut/test/cut/010.png",
        "MVTec/hazelnut/test/cut/011.png",
        "MVTec/hazelnut/test/cut/012.png",
        "MVTec/hazelnut/test/cut/013.png",
        "MVTec/hazelnut/test/cut/014.png",
        "MVTec/hazelnut/test/cut/015.png",
        "MVTec/hazelnut/test/cut/016.png",
        "MVTec/hazelnut/test/good/000.png",
        "MVTec/hazelnut/test/good/001.png",
        "MVTec/hazelnut/test/good/002.png",
        "MVTec/hazelnut/test/good/003.png",
        "MVTec/hazelnut/test/good/004.png",
        "MVTec/hazelnut/test/good/005.png",
        "MVTec/hazelnut/test/good/006.png",
        "MVTec/hazelnut/test/good/007.png",
        "MVTec/hazelnut/test/good/008.png",
        "MVTec/hazelnut/test/good/009.png",
        "MVTec/hazelnut/test/good/010.png",
        "MVTec/hazelnut/test/good/011.png",
        "MVTec/hazelnut/test/good/012.png",
        "MVTec/hazelnut/test/good/013.png",
        "MVTec/hazelnut/test/good/014.png",
        "MVTec/hazelnut/test/good/015.png",
        "MVTec/hazelnut/test/good/016.png",
        "MVTec/hazelnut/test/good/017.png",
        "MVTec/hazelnut/test/good/018.png",
        "MVTec/hazelnut/test/good/019.png",
        "MVTec/hazelnut/test/good/020.png",
        "MVTec/hazelnut/test/good/021.png",
        "MVTec/hazelnut/test/good/022.png",
        "MVTec/hazelnut/test/good/023.png",
        "MVTec/hazelnut/test/good/024.png",
        "MVTec/hazelnut/test/good/025.png",
        "MVTec/hazelnut/test/good/026.png",
        "MVTec/hazelnut/test/good/027.png",
        "MVTec/hazelnut/test/good/028.png",
        "MVTec/hazelnut/test/good/029.png",
        "MVTec/hazelnut/test/good/030.png",
        "MVTec/hazelnut/test/good/031.png",
        "MVTec/hazelnut/test/good/032.png",
        "MVTec/hazelnut/test/good/033.png",
        "MVTec/hazelnut/test/good/034.png",
        "MVTec/hazelnut/test/good/035.png",
        "MVTec/hazelnut/test/good/036.png",
        "MVTec/hazelnut/test/good/037.png",
        "MVTec/hazelnut/test/good/038.png",
        "MVTec/hazelnut/test/good/039.png",
        "MVTec/hazelnut/test/hole/000.png",
        "MVTec/hazelnut/test/hole/001.png",
        "MVTec/hazelnut/test/hole/002.png",
        "MVTec/hazelnut/test/hole/003.png",
        "MVTec/hazelnut/test/hole/004.png",
        "MVTec/hazelnut/test/hole/005.png",
        "MVTec/hazelnut/test/hole/006.png",
        "MVTec/hazelnut/test/hole/007.png",
        "MVTec/hazelnut/test/hole/008.png",
        "MVTec/hazelnut/test/hole/009.png",
        "MVTec/hazelnut/test/hole/010.png",
        "MVTec/hazelnut/test/hole/011.png",
        "MVTec/hazelnut/test/hole/012.png",
        "MVTec/hazelnut/test/hole/013.png",
        "MVTec/hazelnut/test/hole/014.png",
        "MVTec/hazelnut/test/hole/015.png",
        "MVTec/hazelnut/test/hole/016.png",
        "MVTec/hazelnut/test/hole/017.png",
        "MVTec/hazelnut/test/print/000.png",
        "MVTec/hazelnut/test/print/001.png",
        "MVTec/hazelnut/test/print/002.png",
        "MVTec/hazelnut/test/print/003.png",
        "MVTec/hazelnut/test/print/004.png",
        "MVTec/hazelnut/test/print/005.png",
        "MVTec/hazelnut/test/print/006.png",
        "MVTec/hazelnut/test/print/007.png",
        "MVTec/hazelnut/test/print/008.png",
        "MVTec/hazelnut/test/print/009.png",
        "MVTec/hazelnut/test/print/010.png",
        "MVTec/hazelnut/test/print/011.png",
        "MVTec/hazelnut/test/print/012.png",
        "MVTec/hazelnut/test/print/013.png",
        "MVTec/hazelnut/test/print/014.png",
        "MVTec/hazelnut/test/print/015.png",
        "MVTec/hazelnut/test/print/016.png"
    ]
}