{
    "shared_fpr_metric": "mean-per-image-fpr",
    "fpr_lower_bound": 1e-05,
    "fpr_upper_bound": 0.0001,
    "num_threshs": 15818,
    "thresh_lower_bound": 0.27246105670928955,
    "thresh_upper_bound": 0.7936864495277405,
    "aupimos": [
        0.09408278053314886,
        1.0,
        0.98940187917759,
        0.7898762869383166,
        1.0,
        0.3766345815593885,
        0.9788854233272304,
        0.8119961235417804,
        0.1761929024517604,
        0.848203846506199,
        1.0,
        0.8133773409532128,
        0.9937073525967973,
        0.9445236407568551,
        1.0,
        0.685180362820822,
        0.0,
        0.8469684930325747,
        0.9964601567371255,
        0.41307265828846773,
        1.0,
        0.3963439601643998,
        0.0,
        0.7127427864627668,
        0.7728378817293612,
        0.9735412365700038,
        0.6033534884157601,
        0.6549959267713811,
        0.6802348097602565,
        0.8789178970759834,
        0.8651871733730884,
        0.9511566838767117,
        0.7330652997186352,
        0.9729833984323456,
        0.22489338825381447,
        0.23784865103448422,
        0.6840276293697364,
        0.7366653820685202,
        0.7492659475608419,
        0.8746888923415272,
        0.7152769449295786,
        0.27256099923508165,
        0.2684704575951244,
        1.0,
        0.9298777061879532,
        NaN,
        NaN,
        NaN,
        NaN,
        NaN,
        NaN,
        NaN,
        NaN,
        NaN,
        NaN,
        NaN,
        NaN,
        NaN,
        NaN,
        NaN,
        NaN,
        NaN,
        NaN,
        NaN,
        NaN,
        NaN,
        NaN,
        NaN,
        0.9989187616591773,
        0.5926945598770406,
        0.0,
        0.6641024676044612,
        0.74378842929081,
        0.0,
        0.08154674012617573,
        0.48144542034235915,
        0.8931552041382782,
        0.5967236490671949,
        0.8290341931614897,
        0.9986982238326255,
        0.954812985731596,
        1.0,
        0.8363669196509335,
        0.40943188477990866,
        0.9772416053507389,
        0.416718067397128,
        0.8373620837165945,
        0.732638576513351,
        0.5494923325201507,
        0.0016766272603638268,
        0.24291623565210096,
        0.24926652811897132,
        0.006332326871655194,
        0.04171383107177265,
        0.14944116087568857,
        0.17312723561637308,
        0.28657312534014584,
        0.7484334335407041,
        0.10756330272165127,
        0.49578476249282294,
        0.5602074758201541,
        0.08433688714956888,
        0.050197258029198936,
        0.2301133945481848,
        0.06995165914752867,
        0.3317293747766521,
        0.059860345798093996,
        0.7766320273243359,
        0.44280074702604394,
        0.11970496105068333,
        0.07244988563770506,
        0.20624416084085687,
        0.306134455290436,
        0.6957095015322243,
        0.1464722461660509,
        0.9690915986469502,
        0.7599868280854296,
        0.23444483103356378,
        0.4069593232425053,
        0.7808511476377114,
        0.27321771610170664,
        0.442407585872771,
        0.6275815955089903,
        0.49802064816048397,
        0.10847657361108629,
        0.48257470014175374,
        0.44489722396229975,
        0.6461838013066251,
        0.3736123301429479,
        0.6396581486947657,
        0.6807130807696451,
        0.4940437892006884
    ],
    "paths": [
        "MVTec/capsule/test/crack/000.png",
        "MVTec/capsule/test/crack/001.png",
        "MVTec/capsule/test/crack/002.png",
        "MVTec/capsule/test/crack/003.png",
        "MVTec/capsule/test/crack/004.png",
        "MVTec/capsule/test/crack/005.png",
        "MVTec/capsule/test/crack/006.png",
        "MVTec/capsule/test/crack/007.png",
        "MVTec/capsule/test/crack/008.png",
        "MVTec/capsule/test/crack/009.png",
        "MVTec/capsule/test/crack/010.png",
        "MVTec/capsule/test/crack/011.png",
        "MVTec/capsule/test/crack/012.png",
        "MVTec/capsule/test/crack/013.png",
        "MVTec/capsule/test/crack/014.png",
        "MVTec/capsule/test/crack/015.png",
        "MVTec/capsule/test/crack/016.png",
        "MVTec/capsule/test/crack/017.png",
        "MVTec/capsule/test/crack/018.png",
        "MVTec/capsule/test/crack/019.png",
        "MVTec/capsule/test/crack/020.png",
        "MVTec/capsule/test/crack/021.png",
        "MVTec/capsule/test/crack/022.png",
        "MVTec/capsule/test/faulty_imprint/000.png",
        "MVTec/capsule/test/faulty_imprint/001.png",
        "MVTec/capsule/test/faulty_imprint/002.png",
        "MVTec/capsule/test/faulty_imprint/003.png",
        "MVTec/capsule/test/faulty_imprint/004.png",
        "MVTec/capsule/test/faulty_imprint/005.png",
        "MVTec/capsule/test/faulty_imprint/006.png",
        "MVTec/capsule/test/faulty_imprint/007.png",
        "MVTec/capsule/test/faulty_imprint/008.png",
        "MVTec/capsule/test/faulty_imprint/009.png",
        "MVTec/capsule/test/faulty_imprint/010.png",
        "MVTec/capsule/test/faulty_imprint/011.png",
        "MVTec/capsule/test/faulty_imprint/012.png",
        "MVTec/capsule/test/faulty_imprint/013.png",
        "MVTec/capsule/test/faulty_imprint/014.png",
        "MVTec/capsule/test/faulty_imprint/015.png",
        "MVTec/capsule/test/faulty_imprint/016.png",
        "MVTec/capsule/test/faulty_imprint/017.png",
        "MVTec/capsule/test/faulty_imprint/018.png",
        "MVTec/capsule/test/faulty_imprint/019.png",
        "MVTec/capsule/test/faulty_imprint/020.png",
        "MVTec/capsule/test/faulty_imprint/021.png",
        "MVTec/capsule/test/good/000.png",
        "MVTec/capsule/test/good/001.png",
        "MVTec/capsule/test/good/002.png",
        "MVTec/capsule/test/good/003.png",
        "MVTec/capsule/test/good/004.png",
        "MVTec/capsule/test/good/005.png",
        "MVTec/capsule/test/good/006.png",
        "MVTec/capsule/test/good/007.png",
        "MVTec/capsule/test/good/008.png",
        "MVTec/capsule/test/good/009.png",
        "MVTec/capsule/test/good/010.png",
        "MVTec/capsule/test/good/011.png",
        "MVTec/capsule/test/good/012.png",
        "MVTec/capsule/test/good/013.png",
        "MVTec/capsule/test/good/014.png",
        "MVTec/capsule/test/good/015.png",
        "MVTec/capsule/test/good/016.png",
        "MVTec/capsule/test/good/017.png",
        "MVTec/capsule/test/good/018.png",
        "MVTec/capsule/test/good/019.png",
        "MVTec/capsule/test/good/020.png",
        "MVTec/capsule/test/good/021.png",
        "MVTec/capsule/test/good/022.png",
        "MVTec/capsule/test/poke/000.png",
        "MVTec/capsule/test/poke/001.png",
        "MVTec/capsule/test/poke/002.png",
        "MVTec/capsule/test/poke/003.png",
        "MVTec/capsule/test/poke/004.png",
        "MVTec/capsule/test/poke/005.png",
        "MVTec/capsule/test/poke/006.png",
        "MVTec/capsule/test/poke/007.png",
        "MVTec/capsule/test/poke/008.png",
        "MVTec/capsule/test/poke/009.png",
        "MVTec/capsule/test/poke/010.png",
        "MVTec/capsule/test/poke/011.png",
        "MVTec/capsule/test/poke/012.png",
        "MVTec/capsule/test/poke/013.png",
        "MVTec/capsule/test/poke/014.png",
        "MVTec/capsule/test/poke/015.png",
        "MVTec/capsule/test/poke/016.png",
        "MVTec/capsule/test/poke/017.png",
        "MVTec/capsule/test/poke/018.png",
        "MVTec/capsule/test/poke/019.png",
        "MVTec/capsule/test/poke/020.png",
        "MVTec/capsule/test/scratch/000.png",
        "MVTec/capsule/test/scratch/001.png",
        "MVTec/capsule/test/scratch/002.png",
        "MVTec/capsule/test/scratch/003.png",
        "MVTec/capsule/test/scratch/004.png",
        "MVTec/capsule/test/scratch/005.png",
        "MVTec/capsule/test/scratch/006.png",
        "MVTec/capsule/test/scratch/007.png",
        "MVTec/capsule/test/scratch/008.png",
