{
    "shared_fpr_metric": "mean-per-image-fpr",
    "fpr_lower_bound": 1e-05,
    "fpr_upper_bound": 0.0001,
    "num_threshs": 2047,
    "thresh_lower_bound": 0.6965233087539673,
    "thresh_upper_bound": 0.726302981376648,
    "aupimos": [
        0.5230994025066029,
        0.9981158561254488,
        0.9981158561254488,
        0.9972461053497776,
        0.9981158561254488,
        0.08941864370002546,
        0.9981158561254488,
        0.9981158561254488,
        0.785183833901151,
        0.9340360486413612,
        0.9981158561254488,
        0.9953048963592868,
        0.9981158561254488,
        0.9981158561254488,
        0.9981158561254488,
        0.9981158561254488,
        0.0,
        0.9981158561254488,
        0.9981158561254488,
        0.9981158561254488,
        0.9981158561254488,
        0.9981158561254488,
        0.9079388863416805,
        0.9921746903151781,
        0.9981158561254488,
        0.9576787185638869,
        0.8347308027209064,
        0.8030065631044497,
        0.8816406336430245,
        0.9085159333899773,
        0.9879782136523095,
        0.9981158561254488,
        0.9981158561254488,
        0.9981158561254488,
        0.5912746610709129,
        0.9320369676523651,
        0.8460442330394242,
        0.9854456381943988,
        0.9689210269978602,
        0.9247654740456425,
        0.8969729624189667,
        0.8232582693129883,
        0.9981158561254488,
        0.9981158561254488,
        0.967571721534112,
        NaN,
        NaN,
        NaN,
        NaN,
        NaN,
        NaN,
        NaN,
        NaN,
        NaN,
        NaN,
        NaN,
        NaN,
        NaN,
        NaN,
        NaN,
        NaN,
        NaN,
        NaN,
        NaN,
        NaN,
        NaN,
        NaN,
        NaN,
        0.9981158561254488,
        0.9793167179921296,
        0.09493257105029332,
        0.9960200748002508,
        0.9818159316693289,
        0.11752414334148512,
        0.0,
        0.9981158561254488,
        0.9894267773782813,
        0.9590368153144553,
        0.7046841841926078,
        0.9981158561254488,
        0.9981158561254488,
        0.9981158561254488,
        0.9480206032349915,
        0.651057083305541,
        0.9981158561254488,
        0.9981158561254488,
        0.9787641915301688,
        0.9209617666852392,
        0.9981158561254488,
        0.13333759954511598,
        0.6038133361041209,
        0.8094867049432399,
        0.0,
        0.3881058547166748,
        0.4122948749619185,
        0.6560648042257166,
        0.7127540833223238,
        0.9744994635735038,
        0.878579380886666,
        0.9640302027727989,
        0.8875408229665278,
        0.4015604224730495,
        0.017775114036523768,
        0.9981158561254488,
        0.6503871496174619,
        0.3271143248153869,
        0.0,
        0.9712300707050964,
        0.9972623909150907,
        0.6036899175876873,
        0.7290472324032059,
        0.4756667144624988,
        0.9981158561254488,
        0.9981158561254488,
        0.9581766480845694,
        0.9963642635145237,
        0.9981158561254488,
        0.9227698303422115,
        0.9981158561254488,
        0.9981158561254488,
        0.9269641002845685,
        0.9981158561254488,
        0.9981158561254488,
        0.9973406063910664,
        0.7810114245618015,
        0.9753858119625642,
        0.9981158561254488,
        0.9667003715200038,
        0.9981158561254488,
        0.9981158561254488,
        0.9981158561254488,
        0.9199705180461643
    ],
    "paths": [
        "MVTec/capsule/test/crack/000.png",
        "MVTec/capsule/test/crack/001.png",
        "MVTec/capsule/test/crack/002.png",
        "MVTec/capsule/test/crack/003.png",
        "MVTec/capsule/test/crack/004.png",
        "MVTec/capsule/test/crack/005.png",
        "MVTec/capsule/test/crack/006.png",
        "MVTec/capsule/test/crack/007.png",
        "MVTec/capsule/test/crack/008.png",
        "MVTec/capsule/test/crack/009.png",
        "MVTec/capsule/test/crack/010.png",
        "MVTec/capsule/test/crack/011.png",
        "MVTec/capsule/test/crack/012.png",
        "MVTec/capsule/test/crack/013.png",
        "MVTec/capsule/test/crack/014.png",
        "MVTec/capsule/test/crack/015.png",
        "MVTec/capsule/test/crack/016.png",
        "MVTec/capsule/test/crack/017.png",
        "MVTec/capsule/test/crack/018.png",
        "MVTec/capsule/test/crack/019.png",
        "MVTec/capsule/test/crack/020.png",
        "MVTec/capsule/test/crack/021.png",
        "MVTec/capsule/test/crack/022.png",
        "MVTec/capsule/test/faulty_imprint/000.png",
        "MVTec/capsule/test/faulty_imprint/001.png",
        "MVTec/capsule/test/faulty_imprint/002.png",
        "MVTec/capsule/test/faulty_imprint/003.png",
        "MVTec/capsule/test/faulty_imprint/004.png",
        "MVTec/capsule/test/faulty_imprint/005.png",
        "MVTec/capsule/test/faulty_imprint/006.png",
        "MVTec/capsule/test/faulty_imprint/007.png",
        "MVTec/capsule/test/faulty_imprint/008.png",
        "MVTec/capsule/test/faulty_imprint/009.png",
        "MVTec/capsule/test/faulty_imprint/010.png",
        "MVTec/capsule/test/faulty_imprint/011.png",
        "MVTec/capsule/test/faulty_imprint/012.png",
        "MVTec/capsule/test/faulty_imprint/013.png",
        "MVTec/capsule/test/faulty_imprint/014.png",
        "MVTec/capsule/test/faulty_imprint/015.png",
        "MVTec/capsule/test/faulty_imprint/016.png",
        "MVTec/capsule/test/faulty_imprint/017.png",
        "MVTec/capsule/test/faulty_imprint/018.png",
        "MVTec/capsule/test/faulty_imprint/019.png",
        "MVTec/capsule/test/faulty_imprint/020.png",
        "MVTec/capsule/test/faulty_imprint/021.png",
        "MVTec/capsule/test/good/000.png",
        "MVTec/capsule/test/good/001.png",
        "MVTec/capsule/test/good/002.png",
        "MVTec/capsule/test/good/003.png",
        "MVTec/capsule/test/good/004.png",
        "MVTec/capsule/test/good/005.png",
        "MVTec/capsule/test/good/006.png",
        "MVTec/capsule/test/good/007.png",
        "MVTec/capsule/test/good/008.png",
        "MVTec/capsule/test/good/009.png",
        "MVTec/capsule/test/good/010.png",
        "MVTec/capsule/test/good/011.png",
        "MVTec/capsule/test/good/012.png",
        "MVTec/capsule/test/good/013.png",
        "MVTec/capsule/test/good/014.png",
        "MVTec/capsule/test/good/015.png",
        "MVTec/capsule/test/good/016.png",
        "MVTec/capsule/test/good/017.png",
        "MVTec/capsule/test/good/018.png",
        "MVTec/capsule/test/good/019.png",
        "MVTec/capsule/test/good/020.png",
        "MVTec/capsule/test/good/021.png",
        "MVTec/capsule/test/good/022.png",
        "MVTec/capsule/test/poke/000.png",
        "MVTec/capsule/test/poke/001.png",
        "MVTec/capsule/test/poke/002.png",
        "MVTec/capsule/test/poke/003.png",
        "MVTec/capsule/test/poke/004.png",
        "MVTec/capsule/test/poke/005.png",
        "MVTec/capsule/test/poke/006.png",
        "MVTec/capsule/test/poke/007.png",
        "MVTec/capsule/test/poke/008.png",
        "MVTec/capsule/test/poke/009.png",
        "MVTec/capsule/test/poke/010.png",
        "MVTec/capsule/test/poke/011.png",
        "MVTec/capsule/test/poke/012.png",
        "MVTec/capsule/test/poke/013.png",
        "MVTec/capsule/test/poke/014.png",
        "MVTec/capsule/test/poke/015.png",
        "MVTec/capsule/test/poke/016.png",
        "MVTec/capsule/test/poke/017.png",
        "MVTec/capsule/test/poke/018.png",
        "MVTec/capsule/test/poke/019.png",
        "MVTec/capsule/test/poke/020.png",
        "MVTec/capsule/test/scratch/000.png",
        "MVTec/capsule/test/scratch/001.png",
        "MVTec/capsule/test/scratch/002.png",
        "MVTec/capsule/test/scratch/003.png",
        "MVTec/capsule/test/scratch/004.png",
        "MVTec/capsule/test/scratch/005.png",
        "MVTec/capsule/test/scratch/006.png",
        "MVTec/capsule/test/scratch/007.png",
