{
    "shared_fpr_metric": "mean-per-image-fpr",
    "fpr_lower_bound": 1e-05,
    "fpr_upper_bound": 0.0001,
    "num_threshs": 1450,
    "thresh_lower_bound": 1.0656756162643433,
    "thresh_upper_bound": 1.2238322496414185,
    "aupimos": [
        0.6019382615014097,
        0.5674575157575457,
        0.0,
        0.998333986954902,
        0.5292095750412981,
        0.5247663848586203,
        0.7000537321039628,
        0.8916754814992723,
        0.971559713743018,
        0.5272130608239821,
        1.0,
        0.8984582010850398,
        0.029594741188308685,
        0.778062631358474,
        0.6373355747523547,
        0.4189296753587365,
        0.559051071478911,
        0.9999539898364331,
        0.951430387546303,
        0.9702741970334685,
        0.9406036207105818,
        0.9897259289519466,
        0.33428050632877343,
        0.3000347201322765,
        0.8623904415148383,
        0.924551721509518,
        0.6132345435444544,
        0.5597599650561246,
        0.4717689656423597,
        0.9908708338940537,
        0.8822784767579046,
        0.8872727070011557,
        0.7536010632385479,
        0.6952681482694509,
        0.747953318190306,
        1.0,
        1.0,
        0.9637535692793432,
        1.0,
        1.0,
        1.0,
        1.0,
        1.0,
        1.0,
        1.0,
        0.9921432902753732,
        1.0,
        0.9342557803609363,
        1.0,
        1.0,
        0.9997633438278799,
        0.8757860252839911,
        0.33212202690869436,
        0.30990373602508803,
        0.21945997626085428,
        0.0033586558791777006,
        0.5549175520620792,
        0.0,
        0.9653381198561131,
        0.0,
        0.6394567502767905,
        0.2800561623159592,
        0.0,
        0.0,
        0.0,
        0.268484569860518,
        0.3703337089422999,
        0.17271191607316733,
        NaN,
        NaN,
        NaN,
        NaN,
        NaN,
        NaN,
        NaN,
        NaN,
        NaN,
        NaN,
        NaN,
        NaN,
        NaN,
        NaN,
        NaN,
        NaN,
        NaN,
        NaN,
        NaN,
        NaN,
        NaN,
        NaN,
        NaN,
        NaN,
        NaN,
        NaN,
        NaN,
        NaN,
        NaN,
        NaN,
        NaN,
        NaN,
        0.8914873941861583,
        0.9334034481652566,
        0.6715918160225648,
        0.8599353572569222,
        0.7617068414906635,
        0.49630535155169586,
        0.5565459191280149,
        0.8240026509526441,
        0.5453285110668878,
        0.9899243999761559,
        0.8535376448427409,
        0.9942644141223146,
        0.6483653298190196,
        0.9495244608234833,
        0.7950093986156517,
        0.6800515418092647,
        0.854891697138349,
        0.7252074738948898,
        1.0,
        1.0,
        0.9296196390300058,
        1.0,
        0.9669798094298799,
        0.8229109467145815,
        1.0,
        0.8670658807527089,
        0.9995641172939724,
        0.9890295595279386,
        0.9996909760500773,
        1.0,
        1.0,
        0.989511118928264,
        1.0,
        0.9550618226740516,
        1.0,
        0.8865778724760922,
        0.9414834753961097,
        1.0,
        1.0,
        0.8364415255483175,
        0.9866906469137707,
        0.9975737557848963,
        0.8754447969211857,
        0.17814517751147604,
        0.6242174158029478,
        0.9893236883692303,
        0.8435001413526007,
        0.9949925674946781,
        0.9276869598445353,
        1.0,
        1.0
    ],
    "paths": [
        "MVTec/zipper/test/broken_teeth/000.png",
        "MVTec/zipper/test/broken_teeth/001.png",
        "MVTec/zipper/test/broken_teeth/002.png",
        "MVTec/zipper/test/broken_teeth/003.png",
        "MVTec/zipper/test/broken_teeth/004.png",
        "MVTec/zipper/test/broken_teeth/005.png",
        "MVTec/zipper/test/broken_teeth/006.png",
        "MVTec/zipper/test/broken_teeth/007.png",
        "MVTec/zipper/test/broken_teeth/008.png",
        "MVTec/zipper/test/broken_teeth/009.png",
        "MVTec/zipper/test/broken_teeth/010.png",
        "MVTec/zipper/test/broken_teeth/011.png",
        "MVTec/zipper/test/broken_teeth/012.png",
        "MVTec/zipper/test/broken_teeth/013.png",
        "MVTec/zipper/test/broken_teeth/014.png",
        "MVTec/zipper/test/broken_teeth/015.png",
        "MVTec/zipper/test/broken_teeth/016.png",
        "MVTec/zipper/test/broken_teeth/017.png",
        "MVTec/zipper/test/broken_teeth/018.png",
        "MVTec/zipper/test/combined/000.png",
        "MVTec/zipper/test/combined/001.png",
        "MVTec/zipper/test/combined/002.png",
        "MVTec/zipper/test/combined/003.png",
        "MVTec/zipper/test/combined/004.png",
        "MVTec/zipper/test/combined/005.png",
        "MVTec/zipper/test/combined/006.png",
        "MVTec/zipper/test/combined/007.png",
        "MVTec/zipper/test/combined/008.png",
        "MVTec/zipper/test/combined/009.png",
        "MVTec/zipper/test/combined/010.png",
        "MVTec/zipper/test/combined/011.png",
        "MVTec/zipper/test/combined/012.png",
        "MVTec/zipper/test/combined/013.png",
        "MVTec/zipper/test/combined/014.png",
        "MVTec/zipper/test/combined/015.png",
        "MVTec/zipper/test/fabric_border/000.png",
        "MVTec/zipper/test/fabric_border/001.png",
        "MVTec/zipper/test/fabric_border/002.png",
        "MVTec/zipper/test/fabric_border/003.png",
        "MVTec/zipper/test/fabric_border/004.png",
        "MVTec/zipper/test/fabric_border/005.png",
        "MVTec/zipper/test/fabric_border/006.png",
        "MVTec/zipper/test/fabric_border/007.png",
        "MVTec/zipper/test/fabric_border/008.png",
        "MVTec/zipper/test/fabric_border/009.png",
        "MVTec/zipper/test/fabric_border/010.png",
        "MVTec/zipper/test/fabric_border/011.png",
        "MVTec/zipper/test/fabric_border/012.png",
        "MVTec/zipper/test/fabric_border/013.png",
        "MVTec/zipper/test/fabric_border/014.png",
        "MVTec/zipper/test/fabric_border/015.png",
        "MVTec/zipper/test/fabric_border/016.png",
        "MVTec/zipper/test/fabric_interior/000.png",
        "MVTec/zipper/test/fabric_interior/001.png",
        "MVTec/zipper/test/fabric_interior/002.png",
        "MVTec/zipper/test/fabric_interior/003.png",
        "MVTec/zipper/test/fabric_interior/004.png",
        "MVTec/zipper/test/fabric_interior/005.png",
        "MVTec/zipper/test/fabric_interior/006.png",
        "MVTec/zipper/test/fabric_interior/007.png",
        "MVTec/zipper/test/fabric_interior/008.png",
        "MVTec/zipper/test/fabric_interior/009.png",
        "MVTec/zipper/test/fabric_interior/010.png",
        "MVTec/zipper/test/fabric_interior/011.png",
        "MVTec/zipper/test/fabric_interior/012.png",
        "MVTec/zipper/test/fabric_interior/013.png",
        "MVTec/zipper/test/fabric_interior/014.png",
        "MVTec/zipper/test/fabric_interior/015.png",
        "MVTec/zipper/test/good/000.png",
        "MVTec/zipper/test/good/001.png",
        "MVTec/zipper/test/good/002.png",
        "MVTec/zipper/test/good/003.png",
        "MVTec/zipper/test/good/004.png",
        "MVTec/zipper/test/good/005.png",
        "MVTec/zipper/test/good/006.png",
        "MVTec/zipper/test/good/007.png",
        "MVTec/zipper/test/good/008.png",
        "MVTec/zipper/test/good/009.png",
        "MVTec/zipper/test/good/010.png",
        "MVTec/zipper/test/good/011.png",
        "MVTec/zipper/test/good/012.png",
        "MVTec/zipper/test/good/013.png",
        "MVTec/zipper/test/good/014.png",
        "MVTec/zipper/test/good/015.png",
        "MVTec/zipper/test/good/016.png",
        "MVTec/zipper/test/good/017.png",
        "MVTec/zipper/test/good/018.png",
        "MVTec/zipper/test/good/019.png",
        "MVTec/zipper/test/good/020.png",
        "MVTec/zipper/test/good/021.png",
        "MVTec/zipper/test/good/022.png",
        "MVTec/zipper/test/good/023.png",
