{
    "shared_fpr_metric": "mean-per-image-fpr",
    "fpr_lower_bound": 1e-05,
    "fpr_upper_bound": 0.0001,
    "num_threshs": null,
    "thresh_lower_bound": 127.94023132324219,
    "thresh_upper_bound": 139.2738037109375,
    "aupimos": [
        0.9423554836186832,
        0.8469455592856673,
        0.9428556332973622,
        0.9581185596426505,
        0.9958349477893874,
        0.9856156946818027,
        0.9656044839455258,
        0.9623581392127428,
        0.572193071143909,
        0.9295422279745609,
        0.5208177960735124,
        0.9283541125663277,
        0.9607525698175583,
        0.99581405339233,
        0.9890505681077273,
        0.9483278554865922,
        0.8615150347140588,
        0.9973788514720435,
        0.9876983249319014,
        0.9410174545911699,
        0.9983954877350028,
        0.9587350357220487,
        0.9131771394930707,
        0.7695278692550414,
        0.9994213263875313,
        0.0,
        0.0,
        0.9870341439195607,
        0.0,
        0.34350822996255914,
        0.7278819541189707,
        0.0,
        0.0,
        0.0,
        0.0,
        0.004346635648214296,
        0.4912502402841015,
        0.0,
        0.1519792356006459,
        0.6900846547047021,
        0.9994098165538672,
        0.937312858681819,
        0.8453239014785011,
        0.919370728976209,
        0.4811420141949328,
        0.9438884944886962,
        0.947747138916748,
        0.9796764273548833,
        0.8994913688211869,
        0.9993678393315641,
        0.9846223263294882,
        0.8837705574016619,
        0.9869413491213052,
        0.7973098001081854,
        0.9942808468735304,
        0.9354941871980693,
        0.9743319441390975,
        0.9717783241614502,
        0.7771708339802648,
        0.9910444094835058,
        0.9002807443600882,
        0.9891273488975378,
        0.9631559780853466,
        0.7136229791188713,
        0.9672002554888116,
        0.7445045740478964,
        0.902127212458703,
        0.8858685047054683,
        0.5380977838452905,
        0.919655615205345,
        0.5655515761806094,
        0.9887121206924474,
        0.1624433817103493,
        0.6201865274241861,
        0.8127766696096376,
        0.9994213263875313,
        0.9994213263875313,
        0.9994213263875313,
        0.9364632855261987,
        0.9962226421608237,
        0.8650818528043357,
        0.8189397462010651,
        0.9994213263875313,
        0.9994213263875313,
        0.9994213263875313,
        0.8249776203493556,
        0.662723407955907,
        0.9994213263875313,
        0.9994213263875313,
        0.9994213263875313,
        0.9994213263875313,
        0.8253322522931015,
        0.7073023352960033,
        0.850375857896643,
        0.9994213263875313,
        0.9994213263875313,
        0.9649077449564463,
        0.9706181347636519,
        0.9991864784829337,
        0.9994213263875313,
        NaN,
        NaN,
        NaN,
        NaN,
        NaN,
        NaN,
        NaN,
        NaN,
        NaN,
        NaN,
        NaN,
        NaN,
        NaN,
        NaN,
        NaN,
        NaN,
        NaN,
        NaN,
        NaN,
        NaN,
        NaN,
        NaN,
        NaN,
        NaN,
        NaN,
        NaN,
        NaN,
        NaN,
        NaN,
        NaN,
        NaN,
        NaN,
        NaN,
        NaN,
        NaN,
        NaN,
        NaN,
        NaN,
        NaN,
        NaN,
        NaN,
        NaN,
        NaN,
        NaN,
        NaN,
        NaN,
        NaN,
        NaN,
        NaN,
        NaN
    ],
    "paths": [
        "VisA/visa_pytorch/chewinggum/test/bad/000.JPG",
        "VisA/visa_pytorch/chewinggum/test/bad/001.JPG",
        "VisA/visa_pytorch/chewinggum/test/bad/002.JPG",
        "VisA/visa_pytorch/chewinggum/test/bad/003.JPG",
        "VisA/visa_pytorch/chewinggum/test/bad/004.JPG",
        "VisA/visa_pytorch/chewinggum/test/bad/005.JPG",
        "VisA/visa_pytorch/chewinggum/test/bad/006.JPG",
        "VisA/visa_pytorch/chewinggum/test/bad/007.JPG",
        "VisA/visa_pytorch/chewinggum/test/bad/008.JPG",
        "VisA/visa_pytorch/chewinggum/test/bad/009.JPG",
        "VisA/visa_pytorch/chewinggum/test/bad/010.JPG",
        "VisA/visa_pytorch/chewinggum/test/bad/011.JPG",
        "VisA/visa_pytorch/chewinggum/test/bad/012.JPG",
        "VisA/visa_pytorch/chewinggum/test/bad/013.JPG",
        "VisA/visa_pytorch/chewinggum/test/bad/014.JPG",
        "VisA/visa_pytorch/chewinggum/test/bad/015.JPG",
        "VisA/visa_pytorch/chewinggum/test/bad/016.JPG",
        "VisA/visa_pytorch/chewinggum/test/bad/017.JPG",
        "VisA/visa_pytorch/chewinggum/test/bad/018.JPG",
        "VisA/visa_pytorch/chewinggum/test/bad/019.JPG",
        "VisA/visa_pytorch/chewinggum/test/bad/020.JPG",
        "VisA/visa_pytorch/chewinggum/test/bad/021.JPG",
        "VisA/visa_pytorch/chewinggum/test/bad/022.JPG",
        "VisA/visa_pytorch/chewinggum/test/bad/023.JPG",
        "VisA/visa_pytorch/chewinggum/test/bad/024.JPG",
        "VisA/visa_pytorch/chewinggum/test/bad/025.JPG",
        "VisA/visa_pytorch/chewinggum/test/bad/026.JPG",
        "VisA/visa_pytorch/chewinggum/test/bad/027.JPG",
        "VisA/visa_pytorch/chewinggum/test/bad/028.JPG",
        "VisA/visa_pytorch/chewinggum/test/bad/029.JPG",
        "VisA/visa_pytorch/chewinggum/test/bad/030.JPG",
        "VisA/visa_pytorch/chewinggum/test/bad/031.JPG",
        "VisA/visa_pytorch/chewinggum/test/bad/032.JPG",
        "VisA/visa_pytorch/chewinggum/test/bad/033.JPG",
        "VisA/visa_pytorch/chewinggum/test/bad/034.JPG",
        "VisA/visa_pytorch/chewinggum/test/bad/035.JPG",
        "VisA/visa_pytorch/chewinggum/test/bad/036.JPG",
        "VisA/visa_pytorch/chewinggum/test/bad/037.JPG",
        "VisA/visa_pytorch/chewinggum/test/bad/038.JPG",
        "VisA/visa_pytorch/chewinggum/test/bad/039.JPG",
        "VisA/visa_pytorch/chewinggum/test/bad/040.JPG",
        "VisA/visa_pytorch/chewinggum/test/bad/041.JPG",
        "VisA/visa_pytorch/chewinggum/test/bad/042.JPG",
        "VisA/visa_pytorch/chewinggum/test/bad/043.JPG",
        "VisA/visa_pytorch/chewinggum/test/bad/044.JPG",
        "VisA/visa_pytorch/chewinggum/test/bad/045.JPG",
        "VisA/visa_pytorch/chewinggum/test/bad/046.JPG",
        "VisA/visa_pytorch/chewinggum/test/bad/047.JPG",
        "VisA/visa_pytorch/chewinggum/test/bad/048.JPG",
        "VisA/visa_pytorch/chewinggum/test/bad/049.JPG",
        "VisA/visa_pytorch/chewinggum/test/bad/050.JPG",
        "VisA/visa_pytorch/chewinggum/test/bad/051.JPG",
        "VisA/visa_pytorch/chewinggum/test/bad/052.JPG",
        "VisA/visa_pytorch/chewinggum/test/bad/053.JPG",
        "VisA/visa_pytorch/chewinggum/test/bad/054.JPG",
        "VisA/visa_pytorch/chewinggum/test/bad/055.JPG",
        "VisA/visa_pytorch/chewinggum/test/bad/056.JPG",
        "VisA/visa_pytorch/chewinggum/test/bad/057.JPG",
        "VisA/visa_pytorch/chewinggum/test/bad/058.JPG",
        "VisA/visa_pytorch/chewinggum/test/bad/059.JPG",
        "VisA/visa_pytorch/chewinggum/test/bad/060.JPG",
        "VisA/visa_pytorch/chewinggum/test/bad/061.JPG",
        "VisA/visa_pytorch/chewinggum/test/bad/062.JPG",
        "VisA/visa_pytorch/chewinggum/test/bad/063.JPG",
        "VisA/visa_pytorch/chewinggum/test/bad/064.JPG",
        "VisA/visa_pytorch/chewinggum/test/bad/065.JPG",
        "VisA/visa_pytorch/chewinggum/test/bad/066.JPG",
        "VisA/visa_pytorch/chewinggum/test/bad/067.JPG",
        "VisA/visa_pytorch/chewinggum/test/bad/068.JPG",
        "VisA/visa_pytorch/chewinggum/test/bad/069.JPG",
        "VisA/visa_pytorch/chewinggum/test/bad/070.JPG",
        "VisA/visa_pytorch/chewinggum/test/bad/071.JPG",
        "VisA/visa_pytorch/chewinggum/test/bad/072.JPG",
        "VisA/visa_pytorch/chewinggum/test/bad/073.JPG",
        "VisA/visa_pytorch/chewinggum/test/bad/074.JPG",
        "VisA/visa_pytorch/chewinggum/test/bad/075.JPG",
        "VisA/visa_pytorch/chewinggum/test/bad/076.JPG",
