{
    "shared_fpr_metric": "mean-per-image-fpr",
    "fpr_lower_bound": 1e-05,
    "fpr_upper_bound": 0.0001,
    "num_threshs": null,
    "thresh_lower_bound": 0.621059775352478,
    "thresh_upper_bound": 0.6528825163841248,
    "aupimos": [
        0.35328461850476717,
        0.6492876942720495,
        0.43655984139970044,
        0.6782130303729201,
        0.9972909633455489,
        0.6030147276754085,
        0.43487591000785925,
        0.5767823893027544,
        0.3643222668764928,
        0.6514375411314296,
        0.04289554527127302,
        0.109086656581778,
        0.44270328109638885,
        0.23096094305486858,
        0.03372338283153078,
        0.22022098781569172,
        0.060340045783393866,
        0.14463146320029552,
        0.05929829661103142,
        0.12077786733347076,
        0.6427709449382395,
        0.7897854372233895,
        0.6816895017481747,
        0.7556501207388494,
        0.7071201445345568,
        0.49534360897056867,
        0.5712635068772891,
        0.5963810405865527,
        0.84380184810116,
        0.6747623931665959,
        NaN,
        NaN,
        NaN,
        NaN,
        NaN,
        NaN,
        NaN,
        NaN,
        NaN,
        NaN,
        NaN,
        NaN,
        NaN,
        NaN,
        NaN,
        NaN,
        NaN,
        NaN,
        NaN,
        NaN,
        NaN,
        NaN,
        NaN,
        NaN,
        NaN,
        NaN,
        NaN,
        NaN,
        NaN,
        NaN,
        NaN,
        NaN,
        NaN,
        NaN,
        NaN,
        NaN,
        NaN,
        NaN,
        NaN,
        NaN,
        NaN,
        NaN,
        NaN,
        NaN,
        NaN,
        NaN,
        NaN,
        NaN,
        NaN,
        NaN,
        NaN,
        NaN,
        NaN,
        NaN,
        NaN,
        NaN,
        NaN,
        NaN,
        NaN,
        NaN,
        0.04484484822386736,
        0.2260046722513521,
        0.0,
        0.0,
        0.19388919243454233,
        0.25266016359406174,
        0.10781508453662007,
        0.6082074006249505,
        0.649751011117414,
        0.18118735607806247
    ],
    "paths": [
        "MVTec/transistor/test/bent_lead/000.png",
        "MVTec/transistor/test/bent_lead/001.png",
        "MVTec/transistor/test/bent_lead/002.png",
        "MVTec/transistor/test/bent_lead/003.png",
        "MVTec/transistor/test/bent_lead/004.png",
        "MVTec/transistor/test/bent_lead/005.png",
        "MVTec/transistor/test/bent_lead/006.png",
        "MVTec/transistor/test/bent_lead/007.png",
        "MVTec/transistor/test/bent_lead/008.png",
        "MVTec/transistor/test/bent_lead/009.png",
        "MVTec/transistor/test/cut_lead/000.png",
        "MVTec/transistor/test/cut_lead/001.png",
        "MVTec/transistor/test/cut_lead/002.png",
        "MVTec/transistor/test/cut_lead/003.png",
        "MVTec/transistor/test/cut_lead/004.png",
        "MVTec/transistor/test/cut_lead/005.png",
        "MVTec/transistor/test/cut_lead/006.png",
        "MVTec/transistor/test/cut_lead/007.png",
        "MVTec/transistor/test/cut_lead/008.png",
        "MVTec/transistor/test/cut_lead/009.png",
        "MVTec/transistor/test/damaged_case/000.png",
        "MVTec/transistor/test/damaged_case/001.png",
        "MVTec/transistor/test/damaged_case/002.png",
        "MVTec/transistor/test/damaged_case/003.png",
        "MVTec/transistor/test/damaged_case/004.png",
        "MVTec/transistor/test/damaged_case/005.png",
        "MVTec/transistor/test/damaged_case/006.png",
        "MVTec/transistor/test/damaged_case/007.png",
        "MVTec/transistor/test/damaged_case/008.png",
        "MVTec/transistor/test/damaged_case/009.png",
        "MVTec/transistor/test/good/000.png",
        "MVTec/transistor/test/good/001.png",
        "MVTec/transistor/test/good/002.png",
        "MVTec/transistor/test/good/003.png",
        "MVTec/transistor/test/good/004.png",
        "MVTec/transistor/test/good/005.png",
        "MVTec/transistor/test/good/006.png",
        "MVTec/transistor/test/good/007.png",
        "MVTec/transistor/test/good/008.png",
        "MVTec/transistor/test/good/009.png",
        "MVTec/transistor/test/good/010.png",
        "MVTec/transistor/test/good/011.png",
        "MVTec/transistor/test/good/012.png",
        "MVTec/transistor/test/good/013.png",
        "MVTec/transistor/test/good/014.png",
        "MVTec/transistor/test/good/015.png",
        "MVTec/transistor/test/good/016.png",
        "MVTec/transistor/test/good/017.png",
        "MVTec/transistor/test/good/018.png",
        "MVTec/transistor/test/good/019.png",
        "MVTec/transistor/test/good/020.png",
        "MVTec/transistor/test/good/021.png",
        "MVTec/transistor/test/good/022.png",
        "MVTec/transistor/test/good/023.png",
        "MVTec/transistor/test/good/024.png",
        "MVTec/transistor/test/good/025.png",
        "MVTec/transistor/test/good/026.png",
        "MVTec/transistor/test/good/027.png",
        "MVTec/transistor/test/good/028.png",
        "MVTec/transistor/test/good/029.png",
        "MVTec/transistor/test/good/030.png",
        "MVTec/transistor/test/good/031.png",
        "MVTec/transistor/test/good/032.png",
        "MVTec/transistor/test/good/033.png",
        "MVTec/transistor/test/good/034.png",
        "MVTec/transistor/test/good/035.png",
        "MVTec/transistor/test/good/036.png",
        "MVTec/transistor/test/good/037.png",
        "MVTec/transistor/test/good/038.png",
        "MVTec/transistor/test/good/039.png",
        "MVTec/transistor/test/good/040.png",
        "MVTec/transistor/test/good/041.png",
        "MVTec/transistor/test/good/042.png",
        "MVTec/transistor/test/good/043.png",
        "MVTec/transistor/test/good/044.png",
        "MVTec/transistor/test/good/045.png",
        "MVTec/transistor/test/good/046.png",
        "MVTec/transistor/test/good/047.png",
        "MVTec/transistor/test/good/048.png",
        "MVTec/transistor/test/good/049.png",
        "MVTec/transistor/test/good/050.png",
        "MVTec/transistor/test/good/051.png",
        "MVTec/transistor/test/good/052.png",
        "MVTec/transistor/test/good/053.png",
        "MVTec/transistor/test/good/054.png",
        "MVTec/transistor/test/good/055.png",
        "MVTec/transistor/test/good/056.png",
        "MVTec/transistor/test/good/057.png",
        "MVTec/transistor/test/good/058.png",
        "MVTec/transistor/test/good/059.png",
        "MVTec/transistor/test/misplaced/000.png",
        "MVTec/transistor/test/misplaced/001.png",
        "MVTec/transistor/test/misplaced/002.png",
        "MVTec/transistor/test/misplaced/003.png",
        "MVTec/transistor/test/misplaced/004.png",
        "MVTec/transistor/test/misplaced/005.png",
        "MVTec/transistor/test/misplaced/006.png",
        "MVTec/transistor/test/misplaced/007.png",
        "MVTec/transistor/test/misplaced/008.png",
        "MVTec/transistor/test/misplaced/009.png"
    ]
}