{
    "shared_fpr_metric": "mean-per-image-fpr",
    "fpr_lower_bound": 1e-05,
    "fpr_upper_bound": 0.0001,
    "num_threshs": null,
    "thresh_lower_bound": 0.7149492502212524,
    "thresh_upper_bound": 0.7404873967170715,
    "aupimos": [
        0.0,
        0.0,
        0.0,
        0.0,
        0.0,
        0.0,
        0.0,
        0.0,
        0.0,
        0.0,
        0.0,
        0.0,
        0.0,
        0.0,
        0.0,
        0.0,
        0.0,
        0.0,
        0.0,
        0.0,
        0.0,
        0.0,
        0.0,
        0.0,
        0.0,
        0.0,
        0.0,
        0.0,
        0.0,
        0.0,
        0.0,
        0.0,
        0.0,
        0.0,
        0.0,
        0.0,
        0.0,
        0.0,
        0.0,
        0.0,
        0.0,
        0.0,
        0.0,
        0.0,
        0.0,
        0.8465509957436429,
        0.11331609726899211,
        0.5283258302534055,
        0.5003206258305759,
        0.45410103094999893,
        0.08348087441701389,
        0.6256908807744678,
        0.4823187979558023,
        0.0,
        0.43710534029416587,
        0.14145905190787503,
        0.3487523254548592,
        0.501752858490644,
        0.5209415825675129,
        0.2647059551349258,
        0.4192239022253513,
        0.5611621194079337,
        0.5291463786080546,
        0.5245234944303181,
        0.9394208325711529,
        0.20391524671240213,
        0.0,
        0.003965276291190628,
        0.09877554856557871,
        0.2846886915598119,
        0.10824859582180861,
        0.37061426770553274,
        0.3782185936321158,
        0.4570253447272097,
        0.3405772533797302,
        0.3552934672076885,
        0.0079227754157025,
        0.15257227779268223,
        0.0,
        0.30345937848658927,
        0.2736642997580331,
        0.0,
        0.0,
        0.5387255181603269,
        0.38561720678785844,
        0.0,
        0.0,
        0.0,
        0.0,
        0.0,
        0.0,
        0.0,
        0.0,
        0.0,
        0.0,
        0.0,
        0.0,
        0.0,
        0.0,
        0.0,
        NaN,
        NaN,
        NaN,
        NaN,
        NaN,
        NaN,
        NaN,
        NaN,
        NaN,
        NaN,
        NaN,
        NaN,
        NaN,
        NaN,
        NaN,
        NaN,
        NaN,
        NaN,
        NaN,
        NaN,
        NaN,
        NaN,
        NaN,
        NaN,
        NaN,
        NaN,
        NaN,
        NaN,
        NaN,
        NaN,
        NaN,
        NaN,
        NaN,
        NaN,
        NaN,
        NaN,
        NaN,
        NaN,
        NaN,
        NaN,
        NaN,
        NaN,
        NaN,
        NaN,
        NaN,
        NaN,
        NaN,
        NaN,
        NaN,
        NaN,
        NaN,
        NaN,
        NaN,
        NaN,
        NaN,
        NaN,
        NaN,
        NaN,
        NaN,
        NaN
    ],
    "paths": [
        "VisA/visa_pytorch/capsules/test/bad/000.JPG",
        "VisA/visa_pytorch/capsules/test/bad/001.JPG",
        "VisA/visa_pytorch/capsules/test/bad/002.JPG",
        "VisA/visa_pytorch/capsules/test/bad/003.JPG",
        "VisA/visa_pytorch/capsules/test/bad/004.JPG",
        "VisA/visa_pytorch/capsules/test/bad/005.JPG",
        "VisA/visa_pytorch/capsules/test/bad/006.JPG",
        "VisA/visa_pytorch/capsules/test/bad/007.JPG",
        "VisA/visa_pytorch/capsules/test/bad/008.JPG",
        "VisA/visa_pytorch/capsules/test/bad/009.JPG",
        "VisA/visa_pytorch/capsules/test/bad/010.JPG",
        "VisA/visa_pytorch/capsules/test/bad/011.JPG",
        "VisA/visa_pytorch/capsules/test/bad/012.JPG",
        "VisA/visa_pytorch/capsules/test/bad/013.JPG",
        "VisA/visa_pytorch/capsules/test/bad/014.JPG",
        "VisA/visa_pytorch/capsules/test/bad/015.JPG",
        "VisA/visa_pytorch/capsules/test/bad/016.JPG",
        "VisA/visa_pytorch/capsules/test/bad/017.JPG",
        "VisA/visa_pytorch/capsules/test/bad/018.JPG",
        "VisA/visa_pytorch/capsules/test/bad/019.JPG",
        "VisA/visa_pytorch/capsules/test/bad/020.JPG",
        "VisA/visa_pytorch/capsules/test/bad/021.JPG",
        "VisA/visa_pytorch/capsules/test/bad/022.JPG",
        "VisA/visa_pytorch/capsules/test/bad/023.JPG",
        "VisA/visa_pytorch/capsules/test/bad/024.JPG",
        "VisA/visa_pytorch/capsules/test/bad/025.JPG",
        "VisA/visa_pytorch/capsules/test/bad/026.JPG",
        "VisA/visa_pytorch/capsules/test/bad/027.JPG",
        "VisA/visa_pytorch/capsules/test/bad/028.JPG",
        "VisA/visa_pytorch/capsules/test/bad/029.JPG",
        "VisA/visa_pytorch/capsules/test/bad/030.JPG",
        "VisA/visa_pytorch/capsules/test/bad/031.JPG",
        "VisA/visa_pytorch/capsules/test/bad/032.JPG",
        "VisA/visa_pytorch/capsules/test/bad/033.JPG",
        "VisA/visa_pytorch/capsules/test/bad/034.JPG",
        "VisA/visa_pytorch/capsules/test/bad/035.JPG",
        "VisA/visa_pytorch/capsules/test/bad/036.JPG",
        "VisA/visa_pytorch/capsules/test/bad/037.JPG",
        "VisA/visa_pytorch/capsules/test/bad/038.JPG",
        "VisA/visa_pytorch/capsules/test/bad/039.JPG",
        "VisA/visa_pytorch/capsules/test/bad/040.JPG",
        "VisA/visa_pytorch/capsules/test/bad/041.JPG",
        "VisA/visa_pytorch/capsules/test/bad/042.JPG",
        "VisA/visa_pytorch/capsules/test/bad/043.JPG",
        "VisA/visa_pytorch/capsules/test/bad/044.JPG",
        "VisA/visa_pytorch/capsules/test/bad/045.JPG",
        "VisA/visa_pytorch/capsules/test/bad/046.JPG",
        "VisA/visa_pytorch/capsules/test/bad/047.JPG",
        "VisA/visa_pytorch/capsules/test/bad/048.JPG",
        "VisA/visa_pytorch/capsules/test/bad/049.JPG",
        "VisA/visa_pytorch/capsules/test/bad/050.JPG",
        "VisA/visa_pytorch/capsules/test/bad/051.JPG",
        "VisA/visa_pytorch/capsules/test/bad/052.JPG",
        "VisA/visa_pytorch/capsules/test/bad/053.JPG",
        "VisA/visa_pytorch/capsules/test/bad/054.JPG",
        "VisA/visa_pytorch/capsules/test/bad/055.JPG",
        "VisA/visa_pytorch/capsules/test/bad/056.JPG",
        "VisA/visa_pytorch/capsules/test/bad/057.JPG",
        "VisA/visa_pytorch/capsules/test/bad/058.JPG",
        "VisA/visa_pytorch/capsules/test/bad/059.JPG",
        "VisA/visa_pytorch/capsules/test/bad/060.JPG",
        "VisA/visa_pytorch/capsules/test/bad/061.JPG",
        "VisA/visa_pytorch/capsules/test/bad/062.JPG",
        "VisA/visa_pytorch/capsules/test/bad/063.JPG",
        "VisA/visa_pytorch/capsules/test/bad/064.JPG",
        "VisA/visa_pytorch/capsules/test/bad/065.JPG",
        "VisA/visa_pytorch/capsules/test/bad/066.JPG",
        "VisA/visa_pytorch/capsules/test/bad/067.JPG",
        "VisA/visa_pytorch/capsules/test/bad/068.JPG",
        "VisA/visa_pytorch/capsules/test/bad/069.JPG",
        "VisA/visa_pytorch/capsules/test/bad/070.JPG",
        "VisA/visa_pytorch/capsules/test/bad/071.JPG",
        "VisA/visa_pytorch/capsules/test/bad/072.JPG",
        "VisA/visa_pytorch/capsules/test/bad/073.JPG",
        "VisA/visa_pytorch/capsules/test/bad/074.JPG",
        "VisA/visa_pytorch/capsules/test/bad/075.JPG",
        "VisA/visa_pytorch/capsules/test/bad/076.JPG",
        "VisA/visa_pytorch/capsules/test/bad/077.JPG",
        "VisA/visa_pytorch/capsules/test/bad/078.JPG",
        "VisA/visa_pytorch/capsules/test/bad/079.JPG",
        "VisA/visa_pytorch/capsules/test/bad/080.JPG",
        "VisA/visa_pytorch/capsules/test/bad/081.JPG",
        "VisA/visa_pytorch/capsules/test/bad/082.JPG",
        "VisA/visa_pytorch/capsules/test/bad/083.JPG",
        "VisA/visa_pytorch/capsules/test/bad/084.JPG",
        "VisA/visa_pytorch/capsules/test/bad/085.JPG",
        "VisA/visa_pytorch/capsules/test/bad/086.JPG",
        "VisA/visa_pytorch/capsules/test/bad/087.JPG",
        "VisA/visa_pytorch/capsules/test/bad/088.JPG",
        "VisA/visa_pytorch/capsules/test/bad/089.JPG",
        "VisA/visa_pytorch/capsules/test/bad/090.JPG",
        "VisA/visa_pytorch/capsules/test/bad/091.JPG",
        "VisA/visa_pytorch/capsules/test/bad/092.JPG",
