{
    "avg_iou": 0.289655499925424,
    "thresh": 0.4131354601655418,
    "ious_at_thresh": [
        0.2819681791396582,
        0.20038064399452285,
        0.17915750296058197,
        0.35792632450331124,
        0.09828811369509044,
        0.4616585365853659,
        0.3311621966794381,
        0.2859907388209275,
        0.3444589308996089,
        0.32784958871915393,
        0.3152780213997544,
        0.16948729157559483,
        0.10902591599642537,
        0.14723626284037175,
        0.09649464459591042,
        0.3413603965623442,
        0.0,
        0.20623151759310848,
        0.2388818297331639,
        0.3182866157019779,
        0.12993920972644377,
        0.22557471264367815,
        0.0,
        0.40278729723554946,
        0.671228413163897,
        0.497323600973236,
        0.37456211263810296,
        0.05878813127806323,
        0.0,
        0.6606132777612385,
        0.42078172752131254,
        0.6842105263157895,
        0.41747803372120634,
        0.30953954615554086,
        0.21709894332372717,
        0.4182774651333496,
        0.25765113824815317,
        0.4862868302623758,
        0.3037974683544304,
        0.329835324507588,
        0.5663064833005894,
        0.4057582859055909,
        0.0,
        0.4362119104817297,
        0.6906790601600826,
        NaN,
        NaN,
        NaN,
        NaN,
        NaN,
        NaN,
        NaN,
        NaN,
        NaN,
        NaN,
        NaN,
        NaN,
        NaN,
        NaN,
        NaN,
        NaN,
        NaN,
        NaN,
        NaN,
        NaN,
        NaN,
        NaN,
        NaN,
        0.27406333630686885,
        0.13829252531054786,
        0.2204264099037139,
        0.3758202425929608,
        0.3431249396076916,
        0.48124428179322964,
        0.0,
        0.3567681007345226,
        0.22203982893429522,
        0.36877982276755283,
        0.44042553191489364,
        0.20591805766312596,
        0.3300124533001245,
        0.16190973809679315,
        0.24788691343631594,
        0.32973189275710285,
        0.2417461482024945,
        0.5384153661464586,
        0.3609369844935665,
        0.19818548387096774,
        0.43280632411067194,
        0.04569266589057043,
        0.44846477258249456,
        0.06815245478036176,
        0.0,
        0.050004032583272844,
        0.0,
        0.42083040112596765,
        0.3290481005344504,
        0.39305568212886177,
        0.0,
        0.6234836346990158,
        0.3518096182449182,
        0.0,
        0.0,
        0.4948715971311791,
        0.07125857482850342,
        0.20535792709705752,
        0.0,
        0.5015971439308531,
        0.5455751903331704,
        0.2558123490858917,
        0.0,
        0.12538999462076386,
        0.49728716404996665,
        0.23358108236546468,
        0.04779107148775395,
        0.25607743097238894,
        0.2539800235530161,
        0.14238794435857804,
        0.5070511355847005,
        0.3632425605459662,
        0.4250313957660567,
        0.47805152305851484,
        0.14094998200791653,
        0.523988806451019,
        0.3598567295770767,
        0.23576312767512267,
        0.2715903783829683,
        0.24692454893384364,
        0.6365849467292931,
        0.1451336111792106,
        0.35332367388769126,
        0.4790610829554548
    ],
    "image_classes": [
        1,
        1,
        1,
        1,
        1,
        1,
        1,
        1,
        1,
        1,
        1,
        1,
        1,
        1,
        1,
        1,
        1,
        1,
        1,
        1,
        1,
        1,
        1,
        1,
        1,
        1,
        1,
        1,
        1,
        1,
        1,
        1,
        1,
        1,
        1,
        1,
        1,
        1,
        1,
        1,
        1,
        1,
        1,
        1,
        1,
        0,
        0,
        0,
        0,
        0,
        0,
        0,
        0,
        0,
        0,
        0,
        0,
        0,
        0,
        0,
        0,
        0,
        0,
        0,
        0,
        0,
        0,
        0,
        1,
        1,
        1,
        1,
        1,
        1,
        1,
        1,
        1,
        1,
        1,
        1,
        1,
        1,
        1,
        1,
        1,
        1,
        1,
        1,
        1,
        1,
        1,
        1,
        1,
        1,
        1,
        1,
        1,
        1,
        1,
        1,
        1,
        1,
        1,
        1,
        1,
        1,
        1,
        1,
        1,
        1,
        1,
        1,
        1,
        1,
        1,
        1,
        1,
        1,
        1,
        1,
        1,
        1,
        1,
        1,
        1,
        1,
        1,
        1,
        1,
        1,
        1,
        1
    ],