{
    "shared_fpr_metric": "mean-per-image-fpr",
    "fpr_lower_bound": 1e-05,
    "fpr_upper_bound": 0.0001,
    "num_threshs": null,
    "thresh_lower_bound": 2.3838226795196533,
    "thresh_upper_bound": 2.454493761062622,
    "aupimos": [
        0.0,
        0.9989585259231855,
        0.0,
        0.9714421700587121,
        0.9989585259231855,
        0.3599727493417069,
        0.9980043033903764,
        0.0006511810056412579,
        0.9989585259231855,
        0.0,
        0.0,
        0.6215078454932151,
        0.9355326587572931,
        0.8015049535715821,
        0.8450378572044022,
        0.6220421082609451,
        0.5685717888229255,
        0.11470912068192207,
        0.9471895358313376,
        0.998852935256922,
        0.6860140010028203,
        0.9233439399319205,
        0.9989585259231855,
        0.9989585259231855,
        0.5543582100192506,
        0.08562335697221057,
        0.2079769556432335,
        0.5376449503266411,
        0.49944684879597445,
        0.0722029120268119,
        0.00023066350531230696,
        0.0,
        0.0,
        0.5286566805250202,
        0.27080971789241337,
        0.262386840536624,
        0.703733930415784,
        0.3350485295806199,
        0.5460812930047837,
        0.9095656912687068,
        0.0,
        0.6935793226359855,
        0.0,
        0.048111251143934115,
        0.0,
        0.9989585259231855,
        0.0,
        0.0,
        0.0,
        0.8282943961763328,
        0.10956607904498089,
        0.0,
        0.0008022045847279715,
        0.8658981396749921,
        0.39586204224214483,
        0.0,
        0.9988204216467869,
        0.8497053556417697,
        0.47829462739525547,
        0.8581916222032497,
        0.9978500700160214,
        0.0,
        0.0,
        0.0,
        0.0,
        0.0,
        0.0,
        0.0,
        0.6024434298297613,
        0.0,
        0.0,
        0.0,
        0.0,
        0.0,
        0.07479316269456297,
        0.0,
        0.0,
        0.0,
        0.0,
        0.0,
        0.11883058872674723,
        0.0,
        0.0,
        0.0,
        0.0,
        0.0,
        0.0,
        0.0,
        0.0,
        0.0,
        0.0,
        0.0,
        0.0,
        0.04058168063423743,
        0.0006842953262662448,
        0.0,
        0.4503932687737656,
        0.0,
        0.019467471277680157,
        0.7835395041908576,
        0.1255365975013723,
        0.0,
        0.0,
        0.0,
        0.01600375868480151,
        0.025487104158194846,
        0.3615145994766403,
        0.35434647577667594,
        NaN,
        NaN,
        NaN,
        NaN,
        NaN,
        NaN,
        NaN,
        NaN,
        NaN,
        NaN,
        NaN,
        NaN,
        NaN,
        NaN,
        NaN,
        NaN,
        NaN,
        NaN,
        NaN,
        NaN,
        NaN,
        NaN,
        NaN,
        NaN,
        NaN,
        NaN,
        0.9607235293838049,
        0.9305724844890374,
        0.6575268521499064,
        0.5844353474256722,
        0.6558622378328401,
        0.9354396872868879,
        0.9514513196216086,
        0.685307835141954,
        0.677135499791462,
        0.6910949998895839,
        0.0,
        0.002384980840690185,
        0.6265434955572812,
        0.0,
        0.0,
        0.4834308404021932,
        0.0,
        0.0,
        0.07388541549197117,
        0.6776369800498506,
        0.6377722120627893,
        0.0,
        0.2636153990612605,
        0.17767824058681816,
        0.40660664451988215,
        0.0,
        0.2744696711583808,
        0.5907356278177568,
        0.0,
        0.47119010578768156,
        0.8371102053702544,
        0.0,
        0.0
    ],
    "paths": [
        "MVTec/pill/test/color/000.png",
        "MVTec/pill/test/color/001.png",
        "MVTec/pill/test/color/002.png",
        "MVTec/pill/test/color/003.png",
        "MVTec/pill/test/color/004.png",
        "MVTec/pill/test/color/005.png",
        "MVTec/pill/test/color/006.png",
        "MVTec/pill/test/color/007.png",
        "MVTec/pill/test/color/008.png",
        "MVTec/pill/test/color/009.png",
        "MVTec/pill/test/color/010.png",
        "MVTec/pill/test/color/011.png",
        "MVTec/pill/test/color/012.png",
        "MVTec/pill/test/color/013.png",
        "MVTec/pill/test/color/014.png",
        "MVTec/pill/test/color/015.png",
        "MVTec/pill/test/color/016.png",
        "MVTec/pill/test/color/017.png",
        "MVTec/pill/test/color/018.png",
        "MVTec/pill/test/color/019.png",
        "MVTec/pill/test/color/020.png",
        "MVTec/pill/test/color/021.png",
        "MVTec/pill/test/color/022.png",
        "MVTec/pill/test/color/023.png",
        "MVTec/pill/test/color/024.png",
        "MVTec/pill/test/combined/000.png",
        "MVTec/pill/test/combined/001.png",
        "MVTec/pill/test/combined/002.png",
        "MVTec/pill/test/combined/003.png",
        "MVTec/pill/test/combined/004.png",
        "MVTec/pill/test/combined/005.png",
        "MVTec/pill/test/combined/006.png",
        "MVTec/pill/test/combined/007.png",
        "MVTec/pill/test/combined/008.png",
        "MVTec/pill/test/combined/009.png",
        "MVTec/pill/test/combined/010.png",
        "MVTec/pill/test/combined/011.png",
        "MVTec/pill/test/combined/012.png",
        "MVTec/pill/test/combined/013.png",
        "MVTec/pill/test/combined/014.png",
        "MVTec/pill/test/combined/015.png",
        "MVTec/pill/test/combined/016.png",
        "MVTec/pill/test/contamination/000.png",
        "MVTec/pill/test/contamination/001.png",
        "MVTec/pill/test/contamination/002.png",
        "MVTec/pill/test/contamination/003.png",
        "MVTec/pill/test/contamination/004.png",
        "MVTec/pill/test/contamination/005.png",
        "MVTec/pill/test/contamination/006.png",
        "MVTec/pill/test/contamination/007.png",
        "MVTec/pill/test/contamination/008.png",
        "MVTec/pill/test/contamination/009.png",
        "MVTec/pill/test/contamination/010.png",
        "MVTec/pill/test/contamination/011.png",
        "MVTec/pill/test/contamination/012.png",
        "MVTec/pill/test/contamination/013.png",
        "MVTec/pill/test/contamination/014.png",
        "MVTec/pill/test/contamination/015.png",
        "MVTec/pill/test/contamination/016.png",
        "MVTec/pill/test/contamination/017.png",
        "MVTec/pill/test/contamination/018.png",
        "MVTec/pill/test/contamination/019.png",
        "MVTec/pill/test/contamination/020.png",
        "MVTec/pill/test/crack/000.png",
        "MVTec/pill/test/crack/001.png",
        "MVTec/pill/test/crack/002.png",
        "MVTec/pill/test/crack/003.png",
        "MVTec/pill/test/crack/004.png",
        "MVTec/pill/test/crack/005.png",
        "MVTec/pill/test/crack/006.png",
        "MVTec/pill/test/crack/007.png",
        "MVTec/pill/test/crack/008.png",
        "MVTec/pill/test/crack/009.png",
        "MVTec/pill/test/crack/010.png",
        "MVTec/pill/test/crack/011.png",
        "MVTec/pill/test/crack/012.png",
        "MVTec/pill/test/crack/013.png",
        "MVTec/pill/test/crack/014.png",
        "MVTec/pill/test/crack/015.png",
        "MVTec/pill/test/crack/016.png",
        "MVTec/pill/test/crack/017.png",
        "MVTec/pill/test/crack/018.png",
        "MVTec/pill/test/crack/019.png",
        "MVTec/pill/test/crack/020.png",
        "MVTec/pill/test/crack/021.png",
        "MVTec/pill/test/crack/022.png",
        "MVTec/pill/test/crack/023.png",
        "MVTec/pill/test/crack/024.png",
        "MVTec/pill/test/crack/025.png",
        "MVTec/pill/test/faulty_imprint/000.png",
        "MVTec/pill/test/faulty_imprint/001.png",
        "MVTec/pill/test/faulty_imprint/002.png",
        "MVTec/pill/test/faulty_imprint/003.png",
        "MVTec/pill/test/faulty_imprint/004.png",
        "MVTec/pill/test/faulty_imprint/005.png",
        "MVTec/pill/test/faulty_imprint/006.png",
        "MVTec/pill/test/faulty_imprint/007.png",
