{
    "shared_fpr_metric": "mean-per-image-fpr",
    "fpr_lower_bound": 1e-05,
    "fpr_upper_bound": 0.0001,
    "num_threshs": null,
    "thresh_lower_bound": 19.518033981323242,
    "thresh_upper_bound": 21.47931480407715,
    "aupimos": [
        0.0,
        0.0,
        0.12387843205062117,
        0.15624453797910476,
        0.7858968662804033,
        0.34725182360105733,
        0.17075311198478632,
        0.23886539018751587,
        0.0,
        0.6594221416548871,
        0.034252666703005016,
        0.0,
        0.0,
        0.0,
        0.0,
        0.0,
        0.0,
        0.00029970408388641076,
        0.0,
        0.0,
        0.0,
        0.21894990339303497,
        0.0,
        0.0,
        0.0,
        0.0,
        0.0,
        0.0,
        0.021095315691973458,
        0.249783103264952,
        NaN,
        NaN,
        NaN,
        NaN,
        NaN,
        NaN,
        NaN,
        NaN,
        NaN,
        NaN,
        NaN,
        NaN,
        NaN,
        NaN,
        NaN,
        NaN,
        NaN,
        NaN,
        NaN,
        NaN,
        NaN,
        NaN,
        NaN,
        NaN,
        NaN,
        NaN,
        NaN,
        NaN,
        NaN,
        NaN,
        NaN,
        NaN,
        NaN,
        NaN,
        NaN,
        NaN,
        NaN,
        NaN,
        NaN,
        NaN,
        NaN,
        NaN,
        NaN,
        NaN,
        NaN,
        NaN,
        NaN,
        NaN,
        NaN,
        NaN,
        NaN,
        NaN,
        NaN,
        NaN,
        NaN,
        NaN,
        NaN,
        NaN,
        NaN,
        NaN,
        0.034326747725005706,
        0.04754865158922893,
        0.017859451588020585,
        0.013426219923319745,
        0.18174675236802074,
        0.10545773524052633,
        0.04442981152344655,
        0.15708908458010218,
        0.29999224851025796,
        0.03828051404206446
    ],
    "paths": [
        "MVTec/transistor/test/bent_lead/000.png",
        "MVTec/transistor/test/bent_lead/001.png",
        "MVTec/transistor/test/bent_lead/002.png",
        "MVTec/transistor/test/bent_lead/003.png",
        "MVTec/transistor/test/bent_lead/004.png",
        "MVTec/transistor/test/bent_lead/005.png",
        "MVTec/transistor/test/bent_lead/006.png",
        "MVTec/transistor/test/bent_lead/007.png",
        "MVTec/transistor/test/bent_lead/008.png",
        "MVTec/transistor/test/bent_lead/009.png",
        "MVTec/transistor/test/cut_lead/000.png",
        "MVTec/transistor/test/cut_lead/001.png",
        "MVTec/transistor/test/cut_lead/002.png",
        "MVTec/transistor/test/cut_lead/003.png",
        "MVTec/transistor/test/cut_lead/004.png",
        "MVTec/transistor/test/cut_lead/005.png",
        "MVTec/transistor/test/cut_lead/006.png",
        "MVTec/transistor/test/cut_lead/007.png",
        "MVTec/transistor/test/cut_lead/008.png",
        "MVTec/transistor/test/cut_lead/009.png",
        "MVTec/transistor/test/damaged_case/000.png",
        "MVTec/transistor/test/damaged_case/001.png",
        "MVTec/transistor/test/damaged_case/002.png",
        "MVTec/transistor/test/damaged_case/003.png",
        "MVTec/transistor/test/damaged_case/004.png",
        "MVTec/transistor/test/damaged_case/005.png",
        "MVTec/transistor/test/damaged_case/006.png",
        "MVTec/transistor/test/damaged_case/007.png",
        "MVTec/transistor/test/damaged_case/008.png",
        "MVTec/transistor/test/damaged_case/009.png",
        "MVTec/transistor/test/good/000.png",
        "MVTec/transistor/test/good/001.png",
        "MVTec/transistor/test/good/002.png",
        "MVTec/transistor/test/good/003.png",
        "MVTec/transistor/test/good/004.png",
        "MVTec/transistor/test/good/005.png",
        "MVTec/transistor/test/good/006.png",
        "MVTec/transistor/test/good/007.png",
        "MVTec/transistor/test/good/008.png",
        "MVTec/transistor/test/good/009.png",
        "MVTec/transistor/test/good/010.png",
        "MVTec/transistor/test/good/011.png",
        "MVTec/transistor/test/good/012.png",
        "MVTec/transistor/test/good/013.png",
        "MVTec/transistor/test/good/014.png",
        "MVTec/transistor/test/good/015.png",
        "MVTec/transistor/test/good/016.png",
        "MVTec/transistor/test/good/017.png",
        "MVTec/transistor/test/good/018.png",
        "MVTec/transistor/test/good/019.png",
        "MVTec/transistor/test/good/020.png",
        "MVTec/transistor/test/good/021.png",
        "MVTec/transistor/test/good/022.png",
        "MVTec/transistor/test/good/023.png",
        "MVTec/transistor/test/good/024.png",
        "MVTec/transistor/test/good/025.png",
        "MVTec/transistor/test/good/026.png",
        "MVTec/transistor/test/good/027.png",
        "MVTec/transistor/test/good/028.png",
        "MVTec/transistor/test/good/029.png",
        "MVTec/transistor/test/good/030.png",
        "MVTec/transistor/test/good/031.png",
        "MVTec/transistor/test/good/032.png",
        "MVTec/transistor/test/good/033.png",
        "MVTec/transistor/test/good/034.png",
        "MVTec/transistor/test/good/035.png",
        "MVTec/transistor/test/good/036.png",
        "MVTec/transistor/test/good/037.png",
        "MVTec/transistor/test/good/038.png",
        "MVTec/transistor/test/good/039.png",
        "MVTec/transistor/test/good/040.png",
        "MVTec/transistor/test/good/041.png",
        "MVTec/transistor/test/good/042.png",
        "MVTec/transistor/test/good/043.png",
        "MVTec/transistor/test/good/044.png",
        "MVTec/transistor/test/good/045.png",
        "MVTec/transistor/test/good/046.png",
        "MVTec/transistor/test/good/047.png",
        "MVTec/transistor/test/good/048.png",
        "MVTec/transistor/test/good/049.png",
        "MVTec/transistor/test/good/050.png",
        "MVTec/transistor/test/good/051.png",
        "MVTec/transistor/test/good/052.png",
        "MVTec/transistor/test/good/053.png",
        "MVTec/transistor/test/good/054.png",
        "MVTec/transistor/test/good/055.png",
        "MVTec/transistor/test/good/056.png",
        "MVTec/transistor/test/good/057.png",
        "MVTec/transistor/test/good/058.png",
        "MVTec/transistor/test/good/059.png",
        "MVTec/transistor/test/misplaced/000.png",
        "MVTec/transistor/test/misplaced/001.png",
        "MVTec/transistor/test/misplaced/002.png",
        "MVTec/transistor/test/misplaced/003.png",
        "MVTec/transistor/test/misplaced/004.png",
        "MVTec/transistor/test/misplaced/005.png",
        "MVTec/transistor/test/misplaced/006.png",
        "MVTec/transistor/test/misplaced/007.png",
        "MVTec/transistor/test/misplaced/008.png",
        "MVTec/transistor/test/misplaced/009.png"
    ]
}