{
    "avg_iou": 0.3290229885805514,
    "thresh": 0.43249773863341917,
    "ious_at_thresh": [
        NaN,
        NaN,
        NaN,
        NaN,
        NaN,
        NaN,
        NaN,
        NaN,
        NaN,
        NaN,
        NaN,
        NaN,
        NaN,
        NaN,
        NaN,
        NaN,
        NaN,
        NaN,
        NaN,
        NaN,
        NaN,
        NaN,
        NaN,
        NaN,
        NaN,
        NaN,
        NaN,
        NaN,
        NaN,
        NaN,
        NaN,
        NaN,
        NaN,
        NaN,
        NaN,
        NaN,
        NaN,
        NaN,
        NaN,
        NaN,
        NaN,
        0.22021317091739626,
        0.3588969680340239,
        0.0,
        0.47379146382882376,
        0.5581025151225725,
        0.4394362266257326,
        0.4349644500209118,
        0.5404308897593733,
        0.5911062906724512,
        0.18221638195356987,
        0.42118491921005385,
        0.32854864433811803,
        0.37037037037037035,
        0.3875931714354412,
        0.4473631441748546,
        0.4322711178553364,
        0.5651959332741092,
        0.26049382716049385,
        0.0,
        0.0,
        0.0,
        0.0,
        0.34918119387216057,
        0.0,
        0.4060757264455533,
        0.39325257261951285,
        0.4856599861782999,
        0.5574572127139364,
        0.4369322412509308,
        0.14963259853039412,
        0.47997743936830234,
        0.41720829464562054,
        0.49900497512437814,
        0.4898980868943322,
        0.4436286120322122,
        0.20210693412223105,
        0.38856578514210466,
        0.30260303687635576,
        0.6550595238095238,
        0.28269537480063794,
        0.33944805194805194,
        0.4402044915099507,
        0.4608289107910033,
        0.1509020692835322,
        0.3225975386226761,
        0.41912019397298234,
        0.3849246231155779,
        0.5190061584200467,
        0.6312891113892365,
        0.476663038606825,
        0.46544679339136613,
        0.24679518543888834,
        0.35352904434728294,
        0.0,
        0.33592400690846286,
        0.3363726244095353,
        0.30177084709924673,
        0.1809517135048006,
        0.355695455439701,
        0.44413012729844414,
        0.38564201915832524,
        0.32603106037231305,
        0.2966169154228856,
        0.2991571641051066,
        0.33728466655295924,
        0.3661721068249258,
        0.30434782608695654,
        0.276839393071858,
        0.34767633875914133,
        0.3916654308171437,
        0.186025571763011,
        0.3870604147880974,
        0.32634338138925295,
        0.0,
        0.05888942230756921,
        0.21919079435783223,
        0.1564501372369625,
        0.19112814895947425,
        0.2757396449704142,
        0.1154548776032152,
        0.31256874312568744,
        0.40349887133182843,
        0.0,
        0.0,
        0.0,
        0.2670845127375657,
        0.2803030303030303,
        0.13383031593894212,
        0.0,
        0.5207830517565031,
        0.18871217998448409,
        0.26261493608432385,
        0.0,
        0.2642907551164432,
        0.3889766890557092,
        0.4293272864701436,
        0.6070992789794787,
        0.5936077577676627,
        0.3776472294749057,
        0.3743463102847182,
        0.49074157709330685,
        0.4427369996917793,
        0.5131182479606086,
        0.3225258388786635,
        0.4320827943078913,
        0.5912385754806178,
        0.45963787250094307,
        0.3668371506930546,
        0.27967257844474763,
        0.23429665420731152,
        0.3914052008301795,
        0.0,
        0.4026268656716418,
        0.14144736842105263,
        0.5408193929680457,
        0.49388551279165727,
        0.4935114796897796,
        0.4852002321532211,
        0.30282597166452
    ],
    "image_classes": [
        0,
        0,
        0,
        0,
        0,
        0,
        0,
        0,
        0,
        0,
        0,
        0,
        0,
        0,
        0,
        0,
        0,
        0,
        0,
        0,
        0,
        0,
        0,
        0,
        0,
        0,
        0,
        0,
        0,
        0,
        0,
        0,
        0,
        0,
        0,
        0,
        0,
        0,
        0,
        0,
        0,
        1,
        1,
        1,
        1,
        1,
        1,
        1,
        1,
        1,
        1,
        1,
        1,
        1,
        1,
        1,
        1,
        1,
        1,
        1,
        1,
        1,
        1,
        1,
        1,
        1,
        1,
        1,
        1,
        1,
        1,
        1,
        1,
        1,
        1,
        1,
        1,
        1,
        1,
        1,
        1,
        1,
        1,
        1,
        1,
        1,
        1,
        1,
        1,
        1,
        1,
        1,
        1,
        1,
        1,
        1,
        1,
        1,
        1,
        1,
        1,
        1,
        1,
        1,
        1,
        1,
        1,
        1,
        1,
        1,
        1,
        1,
        1,
        1,
        1,
        1,
        1,
        1,
        1,
        1,
        1,
        1,
        1,
        1,
        1,
        1,
        1,
        1,
        1,
        1,
        1,
        1,
        1,
        1,
        1,
        1,
        1,
        1,
        1,
        1,
        1,
        1,
        1,
        1,
        1,
        1,
        1,
        1,
        1,
        1,
        1,
        1,
        1,
        1,
        1,
        1,
        1,
        1,
        1,
        1
    ],