{
    "shared_fpr_metric": "mean-per-image-fpr",
    "fpr_lower_bound": 1e-05,
    "fpr_upper_bound": 0.0001,
    "num_threshs": 5322,
    "thresh_lower_bound": 1.596691370010376,
    "thresh_upper_bound": 1.7875927686691284,
    "aupimos": [
        0.0,
        1.0,
        1.0,
        1.0,
        1.0,
        0.9747137395860368,
        0.8419030032107582,
        1.0,
        1.0,
        1.0,
        0.0,
        0.0,
        0.8024310136212593,
        0.5045836097526141,
        0.0,
        0.0,
        0.0,
        0.0,
        0.0,
        0.0,
        0.35646020321700733,
        0.1728607479851048,
        0.08040100056804764,
        0.16847863077133407,
        0.1459404006909824,
        0.26792478309204654,
        0.909072499395029,
        0.0,
        0.5544052630106628,
        0.1591840819033131,
        1.0,
        0.12338746281621252,
        0.26333992537557044,
        0.0,
        0.22297597502459016,
        0.19031716972756052,
        0.02902775002281841,
        0.0,
        0.6489499106510636,
        0.0,
        0.10395166731138178,
        1.0,
        0.8619757867085788,
        1.0,
        0.49698486232620864,
        1.0,
        0.7668816289999355,
        1.0,
        0.7054370679117147,
        0.3730575588271302,
        0.019766520929985973,
        0.0,
        0.011885037439514412,
        0.4992286390839497,
        0.7501671048872975,
        1.0,
        0.08517536198572885,
        1.0,
        0.0,
        0.0,
        0.0,
        0.9957255993549878,
        0.7451016863419121,
        1.0,
        1.0,
        0.9875151514838943,
        0.9869403800347645,
        0.6910977047471435,
        0.9942865233421468,
        0.0,
        0.9928005915781926,
        0.8787945393750828,
        0.9079278303151743,
        0.9985138477262756,
        0.9510467373762045,
        1.0,
        0.9880994482977504,
        0.9254893490783517,
        1.0,
        0.9899763649623758,
        0.9739629701143232,
        0.9478784345027363,
        0.5091854972177453,
        0.9278231672063446,
        0.9979344846668537,
        0.9917123836770319,
        0.827001822017273,
        1.0,
        0.8054333372485898,
        0.5959405505054036,
        0.7219697486235327,
        0.5443901981592908,
        1.0,
        0.9912497325999923,
        0.6715586233793606,
        0.6843645670717795,
        1.0,
        0.8874536413860568,
        0.4220340845805097,
        0.928426112085547,
        NaN,
        NaN,
        NaN,
        NaN,
        NaN,
        NaN,
        NaN,
        NaN,
        NaN,
        NaN,
        NaN,
        NaN,
        NaN,
        NaN,
        NaN,
        NaN,
        NaN,
        NaN,
        NaN,
        NaN,
        NaN,
        NaN,
        NaN,
        NaN,
        NaN,
        NaN,
        NaN,
        NaN,
        NaN,
        NaN,
        NaN,
        NaN,
        NaN,
        NaN,
        NaN,
        NaN,
        NaN,
        NaN,
        NaN,
        NaN,
        NaN,
        NaN,
        NaN,
        NaN,
        NaN,
        NaN,
        NaN,
        NaN,
        NaN,
        NaN,
        NaN,
        NaN,
        NaN,
        NaN,
        NaN,
        NaN,
        NaN,
        NaN,
        NaN,
        NaN,
        NaN,
        NaN,
        NaN,
        NaN,
        NaN,
        NaN,
        NaN,
        NaN,
        NaN,
        NaN,
        NaN,
        NaN,
        NaN,
        NaN,
        NaN,
        NaN,
        NaN,
        NaN,
        NaN,
        NaN,
        NaN,
        NaN,
        NaN,
        NaN,
        NaN,
        NaN,
        NaN,
        NaN,
        NaN,
        NaN,
        NaN,
        NaN,
        NaN,
        NaN,
        NaN,
        NaN,
        NaN,
        NaN,
        NaN,
        NaN
    ],
    "paths": [
        "VisA/visa_pytorch/candle/test/bad/000.JPG",
        "VisA/visa_pytorch/candle/test/bad/001.JPG",
        "VisA/visa_pytorch/candle/test/bad/002.JPG",
        "VisA/visa_pytorch/candle/test/bad/003.JPG",
        "VisA/visa_pytorch/candle/test/bad/004.JPG",
        "VisA/visa_pytorch/candle/test/bad/005.JPG",
        "VisA/visa_pytorch/candle/test/bad/006.JPG",
        "VisA/visa_pytorch/candle/test/bad/007.JPG",
        "VisA/visa_pytorch/candle/test/bad/008.JPG",
        "VisA/visa_pytorch/candle/test/bad/009.JPG",
        "VisA/visa_pytorch/candle/test/bad/010.JPG",
        "VisA/visa_pytorch/candle/test/bad/011.JPG",
        "VisA/visa_pytorch/candle/test/bad/012.JPG",
        "VisA/visa_pytorch/candle/test/bad/013.JPG",
        "VisA/visa_pytorch/candle/test/bad/014.JPG",
        "VisA/visa_pytorch/candle/test/bad/015.JPG",
        "VisA/visa_pytorch/candle/test/bad/016.JPG",
        "VisA/visa_pytorch/candle/test/bad/017.JPG",
        "VisA/visa_pytorch/candle/test/bad/018.JPG",
        "VisA/visa_pytorch/candle/test/bad/019.JPG",
        "VisA/visa_pytorch/candle/test/bad/020.JPG",
        "VisA/visa_pytorch/candle/test/bad/021.JPG",
        "VisA/visa_pytorch/candle/test/bad/022.JPG",
        "VisA/visa_pytorch/candle/test/bad/023.JPG",
        "VisA/visa_pytorch/candle/test/bad/024.JPG",
        "VisA/visa_pytorch/candle/test/bad/025.JPG",
        "VisA/visa_pytorch/candle/test/bad/026.JPG",
        "VisA/visa_pytorch/candle/test/bad/027.JPG",
        "VisA/visa_pytorch/candle/test/bad/028.JPG",
        "VisA/visa_pytorch/candle/test/bad/029.JPG",
        "VisA/visa_pytorch/candle/test/bad/030.JPG",
        "VisA/visa_pytorch/candle/test/bad/031.JPG",
        "VisA/visa_pytorch/candle/test/bad/032.JPG",
        "VisA/visa_pytorch/candle/test/bad/033.JPG",
        "VisA/visa_pytorch/candle/test/bad/034.JPG",
        "VisA/visa_pytorch/candle/test/bad/035.JPG",
        "VisA/visa_pytorch/candle/test/bad/036.JPG",
        "VisA/visa_pytorch/candle/test/bad/037.JPG",
        "VisA/visa_pytorch/candle/test/bad/038.JPG",
        "VisA/visa_pytorch/candle/test/bad/039.JPG",
        "VisA/visa_pytorch/candle/test/bad/040.JPG",
        "VisA/visa_pytorch/candle/test/bad/041.JPG",
        "VisA/visa_pytorch/candle/test/bad/042.JPG",
        "VisA/visa_pytorch/candle/test/bad/043.JPG",
        "VisA/visa_pytorch/candle/test/bad/044.JPG",
        "VisA/visa_pytorch/candle/test/bad/045.JPG",
        "VisA/visa_pytorch/candle/test/bad/046.JPG",
        "VisA/visa_pytorch/candle/test/bad/047.JPG",
        "VisA/visa_pytorch/candle/test/bad/048.JPG",
        "VisA/visa_pytorch/candle/test/bad/049.JPG",
        "VisA/visa_pytorch/candle/test/bad/050.JPG",
        "VisA/visa_pytorch/candle/test/bad/051.JPG",
        "VisA/visa_pytorch/candle/test/bad/052.JPG",
        "VisA/visa_pytorch/candle/test/bad/053.JPG",
        "VisA/visa_pytorch/candle/test/bad/054.JPG",
        "VisA/visa_pytorch/candle/test/bad/055.JPG",
        "VisA/visa_pytorch/candle/test/bad/056.JPG",
        "VisA/visa_pytorch/candle/test/bad/057.JPG",
        "VisA/visa_pytorch/candle/test/bad/058.JPG",
        "VisA/visa_pytorch/candle/test/bad/059.JPG",
        "VisA/visa_pytorch/candle/test/bad/060.JPG",
        "VisA/visa_pytorch/candle/test/bad/061.JPG",
        "VisA/visa_pytorch/candle/test/bad/062.JPG",
        "VisA/visa_pytorch/candle/test/bad/063.JPG",
        "VisA/visa_pytorch/candle/test/bad/064.JPG",
        "VisA/visa_pytorch/candle/test/bad/065.JPG",
        "VisA/visa_pytorch/candle/test/bad/066.JPG",
        "VisA/visa_pytorch/candle/test/bad/067.JPG",
        "VisA/visa_pytorch/candle/test/bad/068.JPG",
        "VisA/visa_pytorch/candle/test/bad/069.JPG",
        "VisA/visa_pytorch/candle/test/bad/070.JPG",
        "VisA/visa_pytorch/candle/test/bad/071.JPG",
        "VisA/visa_pytorch/candle/test/bad/072.JPG",
        "VisA/visa_pytorch/candle/test/bad/073.JPG",
        "VisA/visa_pytorch/candle/test/bad/074.JPG",
        "VisA/visa_pytorch/candle/test/bad/075.JPG",
        "VisA/visa_pytorch/candle/test/bad/076.JPG",
        "VisA/visa_pytorch/candle/test/bad/077.JPG",
        "VisA/visa_pytorch/candle/test/bad/078.JPG",
