{
    "shared_fpr_metric": "mean-per-image-fpr",
    "fpr_lower_bound": 1e-05,
    "fpr_upper_bound": 0.0001,
    "num_threshs": 1703,
    "thresh_lower_bound": -0.26168420910835266,
    "thresh_upper_bound": -0.09000974148511887,
    "aupimos": [
        NaN,
        NaN,
        NaN,
        NaN,
        NaN,
        NaN,
        NaN,
        NaN,
        NaN,
        NaN,
        NaN,
        NaN,
        NaN,
        NaN,
        NaN,
        NaN,
        NaN,
        NaN,
        NaN,
        NaN,
        NaN,
        NaN,
        NaN,
        NaN,
        NaN,
        NaN,
        NaN,
        NaN,
        NaN,
        NaN,
        NaN,
        NaN,
        NaN,
        NaN,
        NaN,
        NaN,
        NaN,
        NaN,
        NaN,
        NaN,
        NaN,
        0.513815477280327,
        0.4323058771263022,
        0.5312125510699678,
        0.0,
        0.9307040137111219,
        1.0,
        0.0007797883101935261,
        0.20958809985463484,
        0.729108088576917,
        0.0,
        0.9603804109732059,
        0.0,
        0.10556836642469623,
        0.0,
        0.5738899338486302,
        0.2499359894009433,
        0.61911675306719,
        0.0,
        8.946557620441311e-06,
        0.0,
        0.025548226299602916,
        0.0,
        0.0,
        0.0,
        0.8572065346012427,
        0.7877398856020286,
        0.407437650572213,
        0.13283339351704104,
        0.9840398053832013,
        0.0,
        0.8333006827316863,
        0.0,
        0.2544398612509863,
        0.43198489203194856,
        0.8605158200682258,
        1.0,
        0.9584921595671706,
        1.0,
        0.27102257397605195,
        1.0,
        0.9144282322722439,
        0.0019959668546989185,
        0.8893395455148589,
        0.9710704269002474,
        0.7068054449394836,
        0.0,
        0.0,
        0.8301366485674788,
        0.6800781227699417,
        1.0,
        0.9990634897615178,
        1.0,
        0.8476452933324955,
        0.0702739049823511,
        1.0,
        1.0,
        1.0,
        1.0,
        0.8542362097336712,
        0.0,
        0.9488023056126205,
        1.0,
        1.0,
        1.0,
        1.0,
        0.7582536058117365,
        1.0,
        0.9247403456779071,
        1.0,
        0.921007832157061,
        0.9122832947756322,
        0.3859522435393421,
        0.9931424884252148,
        0.0,
        0.0,
        0.0,
        0.0,
        0.0,
        0.3943327563342402,
        0.0,
        0.24259106409463319,
        0.0,
        0.0,
        0.0,
        0.0,
        0.0,
        0.0,
        0.20701781073369308,
        0.0,
        0.0,
        0.1611224937523703,
        0.0,
        0.0,
        0.0,
        0.24747479452570925,
        0.0,
        0.5586176152802463,
        0.9492789169922347,
        0.9874027863369953,
        0.8416898204269095,
        0.8797531997395942,
        0.9852235181789785,
        1.0,
        0.9975803931211042,
        0.0,
        0.7720490039662297,
        0.9445018579450888,
        0.993792645018417,
        0.9820930947037239,
        0.9886422003667321,
        0.35929228925985,
        0.12054764164443466,
        1.0,
        0.6572613866975439,
        0.9940518119326605,
        0.9999580566901922,
        1.0,
        0.9977946763874795,
        0.9268597912390523
    ],
    "paths": [
        "MVTec/screw/test/good/000.png",
        "MVTec/screw/test/good/001.png",
        "MVTec/screw/test/good/002.png",
        "MVTec/screw/test/good/003.png",
        "MVTec/screw/test/good/004.png",
        "MVTec/screw/test/good/005.png",
        "MVTec/screw/test/good/006.png",
        "MVTec/screw/test/good/007.png",
        "MVTec/screw/test/good/008.png",
        "MVTec/screw/test/good/009.png",
        "MVTec/screw/test/good/010.png",
        "MVTec/screw/test/good/011.png",
        "MVTec/screw/test/good/012.png",
        "MVTec/screw/test/good/013.png",
        "MVTec/screw/test/good/014.png",
        "MVTec/screw/test/good/015.png",
        "MVTec/screw/test/good/016.png",
        "MVTec/screw/test/good/017.png",
        "MVTec/screw/test/good/018.png",
        "MVTec/screw/test/good/019.png",
        "MVTec/screw/test/good/020.png",
        "MVTec/screw/test/good/021.png",
        "MVTec/screw/test/good/022.png",
        "MVTec/screw/test/good/023.png",
        "MVTec/screw/test/good/024.png",
        "MVTec/screw/test/good/025.png",
        "MVTec/screw/test/good/026.png",
        "MVTec/screw/test/good/027.png",
        "MVTec/screw/test/good/028.png",
        "MVTec/screw/test/good/029.png",
        "MVTec/screw/test/good/030.png",
        "MVTec/screw/test/good/031.png",
        "MVTec/screw/test/good/032.png",
        "MVTec/screw/test/good/033.png",
        "MVTec/screw/test/good/034.png",
        "MVTec/screw/test/good/035.png",
        "MVTec/screw/test/good/036.png",
        "MVTec/screw/test/good/037.png",
        "MVTec/screw/test/good/038.png",
        "MVTec/screw/test/good/039.png",
        "MVTec/screw/test/good/040.png",
        "MVTec/screw/test/manipulated_front/000.png",
        "MVTec/screw/test/manipulated_front/001.png",
        "MVTec/screw/test/manipulated_front/002.png",
        "MVTec/screw/test/manipulated_front/003.png",
        "MVTec/screw/test/manipulated_front/004.png",
        "MVTec/screw/test/manipulated_front/005.png",
        "MVTec/screw/test/manipulated_front/006.png",
        "MVTec/screw/test/manipulated_front/007.png",
        "MVTec/screw/test/manipulated_front/008.png",
        "MVTec/screw/test/manipulated_front/009.png",
        "MVTec/screw/test/manipulated_front/010.png",
        "MVTec/screw/test/manipulated_front/011.png",
        "MVTec/screw/test/manipulated_front/012.png",
        "MVTec/screw/test/manipulated_front/013.png",
        "MVTec/screw/test/manipulated_front/014.png",
        "MVTec/screw/test/manipulated_front/015.png",
        "MVTec/screw/test/manipulated_front/016.png",
        "MVTec/screw/test/manipulated_front/017.png",
        "MVTec/screw/test/manipulated_front/018.png",
        "MVTec/screw/test/manipulated_front/019.png",
        "MVTec/screw/test/manipulated_front/020.png",
        "MVTec/screw/test/manipulated_front/021.png",
        "MVTec/screw/test/manipulated_front/022.png",
        "MVTec/screw/test/manipulated_front/023.png",
        "MVTec/screw/test/scratch_head/000.png",
        "MVTec/screw/test/scratch_head/001.png",
        "MVTec/screw/test/scratch_head/002.png",
        "MVTec/screw/test/scratch_head/003.png",
        "MVTec/screw/test/scratch_head/004.png",
        "MVTec/screw/test/scratch_head/005.png",
        "MVTec/screw/test/scratch_head/006.png",
        "MVTec/screw/test/scratch_head/007.png",
        "MVTec/screw/test/scratch_head/008.png",
        "MVTec/screw/test/scratch_head/009.png",
        "MVTec/screw/test/scratch_head/010.png",
        "MVTec/screw/test/scratch_head/011.png",
        "MVTec/screw/test/scratch_head/012.png",
        "MVTec/screw/test/scratch_head/013.png",
        "MVTec/screw/test/scratch_head/014.png",
        "MVTec/screw/test/scratch_head/015.png",
        "MVTec/screw/test/scratch_head/016.png",
        "MVTec/screw/test/scratch_head/017.png",
        "MVTec/screw/test/scratch_head/018.png",
        "MVTec/screw/test/scratch_head/019.png",
        "MVTec/screw/test/scratch_head/020.png",
        "MVTec/screw/test/scratch_head/021.png",
        "MVTec/screw/test/scratch_head/022.png",
        "MVTec/screw/test/scratch_head/023.png",
        "MVTec/screw/test/scratch_neck/000.png",
        "MVTec/screw/test/scratch_neck/001.png",
        "MVTec/screw/test/scratch_neck/002.png",
        "MVTec/screw/test/scratch_neck/003.png",
        "MVTec/screw/test/scratch_neck/004.png",
        "MVTec/screw/test/scratch_neck/005.png",
        "MVTec/screw/test/scratch_neck/006.png",
        "MVTec/screw/test/scratch_neck/007.png",
        "MVTec/screw/test/scratch_neck/008.png",
