{
    "shared_fpr_metric": "mean-per-image-fpr",
    "fpr_lower_bound": 1e-05,
    "fpr_upper_bound": 0.0001,
    "num_threshs": 1129,
    "thresh_lower_bound": 0.8424743600474244,
    "thresh_upper_bound": 0.8674585377631017,
    "aupimos": [
        0.3608164443459707,
        0.3073724376132316,
        0.20943655048059304,
        1.0,
        0.12827408473833163,
        0.7115237776848279,
        0.1743794074485754,
        0.7630599747292486,
        0.2606644296127494,
        0.9567963012179638,
        0.1787067064864902,
        0.8706451107011343,
        0.9488693480943737,
        0.8558510847362131,
        0.9395279657343508,
        0.5677534911211607,
        0.3258130344249257,
        0.9812594096888232,
        0.30945116664281624,
        NaN,
        NaN,
        NaN,
        NaN,
        NaN,
        NaN,
        NaN,
        NaN,
        NaN,
        NaN,
        NaN,
        NaN,
        NaN,
        NaN,
        NaN,
        NaN,
        NaN,
        NaN,
        NaN,
        0.952111553635423,
        1.0,
        1.0,
        0.9680399958721507,
        0.1833121455536385,
        0.0,
        0.3251744371949708,
        0.9015341145723309,
        1.0,
        1.0,
        0.8729911849338521,
        0.6238145847841935,
        0.6373856629977106,
        0.5528440648968019,
        0.8534605407125357,
        0.427422767115428,
        0.10532461592345098,
        0.905494250076018,
        0.9581061044018876,
        0.8536308331220253,
        0.0,
        0.0,
        0.4220895732308581,
        0.6643396932043434,
        0.37435408755379834,
        0.30141864417597586,
        0.0,
        0.39575972718824903,
        0.9272555133721955,
        0.49384647199713155,
        0.35484161342152193,
        0.12500177856058745,
        0.0,
        0.7332046284266129,
        0.4909695372901385,
        0.7663546299807611,
        0.20748106412464887,
        0.0,
        0.1849814468667008,
        0.7460143754281678,
        0.2943688580147388
    ],
    "paths": [
        "MVTec/wood/test/color/000.png",
        "MVTec/wood/test/color/001.png",
        "MVTec/wood/test/color/002.png",
        "MVTec/wood/test/color/003.png",
        "MVTec/wood/test/color/004.png",
        "MVTec/wood/test/color/005.png",
        "MVTec/wood/test/color/006.png",
        "MVTec/wood/test/color/007.png",
        "MVTec/wood/test/combined/000.png",
        "MVTec/wood/test/combined/001.png",
        "MVTec/wood/test/combined/002.png",
        "MVTec/wood/test/combined/003.png",
        "MVTec/wood/test/combined/004.png",
        "MVTec/wood/test/combined/005.png",
        "MVTec/wood/test/combined/006.png",
        "MVTec/wood/test/combined/007.png",
        "MVTec/wood/test/combined/008.png",
        "MVTec/wood/test/combined/009.png",
        "MVTec/wood/test/combined/010.png",
        "MVTec/wood/test/good/000.png",
        "MVTec/wood/test/good/001.png",
        "MVTec/wood/test/good/002.png",
        "MVTec/wood/test/good/003.png",
        "MVTec/wood/test/good/004.png",
        "MVTec/wood/test/good/005.png",
        "MVTec/wood/test/good/006.png",
        "MVTec/wood/test/good/007.png",
        "MVTec/wood/test/good/008.png",
        "MVTec/wood/test/good/009.png",
        "MVTec/wood/test/good/010.png",
        "MVTec/wood/test/good/011.png",
        "MVTec/wood/test/good/012.png",
        "MVTec/wood/test/good/013.png",
        "MVTec/wood/test/good/014.png",
        "MVTec/wood/test/good/015.png",
        "MVTec/wood/test/good/016.png",
        "MVTec/wood/test/good/017.png",
        "MVTec/wood/test/good/018.png",
        "MVTec/wood/test/hole/000.png",
        "MVTec/wood/test/hole/001.png",
        "MVTec/wood/test/hole/002.png",
        "MVTec/wood/test/hole/003.png",
        "MVTec/wood/test/hole/004.png",
        "MVTec/wood/test/hole/005.png",
        "MVTec/wood/test/hole/006.png",
        "MVTec/wood/test/hole/007.png",
        "MVTec/wood/test/hole/008.png",
        "MVTec/wood/test/hole/009.png",
        "MVTec/wood/test/liquid/000.png",
        "MVTec/wood/test/liquid/001.png",
        "MVTec/wood/test/liquid/002.png",
        "MVTec/wood/test/liquid/003.png",
        "MVTec/wood/test/liquid/004.png",
        "MVTec/wood/test/liquid/005.png",
        "MVTec/wood/test/liquid/006.png",
        "MVTec/wood/test/liquid/007.png",
        "MVTec/wood/test/liquid/008.png",
        "MVTec/wood/test/liquid/009.png",
        "MVTec/wood/test/scratch/000.png",
        "MVTec/wood/test/scratch/001.png",
        "MVTec/wood/test/scratch/002.png",
        "MVTec/wood/test/scratch/003.png",
        "MVTec/wood/test/scratch/004.png",
        "MVTec/wood/test/scratch/005.png",
        "MVTec/wood/test/scratch/006.png",
        "MVTec/wood/test/scratch/007.png",
        "MVTec/wood/test/scratch/008.png",
        "MVTec/wood/test/scratch/009.png",
        "MVTec/wood/test/scratch/010.png",
        "MVTec/wood/test/scratch/011.png",
        "MVTec/wood/test/scratch/012.png",
        "MVTec/wood/test/scratch/013.png",
        "MVTec/wood/test/scratch/014.png",
        "MVTec/wood/test/scratch/015.png",
        "MVTec/wood/test/scratch/016.png",
        "MVTec/wood/test/scratch/017.png",
        "MVTec/wood/test/scratch/018.png",
        "MVTec/wood/test/scratch/019.png",
        "MVTec/wood/test/scratch/020.png"
    ]
}