{
    "avg_iou": 0.06723929351253492,
    "thresh": 0.4451095024219856,
    "ious_at_thresh": [
        0.1653493518811255,
        0.12288222086140028,
        0.24674464798057824,
        0.0,
        0.1949589193705612,
        0.1869883670831538,
        0.19672131147540983,
        0.09597523219814241,
        0.12140575079872204,
        0.2478606356968215,
        0.44798785117691725,
        0.0,
        0.0,
        0.0,
        0.0,
        0.22796934865900384,
        0.06890459363957598,
        0.1111111111111111,
        0.0,
        0.0,
        0.0,
        0.0,
        0.0,
        0.0,
        0.0,
        0.0,
        0.0,
        0.0,
        0.0,
        0.0,
        0.04403701165181631,
        0.06373067965276308,
        0.09422903516681695,
        0.054350072328993596,
        0.130879345603272,
        0.07556891369686561,
        0.1402889245585875,
        0.05078351712130006,
        0.05016490192674883,
        0.10809682804674457,
        0.04893513249878068,
        0.13356271504535502,
        0.19974432726110578,
        0.14718384697130713,
        0.037486218302094816,
        0.0,
        0.07670720299345182,
        0.0,
        0.41838272225012557,
        0.3550973654066438,
        0.0,
        0.0,
        0.0,
        0.0,
        0.3984010659560293,
        0.0,
        0.34624322230828813,
        0.0,
        0.0,
        0.0,
        0.0,
        0.023696682464454975,
        0.0,
        0.0,
        0.0,
        0.0,
        0.0,
        0.0,
        0.0,
        0.0,
        0.0,
        0.11083323860406957,
        0.015765765765765764,
        0.0,
        0.0,
        0.0,
        0.0,
        0.0,
        0.0,
        0.08723068838675775,
        0.0,
        0.0,
        0.0,
        0.1592920353982301,
        0.0,
        0.06960950764006792,
        0.0,
        0.0,
        0.1423948220064725,
        0.0364963503649635,
        0.1476178721303382,
        0.12734375,
        0.0,
        0.07100046104195482,
        0.08599744245524296,
        0.18170849420849422,
        0.05620985010706638,
        0.0,
        0.0,
        0.0,
        NaN,
        NaN,
        NaN,
        NaN,
        NaN,
        NaN,
        NaN,
        NaN,
        NaN,
        NaN,
        NaN,
        NaN,
        NaN,
        NaN,
        NaN,
        NaN,
        NaN,
        NaN,
        NaN,
        NaN,
        NaN,
        NaN,
        NaN,
        NaN,
        NaN,
        NaN,
        NaN,
        NaN,
        NaN,
        NaN,
        NaN,
        NaN,
        NaN,
        NaN,
        NaN,
        NaN,
        NaN,
        NaN,
        NaN,
        NaN,
        NaN,
        NaN,
        NaN,
        NaN,
        NaN,
        NaN,
        NaN,
        NaN,
        NaN,
        NaN,
        NaN,
        NaN,
        NaN,
        NaN,
        NaN,
        NaN,
        NaN,
        NaN,
        NaN,
        NaN,
        NaN,
        NaN,
        NaN,
        NaN,
        NaN,
        NaN,
        NaN,
        NaN,
        NaN,
        NaN,
        NaN,
        NaN,
        NaN,
        NaN,
        NaN,
        NaN,
        NaN,
        NaN,
        NaN,
        NaN,
        NaN,
        NaN,
        NaN,
        NaN,
        NaN,
        NaN,
        NaN,
        NaN,
        NaN,
        NaN,
        NaN,
        NaN,
        NaN,
        NaN,
        NaN,
        NaN,
        NaN,
        NaN,
        NaN,
        NaN
    ],
    "image_classes": [
        1,
        1,
        1,
        1,
        1,
        1,
        1,
        1,
        1,
        1,
        1,
        1,
        1,
        1,
        1,
        1,
        1,
        1,
        1,
        1,
        1,
        1,
        1,
        1,
        1,
        1,
        1,
        1,
        1,
        1,
        1,
        1,
        1,
        1,
        1,
        1,
        1,
        1,
        1,
        1,
        1,
        1,
        1,
        1,
        1,
        1,
        1,
        1,
        1,
        1,
        1,
        1,
        1,
        1,
        1,
        1,
        1,
        1,
        1,
        1,
        1,
        1,
        1,
        1,
        1,
        1,
        1,
        1,
        1,
        1,
        1,
        1,
        1,
        1,
        1,
        1,
        1,
        1,
        1,
        1,
        1,
        1,
        1,
        1,
        1,
        1,
        1,
        1,
        1,
        1,
        1,
        1,
        1,
        1,
        1,
        1,
        1,
        1,
        1,
        1,
        0,
        0,
        0,
        0,
        0,
        0,
        0,
        0,
        0,
        0,
        0,
        0,
        0,
        0,
        0,
        0,
        0,
        0,
        0,
        0,
        0,
        0,
        0,
        0,
        0,
        0,
        0,
        0,
        0,
        0,
        0,
        0,
        0,
        0,
        0,
        0,
        0,
        0,
        0,
        0,
        0,
        0,
        0,
        0,
        0,
        0,
        0,
        0,
        0,
        0,
        0,
        0,
        0,
        0,
        0,
        0,
        0,
        0,
        0,
        0,
        0,
        0,
        0,
        0,
        0,
        0,
        0,
        0,
        0,
        0,
        0,
        0,
        0,
        0,
        0,
        0,
        0,
        0,
        0,
        0,
        0,
        0,
        0,
        0,
        0,
        0,
        0,
        0,
        0,
        0,
        0,
        0,
        0,
        0,
        0,
        0,
        0,
        0,
        0,
        0
    ],