{
    "shared_fpr_metric": "mean-per-image-fpr",
    "fpr_lower_bound": 1e-05,
    "fpr_upper_bound": 0.0001,
    "num_threshs": null,
    "thresh_lower_bound": 14.001106262207031,
    "thresh_upper_bound": 15.56356430053711,
    "aupimos": [
        0.0,
        0.16884604060453215,
        0.0,
        0.13478915424752871,
        0.6989588504403502,
        0.14993002931969499,
        0.304490073666145,
        0.2582935533538185,
        0.5936963443037184,
        0.2087114074013399,
        0.0,
        0.7419682640882772,
        0.8449111202980947,
        0.8622737301971705,
        0.4925660775027784,
        1.0,
        0.49709518119125656,
        0.0575703919084608,
        0.9796984564055496,
        0.8099230412827276,
        0.8700732397964615,
        0.655549645352533,
        0.816309722214656,
        0.07362975318409053,
        0.3871284501336556,
        0.059244236471573945,
        0.1130221600168022,
        0.3515963448981342,
        0.151139753206478,
        0.039824258665564286,
        0.0,
        0.0,
        0.0,
        0.34044967018365413,
        0.15119285474855532,
        0.06614927805134527,
        0.4274516264365887,
        0.363840908733233,
        0.42031619691726324,
        0.4128963970040171,
        0.000281567787162427,
        0.1961417196900759,
        0.0,
        0.2986245170003803,
        0.019638043424139082,
        0.5114288496404064,
        0.0,
        0.0,
        0.0,
        0.08413125678786375,
        0.3209995842411655,
        0.0,
        0.0,
        0.14296783394651486,
        0.5137574529787123,
        0.0,
        1.0,
        0.25796295050954343,
        0.04663966269274019,
        0.5206293733228219,
        0.18407120040610903,
        0.024792289077990606,
        0.0,
        0.0,
        0.0,
        0.0,
        0.006484383850328478,
        0.08818663578654241,
        0.033735297533263015,
        0.02204383334295714,
        0.0,
        0.0,
        0.0,
        0.0,
        0.0,
        0.739812947501027,
        0.0,
        0.0,
        0.0,
        0.0,
        0.0,
        0.0,
        0.0744669160608786,
        0.0,
        0.07558487732884198,
        0.0,
        0.1112378034874677,
        0.0,
        0.0,
        0.0,
        0.0,
        0.0,
        0.0,
        0.0,
        0.0,
        0.0,
        0.003274688430403422,
        0.0,
        0.0,
        0.001141802490800633,
        0.0,
        0.0,
        0.0,
        0.0,
        0.0,
        0.007399057211119814,
        0.0,
        0.0,
        NaN,
        NaN,
        NaN,
        NaN,
        NaN,
        NaN,
        NaN,
        NaN,
        NaN,
        NaN,
        NaN,
        NaN,
        NaN,
        NaN,
        NaN,
        NaN,
        NaN,
        NaN,
        NaN,
        NaN,
        NaN,
        NaN,
        NaN,
        NaN,
        NaN,
        NaN,
        0.015380935809186229,
        0.0030059493281208763,
        0.06373891029926215,
        0.03734999839000904,
        0.0675481813912956,
        0.0019506207693080998,
        0.0019038244170656536,
        0.04849237205364021,
        0.05753171508180295,
        0.11583884109152733,
        0.0,
        0.0,
        0.22295968812803188,
        0.0,
        0.0,
        0.15725589391031844,
        0.0,
        0.0,
        0.0,
        0.6038730772716511,
        0.412355127765186,
        0.0,
        0.0,
        0.0,
        0.0,
        0.0,
        0.0,
        0.0030066671158285297,
        0.0,
        0.022911467486010122,
        0.3275460734718337,
        0.0,
        0.0
    ],
    "paths": [
        "MVTec/pill/test/color/000.png",
        "MVTec/pill/test/color/001.png",
        "MVTec/pill/test/color/002.png",
        "MVTec/pill/test/color/003.png",
        "MVTec/pill/test/color/004.png",
        "MVTec/pill/test/color/005.png",
        "MVTec/pill/test/color/006.png",
        "MVTec/pill/test/color/007.png",
        "MVTec/pill/test/color/008.png",
        "MVTec/pill/test/color/009.png",
        "MVTec/pill/test/color/010.png",
        "MVTec/pill/test/color/011.png",
        "MVTec/pill/test/color/012.png",
        "MVTec/pill/test/color/013.png",
        "MVTec/pill/test/color/014.png",
        "MVTec/pill/test/color/015.png",
        "MVTec/pill/test/color/016.png",
        "MVTec/pill/test/color/017.png",
        "MVTec/pill/test/color/018.png",
        "MVTec/pill/test/color/019.png",
        "MVTec/pill/test/color/020.png",
        "MVTec/pill/test/color/021.png",
        "MVTec/pill/test/color/022.png",
        "MVTec/pill/test/color/023.png",
        "MVTec/pill/test/color/024.png",
        "MVTec/pill/test/combined/000.png",
        "MVTec/pill/test/combined/001.png",
        "MVTec/pill/test/combined/002.png",
        "MVTec/pill/test/combined/003.png",
        "MVTec/pill/test/combined/004.png",
        "MVTec/pill/test/combined/005.png",
        "MVTec/pill/test/combined/006.png",
        "MVTec/pill/test/combined/007.png",
        "MVTec/pill/test/combined/008.png",
        "MVTec/pill/test/combined/009.png",
        "MVTec/pill/test/combined/010.png",
        "MVTec/pill/test/combined/011.png",
        "MVTec/pill/test/combined/012.png",
        "MVTec/pill/test/combined/013.png",
        "MVTec/pill/test/combined/014.png",
        "MVTec/pill/test/combined/015.png",
        "MVTec/pill/test/combined/016.png",
        "MVTec/pill/test/contamination/000.png",
        "MVTec/pill/test/contamination/001.png",
        "MVTec/pill/test/contamination/002.png",
        "MVTec/pill/test/contamination/003.png",
        "MVTec/pill/test/contamination/004.png",
        "MVTec/pill/test/contamination/005.png",
        "MVTec/pill/test/contamination/006.png",
        "MVTec/pill/test/contamination/007.png",
        "MVTec/pill/test/contamination/008.png",
        "MVTec/pill/test/contamination/009.png",
        "MVTec/pill/test/contamination/010.png",
        "MVTec/pill/test/contamination/011.png",
        "MVTec/pill/test/contamination/012.png",
        "MVTec/pill/test/contamination/013.png",
        "MVTec/pill/test/contamination/014.png",
        "MVTec/pill/test/contamination/015.png",
        "MVTec/pill/test/contamination/016.png",
        "MVTec/pill/test/contamination/017.png",
        "MVTec/pill/test/contamination/018.png",
        "MVTec/pill/test/contamination/019.png",
        "MVTec/pill/test/contamination/020.png",
        "MVTec/pill/test/crack/000.png",
        "MVTec/pill/test/crack/001.png",
        "MVTec/pill/test/crack/002.png",
        "MVTec/pill/test/crack/003.png",
        "MVTec/pill/test/crack/004.png",
        "MVTec/pill/test/crack/005.png",
        "MVTec/pill/test/crack/006.png",
        "MVTec/pill/test/crack/007.png",
        "MVTec/pill/test/crack/008.png",
        "MVTec/pill/test/crack/009.png",
        "MVTec/pill/test/crack/010.png",
        "MVTec/pill/test/crack/011.png",
        "MVTec/pill/test/crack/012.png",
        "MVTec/pill/test/crack/013.png",
        "MVTec/pill/test/crack/014.png",
        "MVTec/pill/test/crack/015.png",
        "MVTec/pill/test/crack/016.png",
        "MVTec/pill/test/crack/017.png",
        "MVTec/pill/test/crack/018.png",
        "MVTec/pill/test/crack/019.png",
        "MVTec/pill/test/crack/020.png",
        "MVTec/pill/test/crack/021.png",
        "MVTec/pill/test/crack/022.png",
        "MVTec/pill/test/crack/023.png",
        "MVTec/pill/test/crack/024.png",
        "MVTec/pill/test/crack/025.png",
        "MVTec/pill/test/faulty_imprint/000.png",
        "MVTec/pill/test/faulty_imprint/001.png",
        "MVTec/pill/test/faulty_imprint/002.png",
        "MVTec/pill/test/faulty_imprint/003.png",
        "MVTec/pill/test/faulty_imprint/004.png",
        "MVTec/pill/test/faulty_imprint/005.png",
        "MVTec/pill/test/faulty_imprint/006.png",
        "MVTec/pill/test/faulty_imprint/007.png",
        "MVTec/pill/test/faulty_imprint/008.png",
        "MVTec/pill/test/faulty_imprint/009.png",
