{
    "avg_iou": 0.23214293221578153,
    "thresh": 0.424829805422455,
    "ious_at_thresh": [
        0.0,
        0.09247695509961344,
        0.07484136883778947,
        0.0,
        0.09791921664626684,
        0.14188876906485903,
        0.07003346820520505,
        0.177062779366166,
        0.15826593016374038,
        0.18249423027609196,
        0.059473237043330504,
        0.3509786765182449,
        0.07731466751511296,
        0.1601131939775801,
        0.22389525368248772,
        0.4002959674435812,
        0.2042269439421338,
        0.5155453618756372,
        0.006318750016805186,
        0.35651886168100594,
        0.29992555369439794,
        0.44948434790544856,
        0.6788562001649712,
        0.12466442134036218,
        0.4158519920109324,
        0.2816933123170457,
        0.15372135469478806,
        0.5101850619091999,
        0.40740387822192575,
        0.41643781875245195,
        0.08584145824501907,
        0.4669039145907473,
        0.312349012363223,
        0.2373456042625333,
        0.19005191525185913,
        0.0,
        0.0,
        0.4269385634497987,
        0.24433938790743967,
        0.34548644960031194,
        0.06024600036843373,
        0.07149609379244401,
        0.6550368434682299,
        0.4730693502515861,
        0.5755098728071701,
        0.00043398068785939026,
        0.10787965913096366,
        0.0033591704309544426,
        0.02226550163175071,
        0.0,
        0.0,
        0.0,
        0.10973163646424125,
        0.0,
        0.04187506129253702,
        0.0,
        0.0,
        0.0,
        0.0,
        0.0,
        0.0,
        0.20637712188408014,
        0.5643028846153846,
        0.33602150537634407,
        0.2336639615269011,
        0.20914144533662754,
        0.281530568619068,
        0.0,
        0.40480387836051124,
        0.31068542352589046,
        0.5302866414277988,
        0.11767463666197843,
        0.0,
        0.2835868187579214,
        0.6035333852948818,
        0.2536980184203182,
        0.5488793514544588,
        0.0,
        0.4838405601939133,
        0.3519061583577713,
        0.7027485578554462,
        0.22289788215558817,
        0.2815493544356518,
        0.0,
        0.4651867893881971,
        0.24992376654266024,
        0.28978547940915494,
        0.18443969338269803,
        0.3998342499811648,
        0.22957854406130268,
        0.32396680634294633,
        0.28194074306317607,
        0.17902404949605827,
        0.33668341708542715,
        0.2129625415320195,
        0.26467051467051467,
        0.21732796892341844,
        0.43515651874785,
        0.5049104066161269,
        0.19372652971062515,
        NaN,
        NaN,
        NaN,
        NaN,
        NaN,
        NaN,
        NaN,
        NaN,
        NaN,
        NaN,
        NaN,
        NaN,
        NaN,
        NaN,
        NaN,
        NaN,
        NaN,
        NaN,
        NaN,
        NaN,
        NaN,
        NaN,
        NaN,
        NaN,
        NaN,
        NaN,
        NaN,
        NaN,
        NaN,
        NaN,
        NaN,
        NaN,
        NaN,
        NaN,
        NaN,
        NaN,
        NaN,
        NaN,
        NaN,
        NaN,
        NaN,
        NaN,
        NaN,
        NaN,
        NaN,
        NaN,
        NaN,
        NaN,
        NaN,
        NaN,
        NaN,
        NaN,
        NaN,
        NaN,
        NaN,
        NaN,
        NaN,
        NaN,
        NaN,
        NaN,
        NaN,
        NaN,
        NaN,
        NaN,
        NaN,
        NaN,
        NaN,
        NaN,
        NaN,
        NaN,
        NaN,
        NaN,
        NaN,
        NaN,
        NaN,
        NaN,
        NaN,
        NaN,
        NaN,
        NaN,
        NaN,
        NaN,
        NaN,
        NaN,
        NaN,
        NaN,
        NaN,
        NaN,
        NaN,
        NaN,
        NaN,
        NaN,
        NaN,
        NaN,
        NaN,
        NaN,
        NaN,
        NaN,
        NaN,
        NaN
    ],
    "image_classes": [
        1,
        1,
        1,
        1,
        1,
        1,
        1,
        1,
        1,
        1,
        1,
        1,
        1,
        1,
        1,
        1,
        1,
        1,
        1,
        1,
        1,
        1,
        1,
        1,
        1,
        1,
        1,
        1,
        1,
        1,
        1,
        1,
        1,
        1,
        1,
        1,
        1,
        1,
        1,
        1,
        1,
        1,
        1,
        1,
        1,
        1,
        1,
        1,
        1,
        1,
        1,
        1,
        1,
        1,
        1,
        1,
        1,
        1,
        1,
        1,
        1,
        1,
        1,
        1,
        1,
        1,
        1,
        1,
        1,
        1,
        1,
        1,
        1,
        1,
        1,
        1,
        1,
        1,
        1,
        1,
        1,
        1,
        1,
        1,
        1,
        1,
        1,
        1,
        1,
        1,
        1,
        1,
        1,
        1,
        1,
        1,
        1,
        1,
        1,
        1,
        0,
        0,
        0,
        0,
        0,
        0,
        0,
        0,
        0,
        0,
        0,
        0,
        0,
        0,
        0,
        0,
        0,
        0,
        0,
        0,
        0,
        0,
        0,
        0,
        0,
        0,
        0,
        0,
        0,
        0,
        0,
        0,
        0,
        0,
        0,
        0,
        0,
        0,
        0,
        0,
        0,
        0,
        0,
        0,
        0,
        0,
        0,
        0,
        0,
        0,
        0,
        0,
        0,
        0,
        0,
        0,
        0,
        0,
        0,
        0,
        0,
        0,
        0,
        0,
        0,
        0,
        0,
        0,
        0,
        0,
        0,
        0,
        0,
        0,
        0,
        0,
        0,
        0,
        0,
        0,
        0,
        0,
        0,
        0,
        0,
        0,
        0,
        0,
        0,
        0,
        0,
        0,
        0,
        0,
        0,
        0,
        0,
        0,
        0,
        0
    ],