{
    "avg_iou": 0.45786833549211886,
    "thresh": 0.11199323832988739,
    "ious_at_thresh": [
        0.3833955549352779,
        0.3300088549191406,
        0.540376900415982,
        0.34872332983560683,
        0.31073149364870783,
        0.20559067670826234,
        0.6198774676650782,
        0.48710553760187464,
        0.5876766117394369,
        0.3767796799366774,
        0.3793981832766059,
        0.538856264496889,
        0.5346412654723518,
        0.5131402014673618,
        0.6848057813911472,
        0.6280524253359605,
        0.4286882430863329,
        0.37663668085923746,
        0.5855356829396735,
        0.48664971819808184,
        0.5681105302464525,
        0.6623907872212712,
        0.5753766279222389,
        0.7095350383940988,
        0.176421605817805,
        0.4793293747816975,
        0.5697508444155513,
        0.5054848101638091,
        0.5272455834784773,
        0.42348008385744235,
        0.7308819762643367,
        0.8526664180495991,
        0.676556085257104,
        0.3742449999608301,
        0.5727587523175919,
        0.6744809048761568,
        0.29937592438945204,
        0.2350953807114088,
        0.4295791553561206,
        0.3244071665833045,
        0.5949957147933694,
        0.29677632979352425,
        0.25178458585905866,
        0.2939592281993591,
        0.14097350881836337,
        0.42241481758144744,
        0.262317116164287,
        0.49869006481920636,
        0.3659030425742154,
        0.29107330071640747,
        0.2586484508416687,
        0.29363274587834,
        0.11249262310322805,
        0.10240181759169101,
        0.11596109139850728,
        0.36207354895879484,
        0.47007525453740595,
        0.17589369578429748,
        0.18476494872819282,
        0.20488677695647073,
        NaN,
        NaN,
        NaN,
        NaN,
        NaN,
        NaN,
        NaN,
        NaN,
        NaN,
        NaN,
        NaN,
        NaN,
        NaN,
        NaN,
        NaN,
        NaN,
        NaN,
        NaN,
        NaN,
        NaN,
        NaN,
        NaN,
        NaN,
        NaN,
        NaN,
        NaN,
        NaN,
        NaN,
        NaN,
        NaN,
        NaN,
        NaN,
        NaN,
        NaN,
        NaN,
        NaN,
        NaN,
        NaN,
        NaN,
        NaN,
        NaN,
        NaN,
        NaN,
        NaN,
        NaN,
        NaN,
        NaN,
        NaN,
        NaN,
        NaN,
        NaN,
        NaN,
        NaN,
        NaN,
        NaN,
        NaN,
        NaN,
        NaN,
        0.8646862756563943,
        0.8992354662898667,
        0.8413180796423504,
        0.8094105938294813,
        0.8608848059954067,
        0.6890254009033274,
        0.9509824773809329,
        0.9148120811313513,
        0.8196148273363921,
        0.8344315753963791,
        0.8776411953175717,
        0.7874156184866804,
        0.06990893389857121,
        0.676654024441635,
        0.34351625856231793,
        0.5789456940158432,
        0.7061219623661256,
        0.6252009397798937,
        0.6835305376718288,
        0.5545055030529304,
        0.6313918984197088,
        0.7242917847025496,
        0.14846251209887573,
        0.1718084419775397,
        0.16384285980264382,
        0.0,
        0.0,
        0.22441993153290224,
        0.0,
        0.1435682370463275,
        0.09505014953309056,
        0.019647531913745176
    ],
    "image_classes": [
        1,
        1,
        1,
        1,
        1,
        1,
        1,
        1,
        1,
        1,
        1,
        1,
        1,
        1,
        1,
        1,
        1,
        1,
        1,
        1,
        1,
        1,
        1,
        1,
        1,
        1,
        1,
        1,
        1,
        1,
        1,
        1,
        1,
        1,
        1,
        1,
        1,
        1,
        1,
        1,
        1,
        1,
        1,
        1,
        1,
        1,
        1,
        1,
        1,
        1,
        1,
        1,
        1,
        1,
        1,
        1,
        1,
        1,
        1,
        1,
        0,
        0,
        0,
        0,
        0,
        0,
        0,
        0,
        0,
        0,
        0,
        0,
        0,
        0,
        0,
        0,
        0,
        0,
        0,
        0,
        0,
        0,
        0,
        0,
        0,
        0,
        0,
        0,
        0,
        0,
        0,
        0,
        0,
        0,
        0,
        0,
        0,
        0,
        0,
        0,
        0,
        0,
        0,
        0,
        0,
        0,
        0,
        0,
        0,
        0,
        0,
        0,
        0,
        0,
        0,
        0,
        0,
        0,
        1,
        1,
        1,
        1,
        1,
        1,
        1,
        1,
        1,
        1,
        1,
        1,
        1,
        1,
        1,
        1,
        1,
        1,
        1,
        1,
        1,
        1,
        1,
        1,
        1,
        1,
        1,
        1,
        1,
        1,
        1,
        1
    ],