{
    "shared_fpr_metric": "mean-per-image-fpr",
    "fpr_lower_bound": 1e-05,
    "fpr_upper_bound": 0.0001,
    "num_threshs": 2295,
    "thresh_lower_bound": 0.025046903640031815,
    "thresh_upper_bound": 0.027512995526194572,
    "aupimos": [
        0.0,
        0.007785007536029919,
        0.0,
        0.00613254399720455,
        0.0,
        0.0,
        0.0,
        0.0,
        0.0,
        0.0,
        0.0,
        0.041363175557885046,
        0.0,
        0.0,
        0.0,
        0.0,
        0.0,
        0.0030352702533244505,
        0.0,
        0.0,
        0.0,
        0.0,
        0.19342891110327604,
        0.028145118758002623,
        0.07215349575560268,
        0.36892541811714796,
        0.0,
        0.0032974353545168994,
        0.013005517623092438,
        0.14982620767771135,
        0.23889860338365956,
        0.0,
        0.16872298295839988,
        0.0,
        0.12024171368549658,
        0.3428294039964736,
        0.7288441478515723,
        0.17635319414072856,
        0.9676093540938534,
        0.7964306879134595,
        0.6220634591081124,
        0.2085997864354081,
        0.2607613008704966,
        0.33680257254597035,
        0.24208804158975028,
        0.5567621481196492,
        0.42704101123422405,
        0.12948488401144698,
        0.48407949759759866,
        0.17738379223960205,
        0.4647896904973681,
        0.24384936592530754,
        0.0,
        0.0,
        0.0,
        0.0,
        0.0,
        0.0,
        0.0,
        0.0,
        0.0,
        0.0,
        0.0,
        0.0,
        0.0,
        0.0,
        0.0,
        0.0,
        NaN,
        NaN,
        NaN,
        NaN,
        NaN,
        NaN,
        NaN,
        NaN,
        NaN,
        NaN,
        NaN,
        NaN,
        NaN,
        NaN,
        NaN,
        NaN,
        NaN,
        NaN,
        NaN,
        NaN,
        NaN,
        NaN,
        NaN,
        NaN,
        NaN,
        NaN,
        NaN,
        NaN,
        NaN,
        NaN,
        NaN,
        NaN,
        0.0,
        0.013845925318716283,
        0.0,
        0.005517502384751854,
        0.0,
        0.0,
        0.0,
        0.0,
        0.0,
        0.0,
        0.022275864143008535,
        0.00046133301455762753,
        0.0,
        0.005511083822339881,
        0.0,
        1.3707326036878389e-06,
        0.0013105543118029144,
        0.0,
        0.0,
        0.0,
        0.0,
        0.0,
        0.0,
        0.0,
        0.0,
        0.0,
        0.0,
        0.0,
        0.0,
        0.0,
        0.0,
        0.0,
        0.0,
        0.0,
        0.0,
        0.0,
        0.0,
        0.0,
        0.0,
        0.0,
        0.0,
        0.0,
        0.0,
        0.0,
        0.0,
        0.0,
        0.0,
        0.0,
        0.0,
        0.0,
        0.0
    ],
    "paths": [
        "MVTec/zipper/test/broken_teeth/000.png",
        "MVTec/zipper/test/broken_teeth/001.png",
        "MVTec/zipper/test/broken_teeth/002.png",
        "MVTec/zipper/test/broken_teeth/003.png",
        "MVTec/zipper/test/broken_teeth/004.png",
        "MVTec/zipper/test/broken_teeth/005.png",
        "MVTec/zipper/test/broken_teeth/006.png",
        "MVTec/zipper/test/broken_teeth/007.png",
        "MVTec/zipper/test/broken_teeth/008.png",
        "MVTec/zipper/test/broken_teeth/009.png",
        "MVTec/zipper/test/broken_teeth/010.png",
        "MVTec/zipper/test/broken_teeth/011.png",
        "MVTec/zipper/test/broken_teeth/012.png",
        "MVTec/zipper/test/broken_teeth/013.png",
        "MVTec/zipper/test/broken_teeth/014.png",
        "MVTec/zipper/test/broken_teeth/015.png",
        "MVTec/zipper/test/broken_teeth/016.png",
        "MVTec/zipper/test/broken_teeth/017.png",
        "MVTec/zipper/test/broken_teeth/018.png",
        "MVTec/zipper/test/combined/000.png",
        "MVTec/zipper/test/combined/001.png",
        "MVTec/zipper/test/combined/002.png",
        "MVTec/zipper/test/combined/003.png",
        "MVTec/zipper/test/combined/004.png",
        "MVTec/zipper/test/combined/005.png",
        "MVTec/zipper/test/combined/006.png",
        "MVTec/zipper/test/combined/007.png",
        "MVTec/zipper/test/combined/008.png",
        "MVTec/zipper/test/combined/009.png",
        "MVTec/zipper/test/combined/010.png",
        "MVTec/zipper/test/combined/011.png",
        "MVTec/zipper/test/combined/012.png",
        "MVTec/zipper/test/combined/013.png",
        "MVTec/zipper/test/combined/014.png",
        "MVTec/zipper/test/combined/015.png",
        "MVTec/zipper/test/fabric_border/000.png",
        "MVTec/zipper/test/fabric_border/001.png",
        "MVTec/zipper/test/fabric_border/002.png",
        "MVTec/zipper/test/fabric_border/003.png",
        "MVTec/zipper/test/fabric_border/004.png",
        "MVTec/zipper/test/fabric_border/005.png",
        "MVTec/zipper/test/fabric_border/006.png",
        "MVTec/zipper/test/fabric_border/007.png",
        "MVTec/zipper/test/fabric_border/008.png",
        "MVTec/zipper/test/fabric_border/009.png",
        "MVTec/zipper/test/fabric_border/010.png",
        "MVTec/zipper/test/fabric_border/011.png",
        "MVTec/zipper/test/fabric_border/012.png",
        "MVTec/zipper/test/fabric_border/013.png",
        "MVTec/zipper/test/fabric_border/014.png",
        "MVTec/zipper/test/fabric_border/015.png",
        "MVTec/zipper/test/fabric_border/016.png",
        "MVTec/zipper/test/fabric_interior/000.png",
        "MVTec/zipper/test/fabric_interior/001.png",
        "MVTec/zipper/test/fabric_interior/002.png",
        "MVTec/zipper/test/fabric_interior/003.png",
        "MVTec/zipper/test/fabric_interior/004.png",
        "MVTec/zipper/test/fabric_interior/005.png",
        "MVTec/zipper/test/fabric_interior/006.png",
        "MVTec/zipper/test/fabric_interior/007.png",
        "MVTec/zipper/test/fabric_interior/008.png",
        "MVTec/zipper/test/fabric_interior/009.png",
        "MVTec/zipper/test/fabric_interior/010.png",
        "MVTec/zipper/test/fabric_interior/011.png",
        "MVTec/zipper/test/fabric_interior/012.png",
        "MVTec/zipper/test/fabric_interior/013.png",
        "MVTec/zipper/test/fabric_interior/014.png",
        "MVTec/zipper/test/fabric_interior/015.png",
        "MVTec/zipper/test/good/000.png",
        "MVTec/zipper/test/good/001.png",
        "MVTec/zipper/test/good/002.png",
        "MVTec/zipper/test/good/003.png",
        "MVTec/zipper/test/good/004.png",
        "MVTec/zipper/test/good/005.png",
        "MVTec/zipper/test/good/006.png",
        "MVTec/zipper/test/good/007.png",
        "MVTec/zipper/test/good/008.png",
        "MVTec/zipper/test/good/009.png",
        "MVTec/zipper/test/good/010.png",
        "MVTec/zipper/test/good/011.png",
        "MVTec/zipper/test/good/012.png",
        "MVTec/zipper/test/good/013.png",
        "MVTec/zipper/test/good/014.png",
        "MVTec/zipper/test/good/015.png",
        "MVTec/zipper/test/good/016.png",
        "MVTec/zipper/test/good/017.png",
        "MVTec/zipper/test/good/018.png",
        "MVTec/zipper/test/good/019.png",
        "MVTec/zipper/test/good/020.png",
        "MVTec/zipper/test/good/021.png",
        "MVTec/zipper/test/good/022.png",
        "MVTec/zipper/test/good/023.png",
        "MVTec/zipper/test/good/024.png",
        "MVTec/zipper/test/good/025.png",
        "MVTec/zipper/test/good/026.png",
        "MVTec/zipper/test/good/027.png",
        "MVTec/zipper/test/good/028.png",
        "MVTec/zipper/test/good/029.png",
        "MVTec/zipper/test/good/030.png",
        "MVTec/zipper/test/good/031.png",
        "MVTec/zipper/test/rough/000.png",
        "MVTec/zipper/test/rough/001.png",
        "MVTec/zipper/test/rough/002.png",
        "MVTec/zipper/test/rough/003.png",
        "MVTec/zipper/test/rough/004.png",
        "MVTec/zipper/test/rough/005.png",
        "MVTec/zipper/test/rough/006.png",
        "MVTec/zipper/test/rough/007.png",
        "MVTec/zipper/test/rough/008.png",
