{
    "ious": [
        0.4933439526681079,
        0.43316635908252044,
        0.28372885800445785,
        0.27954220314735334,
        0.32754477937964177,
        0.5344177034468692,
        0.4499041754374941,
        0.46107042253521124,
        0.37777520814061055,
        0.34303481534751895,
        0.3862840272217774,
        0.45895840436413227,
        0.46373254337706304,
        0.542520398912058,
        0.32660455486542445,
        0.3701508620689655,
        0.333927888903045,
        0.420252664824319,
        0.489505165851006,
        0.29174876847290643,
        0.3683846897885864,
        0.42450704225352115,
        0.23918621700879766,
        0.31482782853127195,
        0.42273807859040696,
        0.7596412556053812,
        0.7120063191153239,
        0.7313192706471219,
        0.6958834166578024,
        0.26501392019090547,
        0.6708478162309204,
        0.6516312056737589,
        0.006676505924558844,
        0.754124228948501,
        0.6565145813734713,
        NaN,
        NaN,
        NaN,
        NaN,
        NaN,
        NaN,
        NaN,
        NaN,
        NaN,
        NaN,
        NaN,
        NaN,
        NaN,
        NaN,
        NaN,
        NaN,
        NaN,
        NaN,
        NaN,
        NaN,
        NaN,
        0.5845842956120092,
        0.5898062489090592,
        0.6375099760574621,
        0.4342755922946343,
        0.49944258639910816,
        0.5940899202320522,
        0.4607329842931937,
        0.36670639650377435,
        0.37502733435381586,
        0.4189550767497536,
        0.302626207647299,
        0.4457282087557966,
        0.7368846847968138,
        0.2222909450766947,
        0.22341854371711034,
        0.38671226777836243,
        0.45396346436144186,
        0.24224903636668343,
        0.4648826743812279,
        0.37639861011820647,
        0.35710380379598533,
        0.4102972972972973
    ],
    "threshs": [
        1.2494792938232422,
        1.260090708732605,
        0.9482154250144958,
        1.0812981128692627,
        0.5413652658462524,
        1.0770747661590576,
        0.7069543600082397,
        0.6901646256446838,
        0.9140060544013977,
        0.7962313294410706,
        0.6267645359039307,
        0.8403971195220947,
        1.2109383344650269,
        1.0774027109146118,
        1.3116823434829712,
        1.2246414422988892,
        2.0577120780944824,
        1.5422990322113037,
        1.6821082830429077,
        1.7103586196899414,
        1.0516140460968018,
        1.6521327495574951,
        1.0399783849716187,
        1.8677353858947754,
        1.0278931856155396,
        0.7782551646232605,
        0.7954219579696655,
        0.6206879615783691,
        0.7003368735313416,
        1.092819333076477,
        0.43283331394195557,
        0.3664889335632324,
        -1.7547075913171284e-05,
        1.1609232425689697,
        1.164359450340271,
        NaN,
        NaN,
        NaN,
        NaN,
        NaN,
        NaN,
        NaN,
        NaN,
        NaN,
        NaN,
        NaN,
        NaN,
        NaN,
        NaN,
        NaN,
        NaN,
        NaN,
        NaN,
        NaN,
        NaN,
        NaN,
        1.8312791585922241,
        1.3688490390777588,
        1.4126496315002441,
        1.4991916418075562,
        1.6188527345657349,
        1.2174415588378906,
        1.2816791534423828,
        1.6041405200958252,
        1.014540433883667,
        0.8031368255615234,
        1.494055151939392,
        1.005216121673584,
        1.1178683042526245,
        0.6024957299232483,
        0.427655428647995,
        1.414347767829895,
        1.7524234056472778,
        1.1620113849639893,
        0.5225533246994019,
        0.46584954857826233,
        1.2076107263565063,
        1.7101422548294067
    ],
    "image_classes": [
        1,
        1,
        1,
        1,
        1,
        1,
        1,
        1,
        1,
        1,
        1,
        1,
        1,
        1,
        1,
        1,
        1,
        1,
        1,
        1,
        1,
        1,
        1,
        1,
        1,
        1,
        1,
        1,
        1,
        1,
        1,
        1,
        1,
        1,
        1,
        0,
        0,
        0,
        0,
        0,
        0,
        0,
        0,
        0,
        0,
        0,
        0,
        0,
        0,
        0,
        0,
        0,
        0,
        0,
        0,
        0,
        1,
        1,
        1,
        1,
        1,
        1,
        1,
        1,
        1,
        1,
        1,
        1,
        1,
        1,
        1,
        1,
        1,
        1,
        1,
        1,
        1,
        1
    ],