{
    "avg_iou": 0.21907642778109881,
    "thresh": 2.1177022457122803,
    "ious_at_thresh": [
        0.34359156020988774,
        0.5624073769142104,
        0.16850120003310437,
        0.36139159170185425,
        0.2841428227939409,
        0.3284274990122481,
        0.4969137144099109,
        0.4390599994384704,
        0.47754262823921445,
        0.1271867612293144,
        0.0,
        0.42425192617810425,
        0.273483819792689,
        0.1973592958122166,
        0.25372914441457034,
        0.6973439989487689,
        0.5014770779386557,
        0.3944831154171762,
        0.333873384202641,
        0.366530026257627,
        0.5803643125818858,
        0.36215945656060067,
        0.06827485380116959,
        0.43080575338639854,
        0.24916277871597448,
        0.0,
        0.0,
        0.006231906845108721,
        0.0,
        0.0,
        0.1920612465673629,
        0.0,
        0.0,
        0.0,
        0.0,
        0.1149064965949627,
        0.13851931330472103,
        0.0,
        0.11268723340938398,
        0.2074450084602369,
        0.49727483138796946,
        0.0,
        0.0,
        0.12348098784790279,
        0.07534273558146865,
        0.4355599787230392,
        0.3972393701879725,
        0.463043075211668,
        0.5056723079784267,
        0.5833054943097036,
        0.46374552413878256,
        0.4973499980223866,
        0.5428554463676039,
        0.36566673965403984,
        0.1657114222180463,
        0.42644739148215227,
        0.6197313384813384,
        0.3260929243016952,
        0.17254740124263476,
        0.42873344776851396,
        0.43778916060806344,
        0.3742643769143408,
        0.33243397923309626,
        0.3874698347874513,
        0.3155686539366775,
        0.0,
        0.0,
        0.0,
        0.0,
        0.0,
        0.0,
        0.0,
        0.0,
        0.0,
        0.0,
        0.0,
        0.26097979270747895,
        0.16248907024191198,
        0.0,
        0.19106197446278417,
        0.009163631353706526,
        0.28192307692307694,
        0.005026627122956012,
        0.16204070843246102,
        0.005311021162919544,
        0.0005621925509487,
        0.0,
        0.15253349300202082,
        0.3015967766005074,
        0.44737732656514384,
        0.25170068027210885,
        0.0,
        0.007936119139763876,
        0.15076603479615686,
        0.0,
        0.05617367706919946,
        0.0,
        0.5841418301109793,
        0.0800425947289023,
        0.36517442730947747,
        NaN,
        NaN,
        NaN,
        NaN,
        NaN,
        NaN,
        NaN,
        NaN,
        NaN,
        NaN,
        NaN,
        NaN,
        NaN,
        NaN,
        NaN,
        NaN,
        NaN,
        NaN,
        NaN,
        NaN,
        NaN,
        NaN,
        NaN,
        NaN,
        NaN,
        NaN,
        NaN,
        NaN,
        NaN,
        NaN,
        NaN,
        NaN,
        NaN,
        NaN,
        NaN,
        NaN,
        NaN,
        NaN,
        NaN,
        NaN,
        NaN,
        NaN,
        NaN,
        NaN,
        NaN,
        NaN,
        NaN,
        NaN,
        NaN,
        NaN
    ],
    "image_classes": [
        1,
        1,
        1,
        1,
        1,
        1,
        1,
        1,
        1,
        1,
        1,
        1,
        1,
        1,
        1,
        1,
        1,
        1,
        1,
        1,
        1,
        1,
        1,
        1,
        1,
        1,
        1,
        1,
        1,
        1,
        1,
        1,
        1,
        1,
        1,
        1,
        1,
        1,
        1,
        1,
        1,
        1,
        1,
        1,
        1,
        1,
        1,
        1,
        1,
        1,
        1,
        1,
        1,
        1,
        1,
        1,
        1,
        1,
        1,
        1,
        1,
        1,
        1,
        1,
        1,
        1,
        1,
        1,
        1,
        1,
        1,
        1,
        1,
        1,
        1,
        1,
        1,
        1,
        1,
        1,
        1,
        1,
        1,
        1,
        1,
        1,
        1,
        1,
        1,
        1,
        1,
        1,
        1,
        1,
        1,
        1,
        1,
        1,
        1,
        1,
        0,
        0,
        0,
        0,
        0,
        0,
        0,
        0,
        0,
        0,
        0,
        0,
        0,
        0,
        0,
        0,
        0,
        0,
        0,
        0,
        0,
        0,
        0,
        0,
        0,
        0,
        0,
        0,
        0,
        0,
        0,
        0,
        0,
        0,
        0,
        0,
        0,
        0,
        0,
        0,
        0,
        0,
        0,
        0,
        0,
        0,
        0,
        0,
        0,
        0
    ],