{
    "shared_fpr_metric": "mean-per-image-fpr",
    "fpr_lower_bound": 1e-05,
    "fpr_upper_bound": 0.0001,
    "num_threshs": null,
    "thresh_lower_bound": -0.3922283351421356,
    "thresh_upper_bound": -0.3112184405326843,
    "aupimos": [
        0.0,
        0.9531985969001339,
        0.045080862934604456,
        0.0,
        0.5721934274624695,
        0.8870822309392244,
        0.27327273634567495,
        0.9874103830210641,
        0.0325403575822442,
        0.9524557656342454,
        0.19908802287178176,
        0.009374572692193201,
        0.0,
        0.019811618288332826,
        0.5532746233984792,
        0.0,
        0.0,
        0.0,
        0.22002942627926725,
        0.0,
        0.9999420902083406,
        0.0,
        0.0,
        0.04692485251917179,
        0.2927624857947487,
        0.737066303852265,
        0.1602593623937479,
        0.0,
        0.22013308726850342,
        0.0,
        0.9419874812718799,
        0.0,
        0.0,
        0.2264539287899753,
        0.0,
        0.0,
        0.0,
        0.0,
        0.19607816092563077,
        0.0,
        0.37426195224095216,
        0.8474491286164356,
        0.9896076595201119,
        0.8901143493011673,
        0.015248936305437881,
        0.9999420902083406,
        0.547007928517984,
        0.0,
        0.32721995612125054,
        0.7127231778671725,
        0.0,
        0.02045174384771128,
        0.0,
        0.07845198043418847,
        0.041265159858881885,
        0.9249201145103496,
        0.0,
        0.2067263075968203,
        0.0,
        0.531954841962102,
        0.0,
        0.9129786328782691,
        0.09232437736349518,
        0.6744750625564192,
        0.9999420902083406,
        0.05005897407626506,
        0.05794352534166384,
        0.15033121071361782,
        0.4102566554453467,
        0.005723159997477792,
        0.9925509743071048,
        0.7614259899780417,
        0.3034103284479948,
        0.517205260432123,
        0.6924345798739556,
        0.7782659629252161,
        0.8494941918835148,
        0.704918219529805,
        0.980067528333251,
        0.9395395174775983,
        0.5585126182621794,
        0.9442595158724971,
        0.02853524143969689,
        0.8495352751266234,
        0.9953866739963976,
        0.4431268985178645,
        0.6705843625508404,
        0.4950355028032854,
        0.24433998062366785,
        0.4990304326844961,
        0.1269492097474671,
        0.0,
        0.21209556656097736,
        0.6547804648854029,
        0.1499116730416035,
        0.9535362374899401,
        0.7020937688797748,
        0.36112087906784107,
        0.19313993783739927,
        0.9454210012778078,
        NaN,
        NaN,
        NaN,
        NaN,
        NaN,
        NaN,
        NaN,
        NaN,
        NaN,
        NaN,
        NaN,
        NaN,
        NaN,
        NaN,
        NaN,
        NaN,
        NaN,
        NaN,
        NaN,
        NaN,
        NaN,
        NaN,
        NaN,
        NaN,
        NaN,
        NaN,
        NaN,
        NaN,
        NaN,
        NaN,
        NaN,
        NaN,
        NaN,
        NaN,
        NaN,
        NaN,
        NaN,
        NaN,
        NaN,
        NaN,
        NaN,
        NaN,
        NaN,
        NaN,
        NaN,
        NaN,
        NaN,
        NaN,
        NaN,
        NaN,
        NaN,
        NaN,
        NaN,
        NaN,
        NaN,
        NaN,
        NaN,
        NaN,
        NaN,
        NaN,
        NaN,
        NaN,
        NaN,
        NaN,
        NaN,
        NaN,
        NaN,
        NaN,
        NaN,
        NaN,
        NaN,
        NaN,
        NaN,
        NaN,
        NaN,
        NaN,
        NaN,
        NaN,
        NaN,
        NaN,
        NaN,
        NaN,
        NaN,
        NaN,
        NaN,
        NaN,
        NaN,
        NaN,
        NaN,
        NaN,
        NaN,
        NaN,
        NaN,
        NaN,
        NaN,
        NaN,
        NaN,
        NaN,
        NaN,
        NaN
    ],