{
    "avg_iou": 0.2035515528469354,
    "thresh": 2.7602853775024414,
    "ious_at_thresh": [
        0.0,
        0.0,
        0.0,
        0.0,
        0.0,
        0.0,
        0.0,
        0.0,
        0.0,
        0.0,
        0.0,
        0.0,
        0.0,
        0.0,
        0.0,
        0.0,
        0.18651362984218078,
        0.0,
        0.3837460928107718,
        0.0,
        0.0,
        0.0,
        0.0,
        0.0,
        0.0,
        0.0,
        0.0,
        0.0,
        0.0,
        0.0,
        0.0,
        0.0,
        0.0,
        0.0,
        0.0,
        0.0,
        0.0,
        0.0,
        0.0,
        0.0,
        0.0,
        0.0,
        0.0,
        0.0,
        0.0,
        0.22805591251212923,
        0.12205028227935502,
        0.3886362328017961,
        0.3869893091856204,
        0.34751711586792616,
        0.14848379226211222,
        0.3837161727745631,
        0.594361494945748,
        0.1617037054202489,
        0.48009379365396126,
        0.3807277313279462,
        0.7318058770449998,
        0.5571812418657375,
        0.4062322946175637,
        0.7489329991193009,
        0.5813989004276114,
        0.3544438909841315,
        0.4601876353139283,
        0.2115348619560131,
        0.32071697521179793,
        0.657887897427012,
        0.0,
        0.43666215449107026,
        0.5529540310622024,
        0.613372414555912,
        0.7785062046359167,
        0.6258679250954342,
        0.6328108108108108,
        0.5742916210628725,
        0.8167272468106336,
        0.6867771724881289,
        0.6055125616868551,
        0.6819271108897949,
        0.7734667135415002,
        0.7182705248990578,
        0.41286820467789576,
        0.04544279250161603,
        0.5561352073812192,
        0.40466496893805454,
        0.5922293858160842,
        0.16078144588382784,
        0.0,
        0.0,
        0.0,
        0.0,
        0.0,
        0.0,
        0.0,
        0.17766497461928935,
        0.0,
        0.0,
        0.2853039731929153,
        0.0,
        0.0,
        0.0,
        NaN,
        NaN,
        NaN,
        NaN,
        NaN,
        NaN,
        NaN,
        NaN,
        NaN,
        NaN,
        NaN,
        NaN,
        NaN,
        NaN,
        NaN,
        NaN,
        NaN,
        NaN,
        NaN,
        NaN,
        NaN,
        NaN,
        NaN,
        NaN,
        NaN,
        NaN,
        NaN,
        NaN,
        NaN,
        NaN,
        NaN,
        NaN,
        NaN,
        NaN,
        NaN,
        NaN,
        NaN,
        NaN,
        NaN,
        NaN,
        NaN,
        NaN,
        NaN,
        NaN,
        NaN,
        NaN,
        NaN,
        NaN,
        NaN,
        NaN,
        NaN,
        NaN,
        NaN,
        NaN,
        NaN,
        NaN,
        NaN,
        NaN,
        NaN,
        NaN
    ],
    "image_classes": [
        1,
        1,
        1,
        1,
        1,
        1,
        1,
        1,
        1,
        1,
        1,
        1,
        1,
        1,
        1,
        1,
        1,
        1,
        1,
        1,
        1,
        1,
        1,
        1,
        1,
        1,
        1,
        1,
        1,
        1,
        1,
        1,
        1,
        1,
        1,
        1,
        1,
        1,
        1,
        1,
        1,
        1,
        1,
        1,
        1,
        1,
        1,
        1,
        1,
        1,
        1,
        1,
        1,
        1,
        1,
        1,
        1,
        1,
        1,
        1,
        1,
        1,
        1,
        1,
        1,
        1,
        1,
        1,
        1,
        1,
        1,
        1,
        1,
        1,
        1,
        1,
        1,
        1,
        1,
        1,
        1,
        1,
        1,
        1,
        1,
        1,
        1,
        1,
        1,
        1,
        1,
        1,
        1,
        1,
        1,
        1,
        1,
        1,
        1,
        1,
        0,
        0,
        0,
        0,
        0,
        0,
        0,
        0,
        0,
        0,
        0,
        0,
        0,
        0,
        0,
        0,
        0,
        0,
        0,
        0,
        0,
        0,
        0,
        0,
        0,
        0,
        0,
        0,
        0,
        0,
        0,
        0,
        0,
        0,
        0,
        0,
        0,
        0,
        0,
        0,
        0,
        0,
        0,
        0,
        0,
        0,
        0,
        0,
        0,
        0,
        0,
        0,
        0,
        0,
        0,
        0,
        0,
        0,
        0,
        0
    ],