{
    "avg_iou": 0.25089449040348294,
    "thresh": -0.024077635258436203,
    "ious_at_thresh": [
        0.23892100192678228,
        0.09225668653766457,
        0.10573122529644269,
        0.08855291576673865,
        0.10287051351690135,
        0.1469945696273641,
        0.082201602699283,
        0.0765850009351038,
        0.04141590117199873,
        0.039636765247269605,
        0.1341180371352785,
        0.06248116524359618,
        0.041471048513302036,
        0.047348973103033425,
        0.09029149602505421,
        0.06041379310344828,
        0.06147056505634802,
        0.18682877406281662,
        0.12298280772070457,
        0.11171986660314435,
        0.08123536299765809,
        0.06254775679510971,
        0.1699001262771209,
        0.11116072852540589,
        0.0853548966756514,
        0.4363422687335609,
        0.5040181268882176,
        0.12748389749212005,
        0.155066615069932,
        0.1916074121956475,
        0.2756265725582459,
        0.12262681819687883,
        0.06313088109495295,
        0.25981308411214954,
        0.1004042570744988,
        0.048624568998062064,
        0.24190822411428936,
        0.11406066093254867,
        0.2434146705469741,
        0.08136404427161233,
        0.2309037221229311,
        0.21246620857200701,
        0.12402295438804789,
        0.15183207781759672,
        0.14814307718637687,
        0.0842129955430448,
        0.473568281938326,
        0.0,
        0.4987651669709009,
        0.4256693812543198,
        0.3236057068741894,
        0.28146123975262477,
        0.4539891205802357,
        0.35894389438943897,
        0.3234254498714653,
        0.010578842315369262,
        0.15203603603603605,
        0.31912709353826296,
        0.37053817666062566,
        0.41945419823815683,
        0.32512583000543493,
        0.46952886316127995,
        0.28534450881301615,
        0.378739740534816,
        0.0,
        0.03188539741219963,
        0.0,
        0.13848239317292585,
        0.25408993175656724,
        0.08537898973864731,
        0.0015049780041676314,
        0.0,
        0.18154919158829125,
        0.2916149271289458,
        0.2325456136807379,
        0.15076905082168549,
        0.0,
        0.0,
        0.39572192513368987,
        0.0,
        0.0024096385542168677,
        0.3216168717047452,
        0.3256309098879078,
        0.0,
        0.5172655156322912,
        0.2895039264508715,
        0.0,
        0.0,
        0.22504500900180036,
        0.0,
        0.07097839135654262,
        0.02279316651054909,
        0.0,
        0.0,
        0.3898758420287941,
        0.14539586404749572,
        0.5787791034402873,
        0.2613514184103879,
        0.3058728974108732,
        0.5445872638358141,
        0.373557162699363,
        0.09105960264900662,
        0.39921214450422754,
        0.015883977900552487,
        0.44098533143529123,
        0.08213664426783095,
        0.5472674863227248,
        0.6014531997472696,
        NaN,
        NaN,
        NaN,
        NaN,
        NaN,
        NaN,
        NaN,
        NaN,
        NaN,
        NaN,
        NaN,
        NaN,
        NaN,
        NaN,
        NaN,
        NaN,
        NaN,
        NaN,
        NaN,
        NaN,
        NaN,
        NaN,
        NaN,
        NaN,
        NaN,
        NaN,
        0.7513717341729659,
        0.6619921982642023,
        0.8886063053982215,
        0.8614315164744234,
        0.8915298851357893,
        0.6971529218614264,
        0.6624895253086373,
        0.8995148364890532,
        0.870954265981639,
        0.41543885022145893,
        0.22907153729071536,
        0.41685419058553386,
        0.30269413629160064,
        0.012168716438593453,
        0.274896265560166,
        0.0,
        0.134280882589789,
        0.36648129688893555,
        0.3954905633194064,
        0.2738348769253628,
        0.28572576756148527,
        0.6892797923725759,
        0.5972800706802979,
        0.6212905387794616,
        0.28520246062326776,
        0.0,
        0.2964881980426022,
        0.7458754062569777,
        0.30712043614736495,
        0.2191969196919692,
        0.2761282888419435,
        0.0,
        0.498610747051114
    ],
    "image_classes": [
        1,
        1,
        1,
        1,
        1,
        1,
        1,
        1,
        1,
        1,
        1,
        1,
        1,
        1,
        1,
        1,
        1,
        1,
        1,
        1,
        1,
        1,
        1,
        1,
        1,
        1,
        1,
        1,
        1,
        1,
        1,
        1,
        1,
        1,
        1,
        1,
        1,
        1,
        1,
        1,
        1,
        1,
        1,
        1,
        1,
        1,
        1,
        1,
        1,
        1,
        1,
        1,
        1,
        1,
        1,
        1,
        1,
        1,
        1,
        1,
        1,
        1,
        1,
        1,
        1,
        1,
        1,
        1,
        1,
        1,
        1,
        1,
        1,
        1,
        1,
        1,
        1,
        1,
        1,
        1,
        1,
        1,
        1,
        1,
        1,
        1,
        1,
        1,
        1,
        1,
        1,
        1,
        1,
        1,
        1,
        1,
        1,
        1,
        1,
        1,
        1,
        1,
        1,
        1,
        1,
        1,
        1,
        1,
        0,
        0,
        0,
        0,
        0,
        0,
        0,
        0,
        0,
        0,
        0,
        0,
        0,
        0,
        0,
        0,
        0,
        0,
        0,
        0,
        0,
        0,
        0,
        0,
        0,
        0,
        1,
        1,
        1,
        1,
        1,
        1,
        1,
        1,
        1,
        1,
        1,
        1,
        1,
        1,
        1,
        1,
        1,
        1,
        1,
        1,
        1,
        1,
        1,
        1,
        1,
        1,
        1,
        1,
        1,
        1,
        1,
        1,
        1
    ],