{
    "avg_iou": 0.16648201583364503,
    "thresh": 37.679290771484375,
    "ious_at_thresh": [
        0.0,
        0.04427989413269099,
        0.05994265344079355,
        0.07560024174495907,
        0.06544209625386793,
        0.05957283376362899,
        0.07542237498184634,
        0.046091268481067614,
        0.10284117104656523,
        0.13807688964857895,
        0.17077883984954623,
        0.1505126716966531,
        0.11227795015172697,
        0.1322927906451532,
        0.059612441975594385,
        0.0,
        0.1549228010322355,
        0.0,
        0.0,
        0.15350089766606823,
        0.0,
        0.17696541696957108,
        0.0,
        0.26525741561541083,
        0.0,
        0.0,
        0.0,
        0.0,
        0.3379703534777651,
        0.0,
        0.3285282492443618,
        0.0,
        0.21013078979695066,
        0.0,
        0.0,
        0.0,
        0.0,
        0.0,
        0.33131419541743484,
        0.39470046082949306,
        0.771262285769408,
        0.8278702321161938,
        0.5758377753755545,
        0.8767715133531158,
        0.8539036506996035,
        0.8430221063653738,
        0.8815495358969502,
        0.0,
        0.0,
        0.033828733191790514,
        0.8461601605253557,
        0.050872730462240154,
        0.13079912557687637,
        0.581107044830741,
        0.8632413317750007,
        0.8735572135242355,
        0.608644908507357,
        0.0,
        0.0,
        0.8332480937325646,
        0.0,
        0.0,
        0.0,
        0.0,
        0.2759916492693111,
        0.09551597051597052,
        0.06398836575168151,
        0.0,
        0.13235742604452577,
        0.0,
        0.2922762148337596,
        0.2917033525228581,
        0.2033644859813084,
        0.0,
        0.0,
        0.0,
        0.0,
        0.0,
        0.19331619537275063,
        0.0,
        0.0,
        0.0,
        0.0,
        0.0,
        0.0,
        0.0,
        0.0,
        0.0,
        0.0,
        0.0,
        0.2320494531621493,
        0.0,
        0.31885155604516663,
        0.1543282876064333,
        0.0,
        0.0,
        0.0,
        0.0,
        0.0,
        0.29674748669426376,
        NaN,
        NaN,
        NaN,
        NaN,
        NaN,
        NaN,
        NaN,
        NaN,
        NaN,
        NaN,
        NaN,
        NaN,
        NaN,
        NaN,
        NaN,
        NaN,
        NaN,
        NaN,
        NaN,
        NaN,
        NaN,
        NaN,
        NaN,
        NaN,
        NaN,
        NaN,
        NaN,
        NaN,
        NaN,
        NaN,
        NaN,
        NaN,
        NaN,
        NaN,
        NaN,
        NaN,
        NaN,
        NaN,
        NaN,
        NaN,
        NaN,
        NaN,
        NaN,
        NaN,
        NaN,
        NaN,
        NaN,
        NaN,
        NaN,
        NaN,
        NaN,
        NaN,
        NaN,
        NaN,
        NaN,
        NaN,
        NaN,
        NaN,
        NaN,
        NaN,
        NaN,
        NaN,
        NaN,
        NaN,
        NaN,
        NaN,
        NaN,
        NaN,
        NaN,
        NaN,
        NaN,
        NaN,
        NaN,
        NaN,
        NaN,
        NaN,
        NaN,
        NaN,
        NaN,
        NaN,
        NaN,
        NaN,
        NaN,
        NaN,
        NaN,
        NaN,
        NaN,
        NaN,
        NaN,
        NaN,
        NaN,
        NaN,
        NaN,
        NaN,
        NaN,
        NaN,
        NaN,
        NaN,
        NaN,
        NaN
    ],
    "image_classes": [
        1,
        1,
        1,
        1,
        1,
        1,
        1,
        1,
        1,
        1,
        1,
        1,
        1,
        1,
        1,
        1,
        1,
        1,
        1,
        1,
        1,
        1,
        1,
        1,
        1,
        1,
        1,
        1,
        1,
        1,
        1,
        1,
        1,
        1,
        1,
        1,
        1,
        1,
        1,
        1,
        1,
        1,
        1,
        1,
        1,
        1,
        1,
        1,
        1,
        1,
        1,
        1,
        1,
        1,
        1,
        1,
        1,
        1,
        1,
        1,
        1,
        1,
        1,
        1,
        1,
        1,
        1,
        1,
        1,
        1,
        1,
        1,
        1,
        1,
        1,
        1,
        1,
        1,
        1,
        1,
        1,
        1,
        1,
        1,
        1,
        1,
        1,
        1,
        1,
        1,
        1,
        1,
        1,
        1,
        1,
        1,
        1,
        1,
        1,
        1,
        0,
        0,
        0,
        0,
        0,
        0,
        0,
        0,
        0,
        0,
        0,
        0,
        0,
        0,
        0,
        0,
        0,
        0,
        0,
        0,
        0,
        0,
        0,
        0,
        0,
        0,
        0,
        0,
        0,
        0,
        0,
        0,
        0,
        0,
        0,
        0,
        0,
        0,
        0,
        0,
        0,
        0,
        0,
        0,
        0,
        0,
        0,
        0,
        0,
        0,
        0,
        0,
        0,
        0,
        0,
        0,
        0,
        0,
        0,
        0,
        0,
        0,
        0,
        0,
        0,
        0,
        0,
        0,
        0,
        0,
        0,
        0,
        0,
        0,
        0,
        0,
        0,
        0,
        0,
        0,
        0,
        0,
        0,
        0,
        0,
        0,
        0,
        0,
        0,
        0,
        0,
        0,
        0,
        0,
        0,
        0,
        0,
        0,
        0,
        0
    ],