{
    "avg_iou": 0.14391734008044682,
    "thresh": 2.1938350200653076,
    "ious_at_thresh": [
        0.09111756384483657,
        0.1346287712406309,
        0.12029873440364922,
        0.10595725329695316,
        0.2178885911179173,
        0.18217333122293047,
        0.11135576090095294,
        0.10010268537822448,
        0.1142114739781561,
        0.20003718163227366,
        0.20604528009996131,
        0.2953398955090485,
        0.09270934800526648,
        0.13966087003629665,
        0.0,
        0.1485813837730214,
        0.11591598337638997,
        0.08587743732590529,
        0.140264068061902,
        0.18829829120403183,
        0.14885339885339885,
        0.0,
        0.0,
        0.1845556745182013,
        0.23056073183127224,
        0.4855476231934529,
        0.3567534827377347,
        0.3411335663273059,
        0.20454158870556216,
        0.23988613818683688,
        0.0,
        0.2780383223904596,
        0.18056865651529444,
        0.0,
        0.2616198513666709,
        0.0,
        0.3116548615582743,
        0.0,
        0.0,
        0.0,
        0.0,
        0.0,
        0.0,
        0.07468394416178833,
        0.284775045308428,
        0.0,
        0.0,
        0.422569154183894,
        0.3955046320514335,
        0.0,
        0.32528673616791687,
        0.1370309951060359,
        0.5923300724425439,
        0.016203739443252173,
        0.00558993961137147,
        0.0,
        0.0,
        0.2671651317589131,
        0.0,
        0.0,
        0.0,
        0.0,
        0.08142493638676845,
        0.3468910705937354,
        0.2154971057174774,
        0.03273200669518319,
        0.03662506782419967,
        0.356090666956569,
        0.0,
        0.0,
        0.23065505640213735,
        0.5238788584740827,
        0.0,
        0.1854899027673897,
        0.2786220065239876,
        0.0,
        0.0,
        0.15427580893682588,
        0.6077523864622505,
        0.0,
        0.0,
        0.4327440430438125,
        0.2881371304190096,
        0.0,
        0.19871076233183857,
        0.17953949285922471,
        0.23036988968202465,
        0.1528038636973437,
        0.28578354138892254,
        0.32496761658031087,
        0.0,
        0.0,
        0.0,
        0.0,
        0.0,
        0.15192298481728053,
        0.23879118157047313,
        0.31643100926377377,
        0.0,
        0.006280427821668103,
        NaN,
        NaN,
        NaN,
        NaN,
        NaN,
        NaN,
        NaN,
        NaN,
        NaN,
        NaN,
        NaN,
        NaN,
        NaN,
        NaN,
        NaN,
        NaN,
        NaN,
        NaN,
        NaN,
        NaN,
        NaN,
        NaN,
        NaN,
        NaN,
        NaN,
        NaN,
        NaN,
        NaN,
        NaN,
        NaN,
        NaN,
        NaN,
        NaN,
        NaN,
        NaN,
        NaN,
        NaN,
        NaN,
        NaN,
        NaN,
        NaN,
        NaN,
        NaN,
        NaN,
        NaN,
        NaN,
        NaN,
        NaN,
        NaN,
        NaN,
        NaN,
        NaN,
        NaN,
        NaN,
        NaN,
        NaN,
        NaN,
        NaN,
        NaN,
        NaN,
        NaN,
        NaN,
        NaN,
        NaN,
        NaN,
        NaN,
        NaN,
        NaN,
        NaN,
        NaN,
        NaN,
        NaN,
        NaN,
        NaN,
        NaN,
        NaN,
        NaN,
        NaN,
        NaN,
        NaN,
        NaN,
        NaN,
        NaN,
        NaN,
        NaN,
        NaN,
        NaN,
        NaN,
        NaN,
        NaN,
        NaN,
        NaN,
        NaN,
        NaN,
        NaN,
        NaN,
        NaN,
        NaN,
        NaN,
        NaN,
        NaN
    ],
    "image_classes": [
        1,
        1,
        1,
        1,
        1,
        1,
        1,
        1,
        1,
        1,
        1,
        1,
        1,
        1,
        1,
        1,
        1,
        1,
        1,
        1,
        1,
        1,
        1,
        1,
        1,
        1,
        1,
        1,
        1,
        1,
        1,
        1,
        1,
        1,
        1,
        1,
        1,
        1,
        1,
        1,
        1,
        1,
        1,
        1,
        1,
        1,
        1,
        1,
        1,
        1,
        1,
        1,
        1,
        1,
        1,
        1,
        1,
        1,
        1,
        1,
        1,
        1,
        1,
        1,
        1,
        1,
        1,
        1,
        1,
        1,
        1,
        1,
        1,
        1,
        1,
        1,
        1,
        1,
        1,
        1,
        1,
        1,
        1,
        1,
        1,
        1,
        1,
        1,
        1,
        1,
        1,
        1,
        1,
        1,
        1,
        1,
        1,
        1,
        1,
        1,
        0,
        0,
        0,
        0,
        0,
        0,
        0,
        0,
        0,
        0,
        0,
        0,
        0,
        0,
        0,
        0,
        0,
        0,
        0,
        0,
        0,
        0,
        0,
        0,
        0,
        0,
        0,
        0,
        0,
        0,
        0,
        0,
        0,
        0,
        0,
        0,
        0,
        0,
        0,
        0,
        0,
        0,
        0,
        0,
        0,
        0,
        0,
        0,
        0,
        0,
        0,
        0,
        0,
        0,
        0,
        0,
        0,
        0,
        0,
        0,
        0,
        0,
        0,
        0,
        0,
        0,
        0,
        0,
        0,
        0,
        0,
        0,
        0,
        0,
        0,
        0,
        0,
        0,
        0,
        0,
        0,
        0,
        0,
        0,
        0,
        0,
        0,
        0,
        0,
        0,
        0,
        0,
        0,
        0,
        0,
        0,
        0,
        0,
        0,
        0,
        0
    ],