{
    "shared_fpr_metric": "mean-per-image-fpr",
    "fpr_lower_bound": 1e-05,
    "fpr_upper_bound": 0.0001,
    "num_threshs": 1994,
    "thresh_lower_bound": 0.44436596843684156,
    "thresh_upper_bound": 0.47463010761113844,
    "aupimos": [
        0.0,
        1.0,
        0.0,
        0.9960960286680374,
        1.0,
        0.6597089614839758,
        0.9518122779033432,
        0.0,
        0.9838070365570075,
        0.9318086759493714,
        0.0,
        1.0,
        0.8887918923652331,
        1.0,
        0.6713334328065689,
        1.0,
        1.0,
        0.5941362933766989,
        0.36046904387424866,
        0.9935491261506756,
        1.0,
        0.9162441664211041,
        1.0,
        1.0,
        0.03791532286526657,
        0.8128175039392497,
        0.7150990092110927,
        0.9677149335418399,
        0.9968041140291766,
        0.6988631564167305,
        0.6784415606422245,
        0.30216422552203837,
        0.5941867280954989,
        0.7737762372001559,
        0.6825331418825052,
        0.7431704146564835,
        0.9775163978324631,
        0.9686194366848395,
        0.9433644297337552,
        0.9492164588758933,
        0.24113860261614534,
        0.9821141735474045,
        0.9712042043492245,
        0.8564725180598535,
        1.0,
        1.0,
        0.9194560428265619,
        0.5288973315803219,
        0.9833549729511667,
        1.0,
        0.9661528516271977,
        0.9657898824006894,
        0.6448358993074712,
        0.9941085650319696,
        0.9988620970358665,
        0.6201364876475184,
        1.0,
        1.0,
        0.9902633700698233,
        1.0,
        0.9995196932824143,
        0.9988098418554318,
        0.15592443641558015,
        0.2300853041806659,
        0.0,
        0.8517064524698166,
        0.0,
        0.4636954083234843,
        0.9348103678190817,
        0.8981666733163269,
        0.28188887744230967,
        0.0,
        0.6544462760941145,
        0.11592299894041269,
        0.9949788710181247,
        0.9439404362601191,
        0.0,
        0.2134180556936218,
        0.08120877638573784,
        0.0,
        0.8369652460127137,
        0.6631488677950823,
        0.6779861712186055,
        0.0,
        0.9462620621435563,
        0.7996068485783746,
        0.6097127646065248,
        0.0,
        0.8668237204037945,
        0.807437137717321,
        0.9468610379610608,
        0.3310860963591172,
        0.3014584023208894,
        0.4496394952684166,
        0.47819748653281363,
        0.4229559838454856,
        0.832227852052574,
        0.6045383249207127,
        0.7207352894749921,
        0.984079394463392,
        0.6169232669894081,
        0.7689218693490621,
        0.6709951910718409,
        0.6800435695277969,
        0.8335178801259165,
        0.7106408284059712,
        0.8968331211344304,
        0.9687127951036022,
        NaN,
        NaN,
        NaN,
        NaN,
        NaN,
        NaN,
        NaN,
        NaN,
        NaN,
        NaN,
        NaN,
        NaN,
        NaN,
        NaN,
        NaN,
        NaN,
        NaN,
        NaN,
        NaN,
        NaN,
        NaN,
        NaN,
        NaN,
        NaN,
        NaN,
        NaN,
        0.9654491709138584,
        0.9615519820009907,
        0.4726025745077592,
        0.4371865393356535,
        0.4543264301971836,
        0.9506227456247708,
        0.9648538530810483,
        0.452617491907987,
        0.4593804409721057,
        0.9905212271048696,
        0.6448222245791694,
        0.8156114417723056,
        1.0,
        0.14102303875275118,
        0.7521601882995,
        0.9401429648711653,
        0.25385519866651124,
        0.14102021343671353,
        0.46329320393131557,
        0.9843415627068852,
        0.7387018083322113,
        0.535035011821281,
        0.7658506055345586,
        0.5813782179393334,
        0.9251912163806068,
        0.9100753537538224,
        0.827169694460263,
        0.8488453545579092,
        1.0,
        1.0,
        1.0,
        0.7451847036167873,
        0.17920470718240553
    ],