{
    "shared_fpr_metric": "mean-per-image-fpr",
    "fpr_lower_bound": 1e-05,
    "fpr_upper_bound": 0.0001,
    "num_threshs": null,
    "thresh_lower_bound": 0.5979846715927124,
    "thresh_upper_bound": 0.6346051096916199,
    "aupimos": [
        0.9996015236585065,
        0.9998566448305504,
        0.7793236142165113,
        0.6318152684020194,
        0.9998566448305504,
        0.9998566448305504,
        0.9980141843511335,
        0.9998566448305504,
        0.9972486548316977,
        0.9998566448305504,
        0.9998566448305504,
        0.9998566448305504,
        0.9987668397119491,
        0.9998566448305504,
        0.9247733901620918,
        0.9996982258069218,
        0.8620314680076178,
        0.9998566448305504,
        0.9737497153736712,
        0.9989135462254717,
        0.6997264498115363,
        0.8339159948338762,
        0.0,
        0.13671202555678155,
        0.7950843905532785,
        0.3803588879050158,
        0.3711489436935561,
        0.8532163223621513,
        0.8804883602597706,
        0.7844644961190114,
        0.2812371058760236,
        0.7497533437436595,
        0.22386531434818532,
        0.9281239947441636,
        0.5889320422233884,
        0.6164497701392215,
        0.7217258744586931,
        0.4889372838013336,
        0.46266173658093485,
        0.8082590864313746,
        0.014477836693206349,
        0.0,
        0.0,
        0.9982331602436593,
        0.7910276342141132,
        0.0,
        0.0029500834466855736,
        0.9341989280707375,
        0.8674720592942934,
        0.0,
        0.726647570038003,
        0.5851524485730251,
        0.9667090752185331,
        0.9998566448305504,
        0.9998566448305504,
        0.0,
        0.0,
        0.19157340899568032,
        0.0,
        0.2080629942828222,
        0.4960809723199956,
        0.8349308546337201,
        0.7002971850926144,
        0.8823088595129956,
        0.5664711682312726,
        0.4180983959281977,
        0.7335401979624161,
        0.998781338326439,
        0.041968673312427554,
        0.011213759694659589,
        0.9090787292675607,
        0.22540440577654983,
        0.0,
        0.7738183775203303,
        0.688173736584434,
        0.0,
        0.30899097590511543,
        0.41762038941531165,
        0.6248449647540919,
        0.0,
        0.22030572557155575,
        0.9319322085727225,
        0.8103759253954612,
        0.07285092967503659,
        0.411316758544437,
        0.09301280290940196,
        0.5893747468968517,
        0.9656006381536058,
        0.6619487437330778,
        0.7808818356861117,
        0.41691835372464825,
        0.38637138080595057,
        0.012624502865522184,
        0.2560136593686124,
        0.6191968447652293,
        0.9804417360466088,
        0.3283193792497273,
        0.8453527835304885,
        0.0,
        0.9998566448305504,
        NaN,
        NaN,
        NaN,
        NaN,
        NaN,
        NaN,
        NaN,
        NaN,
        NaN,
        NaN,
        NaN,
        NaN,
        NaN,
        NaN,
        NaN,
        NaN,
        NaN,
        NaN,
        NaN,
        NaN,
        NaN,
        NaN,
        NaN,
        NaN,
        NaN,
        NaN,
        NaN,
        NaN,
        NaN,
        NaN,
        NaN,
        NaN,
        NaN,
        NaN,
        NaN,
        NaN,
        NaN,
        NaN,
        NaN,
        NaN,
        NaN,
        NaN,
        NaN,
        NaN,
        NaN,
        NaN,
        NaN,
        NaN,
        NaN,
        NaN,
        NaN,
        NaN,
        NaN,
        NaN,
        NaN,
        NaN,
        NaN,
        NaN,
        NaN,
        NaN,
        NaN,
        NaN,
        NaN,
        NaN,
        NaN,
        NaN,
        NaN,
        NaN,
        NaN,
        NaN,
        NaN,
        NaN,
        NaN,
        NaN,
        NaN,
        NaN,
        NaN,
        NaN,
        NaN,
        NaN,
        NaN,
        NaN,
        NaN,
        NaN,
        NaN,
        NaN,
        NaN,
        NaN,
        NaN,
        NaN,
        NaN,
        NaN,
        NaN,
        NaN,
        NaN,
        NaN,
        NaN,
        NaN,
        NaN,
        NaN,
        NaN
    ],