{
    "shared_fpr_metric": "mean-per-image-fpr",
    "fpr_lower_bound": 1e-05,
    "fpr_upper_bound": 0.0001,
    "num_threshs": null,
    "thresh_lower_bound": 280.4757995605469,
    "thresh_upper_bound": 305.6432189941406,
    "aupimos": [
        0.9845998745127612,
        0.0,
        0.6160907223205131,
        0.24037293775392002,
        0.9914728349450281,
        0.6977651195222477,
        0.4753708092442208,
        0.2865347591977969,
        0.22743135509919896,
        0.9405462789876192,
        0.19699027012201406,
        0.019224509530028685,
        0.06487177894150863,
        0.13789915567963104,
        0.017490384229340888,
        0.23799525779164732,
        0.12868575392461323,
        0.12210260454183947,
        0.04416665830783294,
        0.20547586053556866,
        0.2434809003102022,
        0.6256638351306828,
        0.10409585202665982,
        0.0,
        0.1602894646535498,
        0.0,
        0.008378073303072754,
        0.02939309456512002,
        0.07642241615904884,
        0.6643774813994064,
        NaN,
        NaN,
        NaN,
        NaN,
        NaN,
        NaN,
        NaN,
        NaN,
        NaN,
        NaN,
        NaN,
        NaN,
        NaN,
        NaN,
        NaN,
        NaN,
        NaN,
        NaN,
        NaN,
        NaN,
        NaN,
        NaN,
        NaN,
        NaN,
        NaN,
        NaN,
        NaN,
        NaN,
        NaN,
        NaN,
        NaN,
        NaN,
        NaN,
        NaN,
        NaN,
        NaN,
        NaN,
        NaN,
        NaN,
        NaN,
        NaN,
        NaN,
        NaN,
        NaN,
        NaN,
        NaN,
        NaN,
        NaN,
        NaN,
        NaN,
        NaN,
        NaN,
        NaN,
        NaN,
        NaN,
        NaN,
        NaN,
        NaN,
        NaN,
        NaN,
        0.10912386210605059,
        0.2571010548319322,
        0.055755190065835555,
        0.058366061791225096,
        0.503947161422901,
        0.4665945211558276,
        0.23187781278128305,
        0.5206499008123773,
        0.6483180349327322,
        0.22506541330041735
    ],
    "paths": [
        "MVTec/transistor/test/bent_lead/000.png",
        "MVTec/transistor/test/bent_lead/001.png",
        "MVTec/transistor/test/bent_lead/002.png",
        "MVTec/transistor/test/bent_lead/003.png",
        "MVTec/transistor/test/bent_lead/004.png",
        "MVTec/transistor/test/bent_lead/005.png",
        "MVTec/transistor/test/bent_lead/006.png",
        "MVTec/transistor/test/bent_lead/007.png",
        "MVTec/transistor/test/bent_lead/008.png",
        "MVTec/transistor/test/bent_lead/009.png",
        "MVTec/transistor/test/cut_lead/000.png",
        "MVTec/transistor/test/cut_lead/001.png",
        "MVTec/transistor/test/cut_lead/002.png",
        "MVTec/transistor/test/cut_lead/003.png",
        "MVTec/transistor/test/cut_lead/004.png",
        "MVTec/transistor/test/cut_lead/005.png",
        "MVTec/transistor/test/cut_lead/006.png",
        "MVTec/transistor/test/cut_lead/007.png",
        "MVTec/transistor/test/cut_lead/008.png",
        "MVTec/transistor/test/cut_lead/009.png",
        "MVTec/transistor/test/damaged_case/000.png",
        "MVTec/transistor/test/damaged_case/001.png",
        "MVTec/transistor/test/damaged_case/002.png",
        "MVTec/transistor/test/damaged_case/003.png",
        "MVTec/transistor/test/damaged_case/004.png",
        "MVTec/transistor/test/damaged_case/005.png",
        "MVTec/transistor/test/damaged_case/006.png",
        "MVTec/transistor/test/damaged_case/007.png",
        "MVTec/transistor/test/damaged_case/008.png",
        "MVTec/transistor/test/damaged_case/009.png",
        "MVTec/transistor/test/good/000.png",
        "MVTec/transistor/test/good/001.png",
        "MVTec/transistor/test/good/002.png",
        "MVTec/transistor/test/good/003.png",
        "MVTec/transistor/test/good/004.png",
        "MVTec/transistor/test/good/005.png",
        "MVTec/transistor/test/good/006.png",
        "MVTec/transistor/test/good/007.png",
        "MVTec/transistor/test/good/008.png",
        "MVTec/transistor/test/good/009.png",
        "MVTec/transistor/test/good/010.png",
        "MVTec/transistor/test/good/011.png",
        "MVTec/transistor/test/good/012.png",
        "MVTec/transistor/test/good/013.png",
        "MVTec/transistor/test/good/014.png",
        "MVTec/transistor/test/good/015.png",
        "MVTec/transistor/test/good/016.png",
        "MVTec/transistor/test/good/017.png",
        "MVTec/transistor/test/good/018.png",
        "MVTec/transistor/test/good/019.png",
        "MVTec/transistor/test/good/020.png",
        "MVTec/transistor/test/good/021.png",
        "MVTec/transistor/test/good/022.png",
        "MVTec/transistor/test/good/023.png",
        "MVTec/transistor/test/good/024.png",
        "MVTec/transistor/test/good/025.png",
        "MVTec/transistor/test/good/026.png",
        "MVTec/transistor/test/good/027.png",
        "MVTec/transistor/test/good/028.png",
        "MVTec/transistor/test/good/029.png",
        "MVTec/transistor/test/good/030.png",
        "MVTec/transistor/test/good/031.png",
        "MVTec/transistor/test/good/032.png",
        "MVTec/transistor/test/good/033.png",
        "MVTec/transistor/test/good/034.png",
        "MVTec/transistor/test/good/035.png",
        "MVTec/transistor/test/good/036.png",
        "MVTec/transistor/test/good/037.png",
        "MVTec/transistor/test/good/038.png",
        "MVTec/transistor/test/good/039.png",
        "MVTec/transistor/test/good/040.png",
        "MVTec/transistor/test/good/041.png",
        "MVTec/transistor/test/good/042.png",
        "MVTec/transistor/test/good/043.png",
        "MVTec/transistor/test/good/044.png",
        "MVTec/transistor/test/good/045.png",
        "MVTec/transistor/test/good/046.png",
        "MVTec/transistor/test/good/047.png",
        "MVTec/transistor/test/good/048.png",
        "MVTec/transistor/test/good/049.png",
        "MVTec/transistor/test/good/050.png",
        "MVTec/transistor/test/good/051.png",
        "MVTec/transistor/test/good/052.png",
        "MVTec/transistor/test/good/053.png",
        "MVTec/transistor/test/good/054.png",
        "MVTec/transistor/test/good/055.png",
        "MVTec/transistor/test/good/056.png",
        "MVTec/transistor/test/good/057.png",
        "MVTec/transistor/test/good/058.png",
        "MVTec/transistor/test/good/059.png",
        "MVTec/transistor/test/misplaced/000.png",
        "MVTec/transistor/test/misplaced/001.png",
        "MVTec/transistor/test/misplaced/002.png",
        "MVTec/transistor/test/misplaced/003.png",
        "MVTec/transistor/test/misplaced/004.png",
        "MVTec/transistor/test/misplaced/005.png",
        "MVTec/transistor/test/misplaced/006.png",
        "MVTec/transistor/test/misplaced/007.png",
        "MVTec/transistor/test/misplaced/008.png",
        "MVTec/transistor/test/misplaced/009.png"
    ]
}