{
    "avg_iou": 0.261305983715228,
    "thresh": 3.0988292694091797,
    "ious_at_thresh": [
        0.32584629167466567,
        0.17890272992313808,
        0.20587219343696028,
        0.27397504456327987,
        0.0,
        0.0,
        0.39990258158792014,
        0.2301484828921885,
        0.7074425233934436,
        0.0,
        0.4285267438223334,
        0.19778573212353284,
        0.0,
        0.27773861553644436,
        0.2880672268907563,
        0.38730136107746027,
        0.0,
        0.5688382015096817,
        0.33608658501851324,
        0.10490910546968847,
        0.2287249925350851,
        0.0,
        0.2553634452948408,
        0.1427699370024906,
        0.20260972716488732,
        0.26743629620768034,
        0.1820852957697792,
        0.1597809010233111,
        0.0,
        0.2515975627879328,
        0.0,
        0.12857485221281356,
        0.3464165672774585,
        0.0,
        0.33544509421702406,
        0.17366854118425407,
        0.19195964218847514,
        0.2977739821398734,
        0.21136400174548128,
        0.5094302163986499,
        0.5189016222652181,
        0.5423194451181064,
        0.4089318446925512,
        0.6821495788184991,
        0.6711888111888112,
        0.39541290421321906,
        0.566570946715894,
        0.5095953415188478,
        0.17605467209883033,
        0.5199068018312623,
        0.6832967218654951,
        0.0,
        0.4347597070332096,
        0.568274259151656,
        0.43170583846297333,
        0.3007711645604022,
        0.5904460564901991,
        0.21995969434881182,
        0.43133995037220846,
        0.0,
        0.3417634542069332,
        0.20535457751077446,
        0.26542754844144906,
        0.1785217391304348,
        0.0,
        0.0,
        0.4536082474226804,
        0.4503909026297086,
        0.37012743214293603,
        0.11363841501940608,
        0.12849731500864658,
        0.3798666795478698,
        0.3165351795202061,
        0.16427316245531115,
        NaN,
        NaN,
        NaN,
        NaN,
        NaN,
        NaN,
        NaN,
        NaN,
        NaN,
        NaN,
        NaN,
        NaN,
        NaN,
        NaN,
        NaN,
        NaN,
        NaN,
        NaN,
        NaN,
        NaN,
        NaN,
        NaN,
        NaN,
        NaN,
        NaN,
        NaN,
        NaN,
        NaN,
        NaN,
        NaN,
        NaN,
        NaN,
        0.17219488970004762,
        0.4673742822342091,
        0.8125124925044973,
        0.09399578651685393,
        0.12575811630396005,
        0.11134319698288367,
        0.18851021175291316,
        0.10021805494984737,
        0.07151815181518152,
        0.12164806493694738,
        0.09090909090909091,
        0.11213422027066881,
        0.15913036616161616,
        0.1079426093952532,
        0.12352848017737422,
        0.10024917424813119,
        0.12446106467223933,
        0.14078776041666666
    ],
    "image_classes": [
        1,
        1,
        1,
        1,
        1,
        1,
        1,
        1,
        1,
        1,
        1,
        1,
        1,
        1,
        1,
        1,
        1,
        1,
        1,
        1,
        1,
        1,
        1,
        1,
        1,
        1,
        1,
        1,
        1,
        1,
        1,
        1,
        1,
        1,
        1,
        1,
        1,
        1,
        1,
        1,
        1,
        1,
        1,
        1,
        1,
        1,
        1,
        1,
        1,
        1,
        1,
        1,
        1,
        1,
        1,
        1,
        1,
        1,
        1,
        1,
        1,
        1,
        1,
        1,
        1,
        1,
        1,
        1,
        1,
        1,
        1,
        1,
        1,
        1,
        0,
        0,
        0,
        0,
        0,
        0,
        0,
        0,
        0,
        0,
        0,
        0,
        0,
        0,
        0,
        0,
        0,
        0,
        0,
        0,
        0,
        0,
        0,
        0,
        0,
        0,
        0,
        0,
        0,
        0,
        0,
        0,
        1,
        1,
        1,
        1,
        1,
        1,
        1,
        1,
        1,
        1,
        1,
        1,
        1,
        1,
        1,
        1,
        1,
        1
    ],