{
    "avg_iou": 0.3068350579690085,
    "thresh": 0.1626691222190857,
    "ious_at_thresh": [
        0.0,
        0.0,
        0.6482854494902688,
        0.34390651085141904,
        0.24519727329064242,
        0.0,
        0.6382091212458287,
        0.0,
        0.0,
        0.11873113382407456,
        0.4011956697366295,
        0.6987179487179487,
        0.0,
        0.0,
        0.42225130890052354,
        0.0,
        0.2746239000851547,
        0.49452483378959716,
        0.22828295265652895,
        0.05679886685552408,
        0.2860696517412935,
        0.49485500467726845,
        0.05222135619641465,
        0.0,
        0.17266035751840167,
        0.3394990366088632,
        0.37608028993587955,
        0.0,
        0.3650580875781948,
        0.0,
        0.04123941150245207,
        0.0,
        0.6015228426395939,
        0.0,
        0.0,
        0.1951219512195122,
        0.0,
        0.0,
        0.24285714285714285,
        0.0,
        0.0,
        0.0,
        0.0,
        0.5230263157894737,
        0.0,
        0.2518608625133953,
        0.26936154136758594,
        0.3155869551504447,
        0.31819313710842173,
        0.31225438512412534,
        0.22954353013624818,
        0.2904263178479857,
        0.4211687222343036,
        0.4271621545877473,
        0.3174995876628732,
        0.4077334800660297,
        0.6486415193880243,
        0.32683860628004985,
        0.403745038841209,
        0.6634128596113621,
        0.5378392217101895,
        0.45414750619030775,
        0.4424625253649277,
        0.15711869329733977,
        0.26410645650980263,
        0.5844453081141772,
        0.0,
        0.5978730125302727,
        0.24203767607625729,
        0.6146494751846573,
        0.6176215591359006,
        0.7350342390103821,
        0.5091868744709456,
        0.6235556289204358,
        0.787441443923946,
        0.8529662565476915,
        0.6033725210782568,
        0.6795179883676383,
        0.7652046686396435,
        0.6223927115799568,
        0.6376618705035971,
        0.3014736665829356,
        0.24081237911025144,
        0.4663965788881386,
        0.6674179008370895,
        0.5924731182795699,
        0.13604208235080717,
        0.16175994823681655,
        0.28801478352692717,
        0.3712491277041172,
        0.13767885532591415,
        0.0,
        0.08037348956426217,
        0.1135125317835089,
        0.028771384136858476,
        0.24569227650516925,
        0.34977364784369785,
        0.3321599195373397,
        0.5237265999129299,
        0.4531767539897621,
        NaN,
        NaN,
        NaN,
        NaN,
        NaN,
        NaN,
        NaN,
        NaN,
        NaN,
        NaN,
        NaN,
        NaN,
        NaN,
        NaN,
        NaN,
        NaN,
        NaN,
        NaN,
        NaN,
        NaN,
        NaN,
        NaN,
        NaN,
        NaN,
        NaN,
        NaN,
        NaN,
        NaN,
        NaN,
        NaN,
        NaN,
        NaN,
        NaN,
        NaN,
        NaN,
        NaN,
        NaN,
        NaN,
        NaN,
        NaN,
        NaN,
        NaN,
        NaN,
        NaN,
        NaN,
        NaN,
        NaN,
        NaN,
        NaN,
        NaN,
        NaN,
        NaN,
        NaN,
        NaN,
        NaN,
        NaN,
        NaN,
        NaN,
        NaN,
        NaN
    ],
    "image_classes": [
        1,
        1,
        1,
        1,
        1,
        1,
        1,
        1,
        1,
        1,
        1,
        1,
        1,
        1,
        1,
        1,
        1,
        1,
        1,
        1,
        1,
        1,
        1,
        1,
        1,
        1,
        1,
        1,
        1,
        1,
        1,
        1,
        1,
        1,
        1,
        1,
        1,
        1,
        1,
        1,
        1,
        1,
        1,
        1,
        1,
        1,
        1,
        1,
        1,
        1,
        1,
        1,
        1,
        1,
        1,
        1,
        1,
        1,
        1,
        1,
        1,
        1,
        1,
        1,
        1,
        1,
        1,
        1,
        1,
        1,
        1,
        1,
        1,
        1,
        1,
        1,
        1,
        1,
        1,
        1,
        1,
        1,
        1,
        1,
        1,
        1,
        1,
        1,
        1,
        1,
        1,
        1,
        1,
        1,
        1,
        1,
        1,
        1,
        1,
        1,
        0,
        0,
        0,
        0,
        0,
        0,
        0,
        0,
        0,
        0,
        0,
        0,
        0,
        0,
        0,
        0,
        0,
        0,
        0,
        0,
        0,
        0,
        0,
        0,
        0,
        0,
        0,
        0,
        0,
        0,
        0,
        0,
        0,
        0,
        0,
        0,
        0,
        0,
        0,
        0,
        0,
        0,
        0,
        0,
        0,
        0,
        0,
        0,
        0,
        0,
        0,
        0,
        0,
        0,
        0,
        0,
        0,
        0,
        0,
        0
    ],