{
    "shared_fpr_metric": "mean-per-image-fpr",
    "fpr_lower_bound": 1e-05,
    "fpr_upper_bound": 0.0001,
    "num_threshs": 2767,
    "thresh_lower_bound": 1.4061143398284912,
    "thresh_upper_bound": 1.5627862215042114,
    "aupimos": [
        0.21856289920247712,
        0.2731616865889141,
        0.22617509249623693,
        0.6996072213930583,
        0.3878950663363176,
        0.46179967965436186,
        0.4033355920968805,
        0.39998425914433067,
        0.5804506786768218,
        0.4265955529663581,
        0.8607955756212539,
        0.7549936332621536,
        0.5861434815319618,
        0.5897982189974311,
        0.4984544565930657,
        0.12025320946558385,
        0.6342578464821652,
        0.7634113336130104,
        0.7893586959675623,
        0.3002573397431116,
        0.1863781788944132,
        0.06132076350497401,
        0.29741091090136756,
        0.22512966266408685,
        0.44885590145721227,
        0.5973402527065138,
        0.1560877856884927,
        0.27488373371073954,
        0.28387313887634924,
        0.6331810534334869,
        0.21686583258582298,
        0.2753578105880595,
        0.3836712551571166,
        0.21024537015801137,
        0.24955065846691793,
        0.862639707954758,
        0.9436146030935681,
        0.7333863036924193,
        0.990222894318933,
        0.6641065862555283,
        0.4775862182217186,
        0.5646213161665655,
        0.8006948596070828,
        0.6206558257254586,
        0.5870200225074925,
        0.6661777919962409,
        0.7272244474054055,
        0.556950316104513,
        0.8368151466111916,
        0.5221467358529047,
        0.6228235905131391,
        0.47278950366432554,
        0.0,
        0.10958559906153655,
        0.048591623829202485,
        0.1103474084726964,
        0.21435441938845567,
        0.0,
        0.09456450470436796,
        0.0,
        0.12083584828253736,
        0.03708958953849912,
        0.0,
        0.06066696712318448,
        0.0,
        0.0,
        0.0,
        0.0,
        NaN,
        NaN,
        NaN,
        NaN,
        NaN,
        NaN,
        NaN,
        NaN,
        NaN,
        NaN,
        NaN,
        NaN,
        NaN,
        NaN,
        NaN,
        NaN,
        NaN,
        NaN,
        NaN,
        NaN,
        NaN,
        NaN,
        NaN,
        NaN,
        NaN,
        NaN,
        NaN,
        NaN,
        NaN,
        NaN,
        NaN,
        NaN,
        0.3847657861300935,
        0.35088982807860214,
        0.20556643092238924,
        0.36619221042941263,
        0.2115489401998569,
        0.1523275805372533,
        0.13189377893707113,
        0.2878688486132349,
        0.054538941948965566,
        0.4896785257213301,
        0.4897236362181428,
        0.6407065381693438,
        0.1739151540125147,
        0.3888321044407213,
        0.2375296465313682,
        0.33193078289318795,
        0.3072835499497933,
        0.11345552553244397,
        0.08743565196444214,
        0.6464359521982243,
        0.09477701667086516,
        0.336891900005527,
        0.12157798842331335,
        0.0,
        0.16778793481135665,
        0.0,
        0.171326601875684,
        0.23782073065394208,
        0.5020370424080607,
        0.44289141732940973,
        0.14382544816896436,
        0.2424469123295617,
        0.4234435460294807,
        0.4419433187448054,
        0.43551872147753196,
        0.3873735109463071,
        0.31017665702958935,
        0.5715192088256577,
        0.4534631164758556,
        0.3466506517688507,
        0.0,
        0.5611896386690917,
        0.23052802337514897,
        0.11907450094482404,
        0.24456889304726273,
        0.12520801531930106,
        0.4117050678123785,
        0.43636373384484006,
        0.46782989299357863,
        0.3993709202472365,
        0.5662898565506117
    ],
    "paths": [
        "MVTec/zipper/test/broken_teeth/000.png",
        "MVTec/zipper/test/broken_teeth/001.png",
        "MVTec/zipper/test/broken_teeth/002.png",
        "MVTec/zipper/test/broken_teeth/003.png",
        "MVTec/zipper/test/broken_teeth/004.png",
        "MVTec/zipper/test/broken_teeth/005.png",
        "MVTec/zipper/test/broken_teeth/006.png",
        "MVTec/zipper/test/broken_teeth/007.png",
        "MVTec/zipper/test/broken_teeth/008.png",
        "MVTec/zipper/test/broken_teeth/009.png",
        "MVTec/zipper/test/broken_teeth/010.png",
        "MVTec/zipper/test/broken_teeth/011.png",
        "MVTec/zipper/test/broken_teeth/012.png",
        "MVTec/zipper/test/broken_teeth/013.png",
        "MVTec/zipper/test/broken_teeth/014.png",
        "MVTec/zipper/test/broken_teeth/015.png",
        "MVTec/zipper/test/broken_teeth/016.png",
        "MVTec/zipper/test/broken_teeth/017.png",
        "MVTec/zipper/test/broken_teeth/018.png",
        "MVTec/zipper/test/combined/000.png",
        "MVTec/zipper/test/combined/001.png",
        "MVTec/zipper/test/combined/002.png",
        "MVTec/zipper/test/combined/003.png",
        "MVTec/zipper/test/combined/004.png",
        "MVTec/zipper/test/combined/005.png",
        "MVTec/zipper/test/combined/006.png",
        "MVTec/zipper/test/combined/007.png",
        "MVTec/zipper/test/combined/008.png",
        "MVTec/zipper/test/combined/009.png",
        "MVTec/zipper/test/combined/010.png",
        "MVTec/zipper/test/combined/011.png",
        "MVTec/zipper/test/combined/012.png",
        "MVTec/zipper/test/combined/013.png",
        "MVTec/zipper/test/combined/014.png",
        "MVTec/zipper/test/combined/015.png",
        "MVTec/zipper/test/fabric_border/000.png",
        "MVTec/zipper/test/fabric_border/001.png",
        "MVTec/zipper/test/fabric_border/002.png",
        "MVTec/zipper/test/fabric_border/003.png",
        "MVTec/zipper/test/fabric_border/004.png",
        "MVTec/zipper/test/fabric_border/005.png",
        "MVTec/zipper/test/fabric_border/006.png",
        "MVTec/zipper/test/fabric_border/007.png",
        "MVTec/zipper/test/fabric_border/008.png",
        "MVTec/zipper/test/fabric_border/009.png",
        "MVTec/zipper/test/fabric_border/010.png",
        "MVTec/zipper/test/fabric_border/011.png",
        "MVTec/zipper/test/fabric_border/012.png",
        "MVTec/zipper/test/fabric_border/013.png",
        "MVTec/zipper/test/fabric_border/014.png",
        "MVTec/zipper/test/fabric_border/015.png",
        "MVTec/zipper/test/fabric_border/016.png",
        "MVTec/zipper/test/fabric_interior/000.png",
        "MVTec/zipper/test/fabric_interior/001.png",
        "MVTec/zipper/test/fabric_interior/002.png",
        "MVTec/zipper/test/fabric_interior/003.png",
        "MVTec/zipper/test/fabric_interior/004.png",
        "MVTec/zipper/test/fabric_interior/005.png",
        "MVTec/zipper/test/fabric_interior/006.png",
        "MVTec/zipper/test/fabric_interior/007.png",
        "MVTec/zipper/test/fabric_interior/008.png",
        "MVTec/zipper/test/fabric_interior/009.png",
        "MVTec/zipper/test/fabric_interior/010.png",
        "MVTec/zipper/test/fabric_interior/011.png",
        "MVTec/zipper/test/fabric_interior/012.png",
        "MVTec/zipper/test/fabric_interior/013.png",
        "MVTec/zipper/test/fabric_interior/014.png",
        "MVTec/zipper/test/fabric_interior/015.png",
        "MVTec/zipper/test/good/000.png",
        "MVTec/zipper/test/good/001.png",
        "MVTec/zipper/test/good/002.png",
        "MVTec/zipper/test/good/003.png",
        "MVTec/zipper/test/good/004.png",
        "MVTec/zipper/test/good/005.png",
        "MVTec/zipper/test/good/006.png",
        "MVTec/zipper/test/good/007.png",
        "MVTec/zipper/test/good/008.png",
        "MVTec/zipper/test/good/009.png",
        "MVTec/zipper/test/good/010.png",
        "MVTec/zipper/test/good/011.png",
        "MVTec/zipper/test/good/012.png",
        "MVTec/zipper/test/good/013.png",
        "MVTec/zipper/test/good/014.png",
        "MVTec/zipper/test/good/015.png",
