{
    "avg_iou": 0.4529160041159714,
    "thresh": 0.7972820736737127,
    "ious_at_thresh": [
        0.7057670992084374,
        0.7752630411748762,
        0.3142175352166885,
        0.3826058631921824,
        0.8076957046545176,
        0.2941398153382325,
        0.5486271676300578,
        0.5468024573054324,
        0.8856078547463982,
        0.6970547910052716,
        0.433011716730242,
        0.694121536495796,
        0.217190278601067,
        0.4154890877688805,
        0.7884230797718688,
        0.6235231583270917,
        0.4806373227522992,
        0.37197515237254425,
        0.31413928248417244,
        0.3127274702591124,
        0.419910701827822,
        0.37350050830227044,
        0.27415666829381086,
        0.272987670721076,
        0.46350710900473935,
        0.39556187766714085,
        0.31989423181768617,
        0.478704040771751,
        0.3288126361655773,
        0.3187342940663624,
        0.4981354154527444,
        0.32268800453193597,
        0.43533553671504527,
        0.2246435297282755,
        0.40045272688987155,
        NaN,
        NaN,
        NaN,
        NaN,
        NaN,
        NaN,
        NaN,
        NaN,
        NaN,
        NaN,
        NaN,
        NaN,
        NaN,
        NaN,
        NaN,
        NaN,
        NaN,
        NaN,
        NaN,
        NaN,
        NaN,
        NaN,
        NaN,
        NaN,
        NaN,
        NaN,
        NaN,
        NaN,
        NaN,
        NaN,
        NaN,
        NaN,
        NaN,
        NaN,
        NaN,
        NaN,
        NaN,
        NaN,
        NaN,
        NaN,
        0.439205500381971,
        0.328621359223301,
        0.36465302046929604,
        0.33728696032991495,
        0.4452981522431693,
        0.4725399162042804,
        0.3884210920249991,
        0.1872555785599264,
        0.5433303756285123,
        0.506317084078712,
        0.29170274025006543,
        0.3669541473810396,
        0.39068048757078416,
        0.621950282890863,
        0.5586321173843087,
        0.3442774804446274,
        0.5297422634442165,
        0.609378782743427,
        0.5169511461954674,
        0.5014736570359056,
        0.23114312690142322,
        0.5423756019261637,
        0.5370193994686451,
        0.39551737547283206,
        0.5096062637662985,
        0.3166579006687204,
        0.40888049528569803,
        0.5541026479241582,
        0.37294298021464556,
        0.6946143195061444,
        0.27662717387993785,
        0.5834661258390071,
        0.40140523589305915,
        0.29588707495264727,
        0.7031580549425462
    ],
    "image_classes": [
        1,
        1,
        1,
        1,
        1,
        1,
        1,
        1,
        1,
        1,
        1,
        1,
        1,
        1,
        1,
        1,
        1,
        1,
        1,
        1,
        1,
        1,
        1,
        1,
        1,
        1,
        1,
        1,
        1,
        1,
        1,
        1,
        1,
        1,
        1,
        0,
        0,
        0,
        0,
        0,
        0,
        0,
        0,
        0,
        0,
        0,
        0,
        0,
        0,
        0,
        0,
        0,
        0,
        0,
        0,
        0,
        0,
        0,
        0,
        0,
        0,
        0,
        0,
        0,
        0,
        0,
        0,
        0,
        0,
        0,
        0,
        0,
        0,
        0,
        0,
        1,
        1,
        1,
        1,
        1,
        1,
        1,
        1,
        1,
        1,
        1,
        1,
        1,
        1,
        1,
        1,
        1,
        1,
        1,
        1,
        1,
        1,
        1,
        1,
        1,
        1,
        1,
        1,
        1,
        1,
        1,
        1,
        1,
        1,
        1
    ],
    "paths": [
        "MVTec/hazelnut/test/crack/000.png",
        "MVTec/hazelnut/test/crack/001.png",
        "MVTec/hazelnut/test/crack/002.png",
        "MVTec/hazelnut/test/crack/003.png",
        "MVTec/hazelnut/test/crack/004.png",
        "MVTec/hazelnut/test/crack/005.png",
        "MVTec/hazelnut/test/crack/006.png",
        "MVTec/hazelnut/test/crack/007.png",
        "MVTec/hazelnut/test/crack/008.png",
        "MVTec/hazelnut/test/crack/009.png",
        "MVTec/hazelnut/test/crack/010.png",
        "MVTec/hazelnut/test/crack/011.png",
        "MVTec/hazelnut/test/crack/012.png",
        "MVTec/hazelnut/test/crack/013.png",
        "MVTec/hazelnut/test/crack/014.png",
        "MVTec/hazelnut/test/crack/015.png",
        "MVTec/hazelnut/test/crack/016.png",
        "MVTec/hazelnut/test/crack/017.png",
        "MVTec/hazelnut/test/cut/000.png",
        "MVTec/hazelnut/test/cut/001.png",
        "MVTec/hazelnut/test/cut/002.png",
        "MVTec/hazelnut/test/cut/003.png",
        "MVTec/hazelnut/test/cut/004.png",
        "MVTec/hazelnut/test/cut/005.png",
        "MVTec/hazelnut/test/cut/006.png",
        "MVTec/hazelnut/test/cut/007.png",
        "MVTec/hazelnut/test/cut/008.png",
        "MVTec/hazelnut/test/cut/009.png",
        "MVTec/hazelnut/test/cut/010.png",
        "MVTec/hazelnut/test/cut/011.png",
        "MVTec/hazelnut/test/cut/012.png",
        "MVTec/hazelnut/test/cut/013.png",
        "MVTec/hazelnut/test/cut/014.png",
        "MVTec/hazelnut/test/cut/015.png",
        "MVTec/hazelnut/test/cut/016.png",
        "MVTec/hazelnut/test/good/000.png",
        "MVTec/hazelnut/test/good/001.png",
        "MVTec/hazelnut/test/good/002.png",
        "MVTec/hazelnut/test/good/003.png",
        "MVTec/hazelnut/test/good/004.png",
        "MVTec/hazelnut/test/good/005.png",
        "MVTec/hazelnut/test/good/006.png",
        "MVTec/hazelnut/test/good/007.png",
        "MVTec/hazelnut/test/good/008.png",
        "MVTec/hazelnut/test/good/009.png",
        "MVTec/hazelnut/test/good/010.png",
        "MVTec/hazelnut/test/good/011.png",
        "MVTec/hazelnut/test/good/012.png",
        "MVTec/hazelnut/test/good/013.png",
        "MVTec/hazelnut/test/good/014.png",
        "MVTec/hazelnut/test/good/015.png",
        "MVTec/hazelnut/test/good/016.png",
        "MVTec/hazelnut/test/good/017.png",
        "MVTec/hazelnut/test/good/018.png",
        "MVTec/hazelnut/test/good/019.png",
        "MVTec/hazelnut/test/good/020.png",
        "MVTec/hazelnut/test/good/021.png",
        "MVTec/hazelnut/test/good/022.png",
        "MVTec/hazelnut/test/good/023.png",
        "MVTec/hazelnut/test/good/024.png",
        "MVTec/hazelnut/test/good/025.png",
        "MVTec/hazelnut/test/good/026.png",
        "MVTec/hazelnut/test/good/027.png",
        "MVTec/hazelnut/test/good/028.png",
        "MVTec/hazelnut/test/good/029.png",
        "MVTec/hazelnut/test/good/030.png",
        "MVTec/hazelnut/test/good/031.png",
        "MVTec/hazelnut/test/good/032.png",
        "MVTec/hazelnut/test/good/033.png",
        "MVTec/hazelnut/test/good/034.png",
        "MVTec/hazelnut/test/good/035.png",
        "MVTec/hazelnut/test/good/036.png",
        "MVTec/hazelnut/test/good/037.png",
        "MVTec/hazelnut/test/good/038.png",
        "MVTec/hazelnut/test/good/039.png",
        "MVTec/hazelnut/test/hole/000.png",
        "MVTec/hazelnut/test/hole/001.png",
        "MVTec/hazelnut/test/hole/002.png",
        "MVTec/hazelnut/test/hole/003.png",
        "MVTec/hazelnut/test/hole/004.png",
        "MVTec/hazelnut/test/hole/005.png",
        "MVTec/hazelnut/test/hole/006.png",
        "MVTec/hazelnut/test/hole/007.png",
        "MVTec/hazelnut/test/hole/008.png",
        "MVTec/hazelnut/test/hole/009.png",
        "MVTec/hazelnut/test/hole/010.png",
        "MVTec/hazelnut/test/hole/011.png",
        "MVTec/hazelnut/test/hole/012.png",
        "MVTec/hazelnut/test/hole/013.png",
        "MVTec/hazelnut/test/hole/014.png",
        "MVTec/hazelnut/test/hole/015.png",
        "MVTec/hazelnut/test/hole/016.png",
        "MVTec/hazelnut/test/hole/017.png",
        "MVTec/hazelnut/test/print/000.png",
