{
    "shared_fpr_metric": "mean-per-image-fpr",
    "fpr_lower_bound": 1e-05,
    "fpr_upper_bound": 0.0001,
    "num_threshs": null,
    "thresh_lower_bound": 0.6261953115463257,
    "thresh_upper_bound": 0.6890228986740112,
    "aupimos": [
        0.794933681248255,
        0.0,
        0.0,
        0.8109265676175144,
        0.0,
        0.0,
        0.07438386888522562,
        0.8814307966227403,
        0.0,
        0.9951700793313314,
        0.5712184646798615,
        0.3127460996687223,
        0.0,
        0.9077265335843564,
        0.8579503291409127,
        0.0,
        0.05110144970659639,
        0.0,
        0.861020785238917,
        0.0,
        0.033499022598854185,
        0.010200392101972544,
        0.06718753115462427,
        0.8653452674523076,
        1.0,
        1.0,
        1.0,
        1.0,
        0.9154226047842752,
        1.0,
        1.0,
        1.0,
        1.0,
        1.0,
        1.0,
        1.0,
        0.967051070840198,
        1.0,
        1.0,
        1.0,
        1.0,
        1.0,
        0.9963758766351741,
        0.9995466478531125,
        1.0,
        1.0,
        1.0,
        1.0,
        0.5324957741950918,
        0.9373744373746545,
        0.37431835117700457,
        1.0,
        1.0,
        0.9165212301480392,
        0.6599775576386849,
        0.10843785472371813,
        0.961333343251404,
        0.27678842424722594,
        0.9999988432532848,
        1.0,
        0.9997910531979346,
        1.0,
        1.0,
        0.9996626829069238,
        1.0,
        1.0,
        0.9817180200221476,
        0.5557401163310484,
        1.0,
        1.0,
        0.0,
        0.0,
        0.6375410779073912,
        0.9738880292549533,
        0.2589317950037699,
        0.0,
        0.00014580820481986076,
        0.31366534284446723,
        0.23981701068630318,
        0.5666810215162488,
        0.6740694354225054,
        0.6013027018785259,
        0.6105610112968842,
        0.1298360700839299,
        0.07157155437649759,
        0.6362220879979757,
        0.7286662587223386,
        0.08431966686404561,
        0.7755356724377078,
        0.3246943431804208,
        0.6010625763377437,
        0.5880240519134572,
        0.7245766390498641,
        0.6159293662733958,
        0.0,
        0.26998831374037946,
        0.7586018659360773,
        0.7361154349094053,
        0.9508225987776177,
        0.9700777940067079,
        NaN,
        NaN,
        NaN,
        NaN,
        NaN,
        NaN,
        NaN,
        NaN,
        NaN,
        NaN,
        NaN,
        NaN,
        NaN,
        NaN,
        NaN,
        NaN,
        NaN,
        NaN,
        NaN,
        NaN,
        NaN,
        NaN,
        NaN,
        NaN,
        NaN,
        NaN,
        NaN,
        NaN,
        NaN,
        NaN,
        NaN,
        NaN,
        NaN,
        NaN,
        NaN,
        NaN,
        NaN,
        NaN,
        NaN,
        NaN,
        NaN,
        NaN,
        NaN,
        NaN,
        NaN,
        NaN,
        NaN,
        NaN,
        NaN,
        NaN,
        NaN,
        NaN,
        NaN,
        NaN,
        NaN,
        NaN,
        NaN,
        NaN,
        NaN,
        NaN,
        NaN,
        NaN,
        NaN,
        NaN,
        NaN,
        NaN,
        NaN,
        NaN,
        NaN,
        NaN,
        NaN,
        NaN,
        NaN,
        NaN,
        NaN,
        NaN,
        NaN,
        NaN,
        NaN,
        NaN,
        NaN,
        NaN,
        NaN,
        NaN,
        NaN,
        NaN,
        NaN,
        NaN,
        NaN,
        NaN,
        NaN,
        NaN,
        NaN,
        NaN,
        NaN,
        NaN,
        NaN,
        NaN,
        NaN,
        NaN
    ],
    "paths": [
        "VisA/visa_pytorch/macaroni1/test/bad/000.JPG",
        "VisA/visa_pytorch/macaroni1/test/bad/001.JPG",
        "VisA/visa_pytorch/macaroni1/test/bad/002.JPG",
        "VisA/visa_pytorch/macaroni1/test/bad/003.JPG",
        "VisA/visa_pytorch/macaroni1/test/bad/004.JPG",
        "VisA/visa_pytorch/macaroni1/test/bad/005.JPG",
        "VisA/visa_pytorch/macaroni1/test/bad/006.JPG",
        "VisA/visa_pytorch/macaroni1/test/bad/007.JPG",
        "VisA/visa_pytorch/macaroni1/test/bad/008.JPG",
        "VisA/visa_pytorch/macaroni1/test/bad/009.JPG",
        "VisA/visa_pytorch/macaroni1/test/bad/010.JPG",
        "VisA/visa_pytorch/macaroni1/test/bad/011.JPG",
        "VisA/visa_pytorch/macaroni1/test/bad/012.JPG",
        "VisA/visa_pytorch/macaroni1/test/bad/013.JPG",
        "VisA/visa_pytorch/macaroni1/test/bad/014.JPG",
        "VisA/visa_pytorch/macaroni1/test/bad/015.JPG",
        "VisA/visa_pytorch/macaroni1/test/bad/016.JPG",
        "VisA/visa_pytorch/macaroni1/test/bad/017.JPG",
        "VisA/visa_pytorch/macaroni1/test/bad/018.JPG",
        "VisA/visa_pytorch/macaroni1/test/bad/019.JPG",
        "VisA/visa_pytorch/macaroni1/test/bad/020.JPG",
        "VisA/visa_pytorch/macaroni1/test/bad/021.JPG",
        "VisA/visa_pytorch/macaroni1/test/bad/022.JPG",
        "VisA/visa_pytorch/macaroni1/test/bad/023.JPG",
        "VisA/visa_pytorch/macaroni1/test/bad/024.JPG",
        "VisA/visa_pytorch/macaroni1/test/bad/025.JPG",
        "VisA/visa_pytorch/macaroni1/test/bad/026.JPG",
        "VisA/visa_pytorch/macaroni1/test/bad/027.JPG",
        "VisA/visa_pytorch/macaroni1/test/bad/028.JPG",
        "VisA/visa_pytorch/macaroni1/test/bad/029.JPG",
        "VisA/visa_pytorch/macaroni1/test/bad/030.JPG",
        "VisA/visa_pytorch/macaroni1/test/bad/031.JPG",
        "VisA/visa_pytorch/macaroni1/test/bad/032.JPG",
        "VisA/visa_pytorch/macaroni1/test/bad/033.JPG",
        "VisA/visa_pytorch/macaroni1/test/bad/034.JPG",
        "VisA/visa_pytorch/macaroni1/test/bad/035.JPG",
        "VisA/visa_pytorch/macaroni1/test/bad/036.JPG",
        "VisA/visa_pytorch/macaroni1/test/bad/037.JPG",
        "VisA/visa_pytorch/macaroni1/test/bad/038.JPG",
        "VisA/visa_pytorch/macaroni1/test/bad/039.JPG",
        "VisA/visa_pytorch/macaroni1/test/bad/040.JPG",
        "VisA/visa_pytorch/macaroni1/test/bad/041.JPG",
        "VisA/visa_pytorch/macaroni1/test/bad/042.JPG",
        "VisA/visa_pytorch/macaroni1/test/bad/043.JPG",
        "VisA/visa_pytorch/macaroni1/test/bad/044.JPG",
        "VisA/visa_pytorch/macaroni1/test/bad/045.JPG",
        "VisA/visa_pytorch/macaroni1/test/bad/046.JPG",
        "VisA/visa_pytorch/macaroni1/test/bad/047.JPG",
        "VisA/visa_pytorch/macaroni1/test/bad/048.JPG",
        "VisA/visa_pytorch/macaroni1/test/bad/049.JPG",
        "VisA/visa_pytorch/macaroni1/test/bad/050.JPG",
        "VisA/visa_pytorch/macaroni1/test/bad/051.JPG",
        "VisA/visa_pytorch/macaroni1/test/bad/052.JPG",
        "VisA/visa_pytorch/macaroni1/test/bad/053.JPG",
        "VisA/visa_pytorch/macaroni1/test/bad/054.JPG",
        "VisA/visa_pytorch/macaroni1/test/bad/055.JPG",
        "VisA/visa_pytorch/macaroni1/test/bad/056.JPG",
        "VisA/visa_pytorch/macaroni1/test/bad/057.JPG",
        "VisA/visa_pytorch/macaroni1/test/bad/058.JPG",
        "VisA/visa_pytorch/macaroni1/test/bad/059.JPG",
        "VisA/visa_pytorch/macaroni1/test/bad/060.JPG",
        "VisA/visa_pytorch/macaroni1/test/bad/061.JPG",
        "VisA/visa_pytorch/macaroni1/test/bad/062.JPG",
        "VisA/visa_pytorch/macaroni1/test/bad/063.JPG",
        "VisA/visa_pytorch/macaroni1/test/bad/064.JPG",
        "VisA/visa_pytorch/macaroni1/test/bad/065.JPG",
        "VisA/visa_pytorch/macaroni1/test/bad/066.JPG",
        "VisA/visa_pytorch/macaroni1/test/bad/067.JPG",
        "VisA/visa_pytorch/macaroni1/test/bad/068.JPG",
        "VisA/visa_pytorch/macaroni1/test/bad/069.JPG",
        "VisA/visa_pytorch/macaroni1/test/bad/070.JPG",
        "VisA/visa_pytorch/macaroni1/test/bad/071.JPG",
        "VisA/visa_pytorch/macaroni1/test/bad/072.JPG",
        "VisA/visa_pytorch/macaroni1/test/bad/073.JPG",
        "VisA/visa_pytorch/macaroni1/test/bad/074.JPG",
