{
    "shared_fpr_metric": "mean-per-image-fpr",
    "fpr_lower_bound": 1e-05,
    "fpr_upper_bound": 0.0001,
    "num_threshs": 6026,
    "thresh_lower_bound": 0.4936629984554542,
    "thresh_upper_bound": 0.6026542719497683,
    "aupimos": [
        0.46846633948128796,
        0.45030789123952714,
        0.2138946608227805,
        0.2647692955629092,
        0.04128357212891606,
        0.0,
        0.4500998286667768,
        0.44003971456943647,
        0.886617061715545,
        0.0640752228362853,
        0.8834007807412879,
        0.9929803494654849,
        0.665557847884313,
        0.6513726349561892,
        0.21230062897606614,
        0.941505197444445,
        0.31016532522446877,
        0.965029734937457,
        0.8067063536953072,
        0.26777453711793503,
        0.5186844790189119,
        0.9547285143958804,
        0.3527079382869916,
        0.2830619040920371,
        0.6451322040621947,
        0.9836191981043771,
        0.9999999999999997,
        0.7660925426089733,
        0.9878906368513801,
        0.4390896670949075,
        0.9998033277580891,
        0.05003670173721555,
        0.9999999999999997,
        0.6104148822480391,
        0.15684534194647892,
        0.3748537878761566,
        0.9722331748286669,
        0.8777213363397476,
        0.6856164130353379,
        0.2384458314411034,
        0.11291032841504625,
        0.9999999999999997,
        0.20395497742138324,
        0.8796417242022764,
        0.9881363966357015,
        0.8276795455115639,
        0.0,
        0.10490681526800431,
        0.7802789766759357,
        0.761156069626681,
        0.34398227821471794,
        0.3776052479700661,
        0.8037374855577887,
        0.7573702593105415,
        0.8511505364805566,
        0.940042968454987,
        0.29601011917430003,
        0.8036031763569766,
        0.0,
        0.6350444987474579,
        0.7504972265640955,
        0.4672012129028836,
        0.711694737304542,
        0.0,
        0.11948920732087905,
        0.85396110719908,
        0.9463785330929373,
        0.9902342507431995,
        0.81720603568142,
        0.8128496404336064,
        0.2593499369123706,
        0.8301141178487587,
        0.0,
        0.8125606856546886,
        0.48733671770471326,
        0.42726494793508946,
        0.6840425522802984,
        0.2981275235570512,
        0.1920283923975627,
        0.085971350177805,
        0.3335959508580185,
        0.2751980462321649,
        0.14100873016151078,
        0.9996071692526544,
        0.33755010801847707,
        0.2752047464010029,
        0.7097424721982765,
        0.42842175608408395,
        0.19993509299904158,
        0.9118331441935186,
        0.9821524665515778,
        0.9771810128260019,
        0.3629599662677511,
        0.9971820402028928,
        0.9999999999999997,
        0.39029180885800946,
        0.36468009243361743,
        0.17735610125453685,
        0.22187627790227887,
        0.9999999999999997,
        NaN,
        NaN,
        NaN,
        NaN,
        NaN,
        NaN,
        NaN,
        NaN,
        NaN,
        NaN,
        NaN,
        NaN,
        NaN,
        NaN,
        NaN,
        NaN,
        NaN,
        NaN,
        NaN,
        NaN,
        NaN,
        NaN,
        NaN,
        NaN,
        NaN,
        NaN,
        NaN,
        NaN,
        NaN,
        NaN,
        NaN,
        NaN,
        NaN,
        NaN,
        NaN,
        NaN,
        NaN,
        NaN,
        NaN,
        NaN,
        NaN,
        NaN,
        NaN,
        NaN,
        NaN,
        NaN,
        NaN,
        NaN,
        NaN,
        NaN,
        NaN,
        NaN,
        NaN,
        NaN,
        NaN,
        NaN,
        NaN,
        NaN,
        NaN,
        NaN,
        NaN,
        NaN,
        NaN,
        NaN,
        NaN,
        NaN,
        NaN,
        NaN,
        NaN,
        NaN,
        NaN,
        NaN,
        NaN,
        NaN,
        NaN,
        NaN,
        NaN,
        NaN,
        NaN,
        NaN,
        NaN,
        NaN,
        NaN,
        NaN,
        NaN,
        NaN,
        NaN,
        NaN,
        NaN,
        NaN,
        NaN,
        NaN,
        NaN,
        NaN,
        NaN,
        NaN,
        NaN,
        NaN,
        NaN,
        NaN,
        NaN
    ],