{
    "shared_fpr_metric": "mean-per-image-fpr",
    "fpr_lower_bound": 1e-05,
    "fpr_upper_bound": 0.0001,
    "num_threshs": 2035,
    "thresh_lower_bound": 0.7264917481790265,
    "thresh_upper_bound": 0.76079112502824,
    "aupimos": [
        0.5744227488859073,
        0.3476690000957798,
        0.09958122823409292,
        0.0,
        0.0,
        0.0,
        0.27251509209849817,
        1.0,
        0.0,
        0.0,
        0.0,
        0.06873954577621652,
        1.0,
        1.0,
        1.0,
        0.9858513839467727,
        1.0,
        1.0,
        0.921210881805187,
        0.994986234808344,
        1.0,
        0.0,
        0.9429395286590678,
        0.9816930859425743,
        0.7520983490209058,
        1.0,
        1.0,
        1.0,
        1.0,
        1.0,
        0.9480235219811989,
        1.0,
        1.0,
        0.9886953735243905,
        0.9912375017772505,
        1.0,
        0.6520213850493078,
        0.9963430127501423,
        1.0,
        1.0,
        1.0,
        1.0,
        0.9823779341515111,
        1.0,
        0.0,
        0.0,
        0.030838569676495568,
        0.0,
        0.0,
        0.0,
        0.0016256676883406756,
        0.0,
        0.8663665230953321,
        0.0,
        0.0,
        0.0,
        0.0,
        1.0,
        0.0,
        0.0,
        0.06870991851660291,
        0.8741777724097725,
        0.7181983919242857,
        1.0,
        1.0,
        1.0,
        0.4974977851812347,
        0.0,
        1.0,
        0.6698363856713603,
        1.0,
        0.6737573793007744,
        1.0,
        0.7554493458622672,
        0.6924536741608087,
        0.24229046469593704,
        0.8523226910489639,
        0.5988628967895249,
        0.0,
        0.07645158914952416,
        0.0,
        0.0,
        0.0,
        0.0,
        0.1481787773496183,
        0.0,
        0.2902580144012918,
        0.0,
        0.0,
        0.0,
        0.0,
        0.45511158313324257,
        0.0,
        0.0,
        0.8816800074255666,
        0.5953592527504024,
        0.7270669525548795,
        0.6760585269725536,
        0.6399366326875954,
        0.7402458019591429,
        NaN,
        NaN,
        NaN,
        NaN,
        NaN,
        NaN,
        NaN,
        NaN,
        NaN,
        NaN,
        NaN,
        NaN,
        NaN,
        NaN,
        NaN,
        NaN,
        NaN,
        NaN,
        NaN,
        NaN,
        NaN,
        NaN,
        NaN,
        NaN,
        NaN,
        NaN,
        NaN,
        NaN,
        NaN,
        NaN,
        NaN,
        NaN,
        NaN,
        NaN,
        NaN,
        NaN,
        NaN,
        NaN,
        NaN,
        NaN,
        NaN,
        NaN,
        NaN,
        NaN,
        NaN,
        NaN,
        NaN,
        NaN,
        NaN,
        NaN
    ],
    "paths": [
        "VisA/visa_pytorch/cashew/test/bad/000.JPG",
        "VisA/visa_pytorch/cashew/test/bad/001.JPG",
        "VisA/visa_pytorch/cashew/test/bad/002.JPG",
        "VisA/visa_pytorch/cashew/test/bad/003.JPG",
        "VisA/visa_pytorch/cashew/test/bad/004.JPG",
        "VisA/visa_pytorch/cashew/test/bad/005.JPG",
        "VisA/visa_pytorch/cashew/test/bad/006.JPG",
        "VisA/visa_pytorch/cashew/test/bad/007.JPG",
        "VisA/visa_pytorch/cashew/test/bad/008.JPG",
        "VisA/visa_pytorch/cashew/test/bad/009.JPG",
        "VisA/visa_pytorch/cashew/test/bad/010.JPG",
        "VisA/visa_pytorch/cashew/test/bad/011.JPG",
        "VisA/visa_pytorch/cashew/test/bad/012.JPG",
        "VisA/visa_pytorch/cashew/test/bad/013.JPG",
        "VisA/visa_pytorch/cashew/test/bad/014.JPG",
        "VisA/visa_pytorch/cashew/test/bad/015.JPG",
        "VisA/visa_pytorch/cashew/test/bad/016.JPG",
        "VisA/visa_pytorch/cashew/test/bad/017.JPG",
        "VisA/visa_pytorch/cashew/test/bad/018.JPG",
        "VisA/visa_pytorch/cashew/test/bad/019.JPG",
        "VisA/visa_pytorch/cashew/test/bad/020.JPG",
        "VisA/visa_pytorch/cashew/test/bad/021.JPG",
        "VisA/visa_pytorch/cashew/test/bad/022.JPG",
        "VisA/visa_pytorch/cashew/test/bad/023.JPG",
        "VisA/visa_pytorch/cashew/test/bad/024.JPG",
        "VisA/visa_pytorch/cashew/test/bad/025.JPG",
        "VisA/visa_pytorch/cashew/test/bad/026.JPG",
        "VisA/visa_pytorch/cashew/test/bad/027.JPG",
        "VisA/visa_pytorch/cashew/test/bad/028.JPG",
        "VisA/visa_pytorch/cashew/test/bad/029.JPG",
        "VisA/visa_pytorch/cashew/test/bad/030.JPG",
        "VisA/visa_pytorch/cashew/test/bad/031.JPG",
        "VisA/visa_pytorch/cashew/test/bad/032.JPG",
        "VisA/visa_pytorch/cashew/test/bad/033.JPG",
        "VisA/visa_pytorch/cashew/test/bad/034.JPG",
        "VisA/visa_pytorch/cashew/test/bad/035.JPG",
        "VisA/visa_pytorch/cashew/test/bad/036.JPG",
        "VisA/visa_pytorch/cashew/test/bad/037.JPG",
        "VisA/visa_pytorch/cashew/test/bad/038.JPG",
        "VisA/visa_pytorch/cashew/test/bad/039.JPG",
        "VisA/visa_pytorch/cashew/test/bad/040.JPG",
        "VisA/visa_pytorch/cashew/test/bad/041.JPG",
        "VisA/visa_pytorch/cashew/test/bad/042.JPG",
        "VisA/visa_pytorch/cashew/test/bad/043.JPG",
        "VisA/visa_pytorch/cashew/test/bad/044.JPG",
        "VisA/visa_pytorch/cashew/test/bad/045.JPG",
        "VisA/visa_pytorch/cashew/test/bad/046.JPG",
        "VisA/visa_pytorch/cashew/test/bad/047.JPG",
        "VisA/visa_pytorch/cashew/test/bad/048.JPG",
        "VisA/visa_pytorch/cashew/test/bad/049.JPG",
        "VisA/visa_pytorch/cashew/test/bad/050.JPG",
        "VisA/visa_pytorch/cashew/test/bad/051.JPG",
        "VisA/visa_pytorch/cashew/test/bad/052.JPG",
        "VisA/visa_pytorch/cashew/test/bad/053.JPG",
        "VisA/visa_pytorch/cashew/test/bad/054.JPG",
        "VisA/visa_pytorch/cashew/test/bad/055.JPG",
        "VisA/visa_pytorch/cashew/test/bad/056.JPG",
        "VisA/visa_pytorch/cashew/test/bad/057.JPG",
        "VisA/visa_pytorch/cashew/test/bad/058.JPG",
        "VisA/visa_pytorch/cashew/test/bad/059.JPG",
        "VisA/visa_pytorch/cashew/test/bad/060.JPG",
        "VisA/visa_pytorch/cashew/test/bad/061.JPG",
        "VisA/visa_pytorch/cashew/test/bad/062.JPG",
        "VisA/visa_pytorch/cashew/test/bad/063.JPG",
        "VisA/visa_pytorch/cashew/test/bad/064.JPG",
        "VisA/visa_pytorch/cashew/test/bad/065.JPG",
        "VisA/visa_pytorch/cashew/test/bad/066.JPG",
        "VisA/visa_pytorch/cashew/test/bad/067.JPG",
        "VisA/visa_pytorch/cashew/test/bad/068.JPG",
        "VisA/visa_pytorch/cashew/test/bad/069.JPG",
        "VisA/visa_pytorch/cashew/test/bad/070.JPG",
        "VisA/visa_pytorch/cashew/test/bad/071.JPG",
        "VisA/visa_pytorch/cashew/test/bad/072.JPG",
        "VisA/visa_pytorch/cashew/test/bad/073.JPG",
        "VisA/visa_pytorch/cashew/test/bad/074.JPG",
        "VisA/visa_pytorch/cashew/test/bad/075.JPG",
        "VisA/visa_pytorch/cashew/test/bad/076.JPG",
        "VisA/visa_pytorch/cashew/test/bad/077.JPG",
        "VisA/visa_pytorch/cashew/test/bad/078.JPG",
        "VisA/visa_pytorch/cashew/test/bad/079.JPG",
        "VisA/visa_pytorch/cashew/test/bad/080.JPG",
        "VisA/visa_pytorch/cashew/test/bad/081.JPG",
        "VisA/visa_pytorch/cashew/test/bad/082.JPG",
        "VisA/visa_pytorch/cashew/test/bad/083.JPG",
        "VisA/visa_pytorch/cashew/test/bad/084.JPG",
        "VisA/visa_pytorch/cashew/test/bad/085.JPG",
        "VisA/visa_pytorch/cashew/test/bad/086.JPG",
        "VisA/visa_pytorch/cashew/test/bad/087.JPG",
        "VisA/visa_pytorch/cashew/test/bad/088.JPG",
        "VisA/visa_pytorch/cashew/test/bad/089.JPG",
        "VisA/visa_pytorch/cashew/test/bad/090.JPG",
        "VisA/visa_pytorch/cashew/test/bad/091.JPG",
        "VisA/visa_pytorch/cashew/test/bad/092.JPG",
        "VisA/visa_pytorch/cashew/test/bad/093.JPG",
        "VisA/visa_pytorch/cashew/test/bad/094.JPG",
        "VisA/visa_pytorch/cashew/test/bad/095.JPG",
        "VisA/visa_pytorch/cashew/test/bad/096.JPG",
