{
    "shared_fpr_metric": "mean-per-image-fpr",
    "fpr_lower_bound": 1e-05,
    "fpr_upper_bound": 0.0001,
    "num_threshs": null,
    "thresh_lower_bound": 1.6197736263275146,
    "thresh_upper_bound": 1.6652271747589111,
    "aupimos": [
        0.2498746580371539,
        0.9960509863783797,
        0.9960509863783797,
        0.9838083362708245,
        0.9960509863783797,
        0.6662329479700059,
        0.9960509863783797,
        0.9940863567893169,
        0.8256551523069633,
        0.8851756711818477,
        0.9960509863783797,
        0.9960509863783797,
        0.9960509863783797,
        0.9960509863783797,
        0.9960509863783797,
        0.9960509863783797,
        0.0,
        0.9960509863783797,
        0.9960509863783797,
        0.9807850150452183,
        0.9960509863783797,
        0.0,
        0.6768037321368758,
        0.9960509863783797,
        0.46149653868250484,
        0.9777977888586497,
        0.5943143537148848,
        0.9901020678960611,
        0.9930051435457277,
        0.8726545017329647,
        0.9960509863783797,
        0.9960509863783797,
        0.9960509863783797,
        0.9960509863783797,
        0.7318588173312903,
        0.9372873366087309,
        0.9503774319374222,
        0.9960509863783797,
        0.9023775276249135,
        0.9960509863783797,
        0.65953006568284,
        0.0,
        0.0,
        0.9960509863783797,
        0.9960115965426708,
        NaN,
        NaN,
        NaN,
        NaN,
        NaN,
        NaN,
        NaN,
        NaN,
        NaN,
        NaN,
        NaN,
        NaN,
        NaN,
        NaN,
        NaN,
        NaN,
        NaN,
        NaN,
        NaN,
        NaN,
        NaN,
        NaN,
        NaN,
        0.9960509863783797,
        0.9960509863783797,
        0.3058630143083968,
        0.8852892722035799,
        0.9274587014736223,
        0.6423547480291981,
        0.4489265931557954,
        0.9960509863783797,
        0.9960509863783797,
        0.7115580158125937,
        0.0,
        0.9960509863783797,
        0.995425829680594,
        0.9960509863783797,
        0.9958910035944885,
        0.7216713821942481,
        0.9960509863783797,
        0.9960509863783797,
        0.9960509863783797,
        0.9630429531411432,
        0.9714189381243216,
        0.0,
        0.5944965094477472,
        0.700400116172696,
        0.0,
        0.43382712294587206,
        0.0,
        0.6529640847260711,
        0.9960509863783797,
        0.964380944913847,
        0.24658324032112386,
        0.9627578714799019,
        0.9852816660565478,
        0.5482518095820538,
        0.0,
        0.9945036153460824,
        0.5875952530898066,
        0.6187621578534864,
        0.0,
        0.9952735046788076,
        0.9745490637069558,
        0.901171626967852,
        0.5000752426972409,
        0.28500551270981006,
        0.9952961360883377,
        0.9871682040594066,
        0.9018218331022255,
        0.9960509863783797,
        0.970997550208647,
        0.8135947947439064,
        0.9798606186749486,
        0.9959780070608965,
        0.8196572486852447,
        0.8066096238592235,
        0.9960509863783797,
        0.941518339800164,
        0.8365180674741841,
        0.8961022865367176,
        0.9302230498574712,
        0.948706258904459,
        0.9950837065186295,
        0.950579606223328,
        0.9295391285962731,
        0.8519836999102456
    ],
    "paths": [
        "MVTec/capsule/test/crack/000.png",
        "MVTec/capsule/test/crack/001.png",
        "MVTec/capsule/test/crack/002.png",
        "MVTec/capsule/test/crack/003.png",
        "MVTec/capsule/test/crack/004.png",
        "MVTec/capsule/test/crack/005.png",
        "MVTec/capsule/test/crack/006.png",
        "MVTec/capsule/test/crack/007.png",
        "MVTec/capsule/test/crack/008.png",
        "MVTec/capsule/test/crack/009.png",
        "MVTec/capsule/test/crack/010.png",
        "MVTec/capsule/test/crack/011.png",
        "MVTec/capsule/test/crack/012.png",
        "MVTec/capsule/test/crack/013.png",
        "MVTec/capsule/test/crack/014.png",
        "MVTec/capsule/test/crack/015.png",
        "MVTec/capsule/test/crack/016.png",
        "MVTec/capsule/test/crack/017.png",
        "MVTec/capsule/test/crack/018.png",
        "MVTec/capsule/test/crack/019.png",
        "MVTec/capsule/test/crack/020.png",
        "MVTec/capsule/test/crack/021.png",
        "MVTec/capsule/test/crack/022.png",
        "MVTec/capsule/test/faulty_imprint/000.png",
        "MVTec/capsule/test/faulty_imprint/001.png",
        "MVTec/capsule/test/faulty_imprint/002.png",
        "MVTec/capsule/test/faulty_imprint/003.png",
        "MVTec/capsule/test/faulty_imprint/004.png",
        "MVTec/capsule/test/faulty_imprint/005.png",
        "MVTec/capsule/test/faulty_imprint/006.png",
        "MVTec/capsule/test/faulty_imprint/007.png",
        "MVTec/capsule/test/faulty_imprint/008.png",
        "MVTec/capsule/test/faulty_imprint/009.png",
        "MVTec/capsule/test/faulty_imprint/010.png",
        "MVTec/capsule/test/faulty_imprint/011.png",
        "MVTec/capsule/test/faulty_imprint/012.png",
        "MVTec/capsule/test/faulty_imprint/013.png",
        "MVTec/capsule/test/faulty_imprint/014.png",
        "MVTec/capsule/test/faulty_imprint/015.png",
        "MVTec/capsule/test/faulty_imprint/016.png",
        "MVTec/capsule/test/faulty_imprint/017.png",
        "MVTec/capsule/test/faulty_imprint/018.png",
        "MVTec/capsule/test/faulty_imprint/019.png",
        "MVTec/capsule/test/faulty_imprint/020.png",
        "MVTec/capsule/test/faulty_imprint/021.png",
        "MVTec/capsule/test/good/000.png",
        "MVTec/capsule/test/good/001.png",
        "MVTec/capsule/test/good/002.png",
        "MVTec/capsule/test/good/003.png",
        "MVTec/capsule/test/good/004.png",
        "MVTec/capsule/test/good/005.png",
        "MVTec/capsule/test/good/006.png",
        "MVTec/capsule/test/good/007.png",
        "MVTec/capsule/test/good/008.png",
        "MVTec/capsule/test/good/009.png",
        "MVTec/capsule/test/good/010.png",
        "MVTec/capsule/test/good/011.png",
        "MVTec/capsule/test/good/012.png",
        "MVTec/capsule/test/good/013.png",
        "MVTec/capsule/test/good/014.png",
        "MVTec/capsule/test/good/015.png",
        "MVTec/capsule/test/good/016.png",
        "MVTec/capsule/test/good/017.png",
        "MVTec/capsule/test/good/018.png",
        "MVTec/capsule/test/good/019.png",
        "MVTec/capsule/test/good/020.png",
        "MVTec/capsule/test/good/021.png",
        "MVTec/capsule/test/good/022.png",
        "MVTec/capsule/test/poke/000.png",
        "MVTec/capsule/test/poke/001.png",
        "MVTec/capsule/test/poke/002.png",
        "MVTec/capsule/test/poke/003.png",
        "MVTec/capsule/test/poke/004.png",
        "MVTec/capsule/test/poke/005.png",
        "MVTec/capsule/test/poke/006.png",
        "MVTec/capsule/test/poke/007.png",
        "MVTec/capsule/test/poke/008.png",
        "MVTec/capsule/test/poke/009.png",
        "MVTec/capsule/test/poke/010.png",
        "MVTec/capsule/test/poke/011.png",
        "MVTec/capsule/test/poke/012.png",
        "MVTec/capsule/test/poke/013.png",
        "MVTec/capsule/test/poke/014.png",
        "MVTec/capsule/test/poke/015.png",
        "MVTec/capsule/test/poke/016.png",
        "MVTec/capsule/test/poke/017.png",
        "MVTec/capsule/test/poke/018.png",
        "MVTec/capsule/test/poke/019.png",
        "MVTec/capsule/test/poke/020.png",
        "MVTec/capsule/test/scratch/000.png",
        "MVTec/capsule/test/scratch/001.png",
        "MVTec/capsule/test/scratch/002.png",
        "MVTec/capsule/test/scratch/003.png",
        "MVTec/capsule/test/scratch/004.png",
        "MVTec/capsule/test/scratch/005.png",
        "MVTec/capsule/test/scratch/006.png",
        "MVTec/capsule/test/scratch/007.png",
        "MVTec/capsule/test/scratch/008.png",
        "MVTec/capsule/test/scratch/009.png",
