{
    "shared_fpr_metric": "mean-per-image-fpr",
    "fpr_lower_bound": 1e-05,
    "fpr_upper_bound": 0.0001,
    "num_threshs": null,
    "thresh_lower_bound": 0.19501443207263947,
    "thresh_upper_bound": 0.2466234266757965,
    "aupimos": [
        0.9890634299212472,
        1.0,
        1.0,
        0.7320241705538163,
        1.0,
        0.9818742360613942,
        0.9325520412959488,
        0.5530339507437382,
        0.9874531327330713,
        0.9904918321368487,
        0.6675688507479243,
        1.0,
        0.6869060202779697,
        0.8056235972647364,
        0.9910987565815238,
        0.14972503564330983,
        1.0,
        0.2845309569757186,
        0.9147637798051156,
        1.0,
        1.0,
        1.0,
        0.7629840048635139,
        1.0,
        1.0,
        0.7655818426776916,
        0.0006411949250848014,
        0.9243163741678228,
        0.0,
        1.0,
        0.9798835373822565,
        1.0,
        1.0,
        1.0,
        1.0,
        1.0,
        0.4743967237535405,
        0.0,
        0.0,
        1.0,
        0.13623301170661892,
        0.9589271758527023,
        0.938553004894431,
        0.8247163737421124,
        0.6457538278100339,
        0.4656685880497153,
        0.32529282700925194,
        0.614004154619422,
        0.6467018208436619,
        0.5494162113264608,
        0.9419727718971526,
        0.29737148630513205,
        0.4705261031161635,
        0.3778822771655522,
        0.29149880508967146,
        0.22699369007487225,
        0.2732297373053133,
        0.1514849300327226,
        0.5555772570577664,
        0.7141584252440863,
        0.9675368409835383,
        1.0,
        1.0,
        1.0,
        1.0,
        0.9908511011519836,
        0.8662525067025064,
        1.0,
        1.0,
        0.9813878602595476,
        1.0,
        1.0,
        1.0,
        1.0,
        1.0,
        1.0,
        1.0,
        1.0,
        1.0,
        1.0,
        0.1811766824632749,
        0.4037923641577985,
        0.7333738145799411,
        0.9093027167726573,
        0.9569592529943682,
        0.8976323568693879,
        0.9572397629742179,
        0.88314835491663,
        0.41761021545940247,
        0.869791783618293,
        0.0,
        0.0,
        0.0,
        0.08323482593764028,
        0.0,
        0.0,
        0.7767182293776592,
        0.0,
        0.0,
        0.0,
        NaN,
        NaN,
        NaN,
        NaN,
        NaN,
        NaN,
        NaN,
        NaN,
        NaN,
        NaN,
        NaN,
        NaN,
        NaN,
        NaN,
        NaN,
        NaN,
        NaN,
        NaN,
        NaN,
        NaN,
        NaN,
        NaN,
        NaN,
        NaN,
        NaN,
        NaN,
        NaN,
        NaN,
        NaN,
        NaN,
        NaN,
        NaN,
        NaN,
        NaN,
        NaN,
        NaN,
        NaN,
        NaN,
        NaN,
        NaN,
        NaN,
        NaN,
        NaN,
        NaN,
        NaN,
        NaN,
        NaN,
        NaN,
        NaN,
        NaN
    ],
    "paths": [
        "VisA/visa_pytorch/fryum/test/bad/000.JPG",
        "VisA/visa_pytorch/fryum/test/bad/001.JPG",
        "VisA/visa_pytorch/fryum/test/bad/002.JPG",
        "VisA/visa_pytorch/fryum/test/bad/003.JPG",
        "VisA/visa_pytorch/fryum/test/bad/004.JPG",
        "VisA/visa_pytorch/fryum/test/bad/005.JPG",
        "VisA/visa_pytorch/fryum/test/bad/006.JPG",
        "VisA/visa_pytorch/fryum/test/bad/007.JPG",
        "VisA/visa_pytorch/fryum/test/bad/008.JPG",
        "VisA/visa_pytorch/fryum/test/bad/009.JPG",
        "VisA/visa_pytorch/fryum/test/bad/010.JPG",
        "VisA/visa_pytorch/fryum/test/bad/011.JPG",
        "VisA/visa_pytorch/fryum/test/bad/012.JPG",
        "VisA/visa_pytorch/fryum/test/bad/013.JPG",
        "VisA/visa_pytorch/fryum/test/bad/014.JPG",
        "VisA/visa_pytorch/fryum/test/bad/015.JPG",
        "VisA/visa_pytorch/fryum/test/bad/016.JPG",
        "VisA/visa_pytorch/fryum/test/bad/017.JPG",
        "VisA/visa_pytorch/fryum/test/bad/018.JPG",
        "VisA/visa_pytorch/fryum/test/bad/019.JPG",
        "VisA/visa_pytorch/fryum/test/bad/020.JPG",
        "VisA/visa_pytorch/fryum/test/bad/021.JPG",
        "VisA/visa_pytorch/fryum/test/bad/022.JPG",
        "VisA/visa_pytorch/fryum/test/bad/023.JPG",
        "VisA/visa_pytorch/fryum/test/bad/024.JPG",
        "VisA/visa_pytorch/fryum/test/bad/025.JPG",
        "VisA/visa_pytorch/fryum/test/bad/026.JPG",
        "VisA/visa_pytorch/fryum/test/bad/027.JPG",
        "VisA/visa_pytorch/fryum/test/bad/028.JPG",
        "VisA/visa_pytorch/fryum/test/bad/029.JPG",
        "VisA/visa_pytorch/fryum/test/bad/030.JPG",
        "VisA/visa_pytorch/fryum/test/bad/031.JPG",
        "VisA/visa_pytorch/fryum/test/bad/032.JPG",
        "VisA/visa_pytorch/fryum/test/bad/033.JPG",
        "VisA/visa_pytorch/fryum/test/bad/034.JPG",
        "VisA/visa_pytorch/fryum/test/bad/035.JPG",
        "VisA/visa_pytorch/fryum/test/bad/036.JPG",
        "VisA/visa_pytorch/fryum/test/bad/037.JPG",
        "VisA/visa_pytorch/fryum/test/bad/038.JPG",
        "VisA/visa_pytorch/fryum/test/bad/039.JPG",
        "VisA/visa_pytorch/fryum/test/bad/040.JPG",
        "VisA/visa_pytorch/fryum/test/bad/041.JPG",
        "VisA/visa_pytorch/fryum/test/bad/042.JPG",
        "VisA/visa_pytorch/fryum/test/bad/043.JPG",
        "VisA/visa_pytorch/fryum/test/bad/044.JPG",
        "VisA/visa_pytorch/fryum/test/bad/045.JPG",
        "VisA/visa_pytorch/fryum/test/bad/046.JPG",
        "VisA/visa_pytorch/fryum/test/bad/047.JPG",
        "VisA/visa_pytorch/fryum/test/bad/048.JPG",
        "VisA/visa_pytorch/fryum/test/bad/049.JPG",
        "VisA/visa_pytorch/fryum/test/bad/050.JPG",
        "VisA/visa_pytorch/fryum/test/bad/051.JPG",
        "VisA/visa_pytorch/fryum/test/bad/052.JPG",
        "VisA/visa_pytorch/fryum/test/bad/053.JPG",
        "VisA/visa_pytorch/fryum/test/bad/054.JPG",
        "VisA/visa_pytorch/fryum/test/bad/055.JPG",
        "VisA/visa_pytorch/fryum/test/bad/056.JPG",
        "VisA/visa_pytorch/fryum/test/bad/057.JPG",
        "VisA/visa_pytorch/fryum/test/bad/058.JPG",
        "VisA/visa_pytorch/fryum/test/bad/059.JPG",
        "VisA/visa_pytorch/fryum/test/bad/060.JPG",
        "VisA/visa_pytorch/fryum/test/bad/061.JPG",
        "VisA/visa_pytorch/fryum/test/bad/062.JPG",
        "VisA/visa_pytorch/fryum/test/bad/063.JPG",
        "VisA/visa_pytorch/fryum/test/bad/064.JPG",
        "VisA/visa_pytorch/fryum/test/bad/065.JPG",
        "VisA/visa_pytorch/fryum/test/bad/066.JPG",
        "VisA/visa_pytorch/fryum/test/bad/067.JPG",
        "VisA/visa_pytorch/fryum/test/bad/068.JPG",
        "VisA/visa_pytorch/fryum/test/bad/069.JPG",
        "VisA/visa_pytorch/fryum/test/bad/070.JPG",
        "VisA/visa_pytorch/fryum/test/bad/071.JPG",
        "VisA/visa_pytorch/fryum/test/bad/072.JPG",
        "VisA/visa_pytorch/fryum/test/bad/073.JPG",
        "VisA/visa_pytorch/fryum/test/bad/074.JPG",
        "VisA/visa_pytorch/fryum/test/bad/075.JPG",
        "VisA/visa_pytorch/fryum/test/bad/076.JPG",
        "VisA/visa_pytorch/fryum/test/bad/077.JPG",
        "VisA/visa_pytorch/fryum/test/bad/078.JPG",
        "VisA/visa_pytorch/fryum/test/bad/079.JPG",
        "VisA/visa_pytorch/fryum/test/bad/080.JPG",
        "VisA/visa_pytorch/fryum/test/bad/081.JPG",
        "VisA/visa_pytorch/fryum/test/bad/082.JPG",
        "VisA/visa_pytorch/fryum/test/bad/083.JPG",
        "VisA/visa_pytorch/fryum/test/bad/084.JPG",
        "VisA/visa_pytorch/fryum/test/bad/085.JPG",
        "VisA/visa_pytorch/fryum/test/bad/086.JPG",
        "VisA/visa_pytorch/fryum/test/bad/087.JPG",
        "VisA/visa_pytorch/fryum/test/bad/088.JPG",
        "VisA/visa_pytorch/fryum/test/bad/089.JPG",
        "VisA/visa_pytorch/fryum/test/bad/090.JPG",
        "VisA/visa_pytorch/fryum/test/bad/091.JPG",
        "VisA/visa_pytorch/fryum/test/bad/092.JPG",
        "VisA/visa_pytorch/fryum/test/bad/093.JPG",
