{
    "shared_fpr_metric": "mean-per-image-fpr",
    "fpr_lower_bound": 1e-05,
    "fpr_upper_bound": 0.0001,
    "num_threshs": 2637,
    "thresh_lower_bound": -0.1291733980178833,
    "thresh_upper_bound": -0.06878269463777542,
    "aupimos": [
        0.7164681841683442,
        0.7988627944106662,
        0.3470185439783679,
        0.0848094502629495,
        0.02462944250628079,
        0.36128286820429867,
        0.8866895156046286,
        0.32747847249099227,
        0.08009824382173718,
        0.4109788768929433,
        0.8109407783270789,
        0.7469213158114009,
        0.39131533790622197,
        0.30098418033024593,
        0.4554776804086806,
        0.3847171977958072,
        0.558232259846996,
        0.18521065452849114,
        0.8690895867159004,
        0.8678734777332228,
        0.6321201232209547,
        0.5070262647449828,
        0.9018537922033162,
        0.8469089010261492,
        0.5799445613086769,
        0.8708661307248383,
        0.9984410726759899,
        0.9387715798677183,
        0.3988828903506382,
        0.913522538654166,
        0.45273489749634954,
        0.7813368688207444,
        0.6649767819939555,
        0.05803931779900634,
        0.4121919195111887,
        0.8535701923887239,
        0.9347490768390977,
        0.45864529034514523,
        0.9391945513742844,
        0.40423688637086347,
        0.33317553086660573,
        0.4982394849887994,
        0.39584096006016334,
        0.3730998330904204,
        0.16319986913557735,
        0.13440572951865923,
        0.3708847059761104,
        0.10035372007503866,
        0.10654114849630848,
        0.366323246583614,
        0.3597503757867368,
        0.41792673428508365,
        0.5506184658340416,
        0.4595286194475405,
        0.4638665818192674,
        0.9904711552487733,
        0.4791051933432088,
        0.8202686558756731,
        0.751481046329986,
        0.48592225438198,
        0.9540421496951182,
        0.9505447090953975,
        0.8143748773035614,
        0.8291828090526842,
        0.35092779767060384,
        0.09732759835281977,
        0.5740005090952516,
        0.36379042389687594,
        0.9980308493226846,
        0.9993532471151669,
        0.9993532471151669,
        0.005527628728823932,
        0.9316923061044404,
        0.9419776802303905,
        NaN,
        NaN,
        NaN,
        NaN,
        NaN,
        NaN,
        NaN,
        NaN,
        NaN,
        NaN,
        NaN,
        NaN,
        NaN,
        NaN,
        NaN,
        NaN,
        NaN,
        NaN,
        NaN,
        NaN,
        NaN,
        NaN,
        NaN,
        NaN,
        NaN,
        NaN,
        NaN,
        NaN,
        NaN,
        NaN,
        NaN,
        NaN,
        0.7930265198397322,
        0.412679002160233,
        0.7841681749859315,
        0.5091401353035951,
        0.9836309863508986,
        0.9660266984538293,
        0.8614338921561758,
        0.8996320929736756,
        0.9156691092123574,
        0.9544580190806677,
        0.9865137624635453,
        0.9462762776157585,
        0.5654905411738237,
        0.7076999135312473,
        0.9084638929505915,
        0.9993532471151669,
        0.8616250734697576,
        0.9815398518719061
    ],
    "paths": [
        "MVTec/leather/test/color/000.png",
        "MVTec/leather/test/color/001.png",
        "MVTec/leather/test/color/002.png",
        "MVTec/leather/test/color/003.png",
        "MVTec/leather/test/color/004.png",
        "MVTec/leather/test/color/005.png",
        "MVTec/leather/test/color/006.png",
        "MVTec/leather/test/color/007.png",
        "MVTec/leather/test/color/008.png",
        "MVTec/leather/test/color/009.png",
        "MVTec/leather/test/color/010.png",
        "MVTec/leather/test/color/011.png",
        "MVTec/leather/test/color/012.png",
        "MVTec/leather/test/color/013.png",
        "MVTec/leather/test/color/014.png",
        "MVTec/leather/test/color/015.png",
        "MVTec/leather/test/color/016.png",
        "MVTec/leather/test/color/017.png",
        "MVTec/leather/test/color/018.png",
        "MVTec/leather/test/cut/000.png",
        "MVTec/leather/test/cut/001.png",
        "MVTec/leather/test/cut/002.png",
        "MVTec/leather/test/cut/003.png",
        "MVTec/leather/test/cut/004.png",
        "MVTec/leather/test/cut/005.png",
        "MVTec/leather/test/cut/006.png",
        "MVTec/leather/test/cut/007.png",
        "MVTec/leather/test/cut/008.png",
        "MVTec/leather/test/cut/009.png",
        "MVTec/leather/test/cut/010.png",
        "MVTec/leather/test/cut/011.png",
        "MVTec/leather/test/cut/012.png",
        "MVTec/leather/test/cut/013.png",
        "MVTec/leather/test/cut/014.png",
        "MVTec/leather/test/cut/015.png",
        "MVTec/leather/test/cut/016.png",
        "MVTec/leather/test/cut/017.png",
        "MVTec/leather/test/cut/018.png",
        "MVTec/leather/test/fold/000.png",
        "MVTec/leather/test/fold/001.png",
        "MVTec/leather/test/fold/002.png",
        "MVTec/leather/test/fold/003.png",
        "MVTec/leather/test/fold/004.png",
        "MVTec/leather/test/fold/005.png",
        "MVTec/leather/test/fold/006.png",
        "MVTec/leather/test/fold/007.png",
        "MVTec/leather/test/fold/008.png",
        "MVTec/leather/test/fold/009.png",
        "MVTec/leather/test/fold/010.png",
        "MVTec/leather/test/fold/011.png",
        "MVTec/leather/test/fold/012.png",
        "MVTec/leather/test/fold/013.png",
        "MVTec/leather/test/fold/014.png",
        "MVTec/leather/test/fold/015.png",
        "MVTec/leather/test/fold/016.png",
        "MVTec/leather/test/glue/000.png",
        "MVTec/leather/test/glue/001.png",
        "MVTec/leather/test/glue/002.png",
        "MVTec/leather/test/glue/003.png",
        "MVTec/leather/test/glue/004.png",
        "MVTec/leather/test/glue/005.png",
        "MVTec/leather/test/glue/006.png",
        "MVTec/leather/test/glue/007.png",
        "MVTec/leather/test/glue/008.png",
        "MVTec/leather/test/glue/009.png",
        "MVTec/leather/test/glue/010.png",
        "MVTec/leather/test/glue/011.png",
        "MVTec/leather/test/glue/012.png",
        "MVTec/leather/test/glue/013.png",
        "MVTec/leather/test/glue/014.png",
        "MVTec/leather/test/glue/015.png",
        "MVTec/leather/test/glue/016.png",
        "MVTec/leather/test/glue/017.png",
        "MVTec/leather/test/glue/018.png",
        "MVTec/leather/test/good/000.png",
        "MVTec/leather/test/good/001.png",
        "MVTec/leather/test/good/002.png",
        "MVTec/leather/test/good/003.png",
        "MVTec/leather/test/good/004.png",
        "MVTec/leather/test/good/005.png",
        "MVTec/leather/test/good/006.png",
        "MVTec/leather/test/good/007.png",
        "MVTec/leather/test/good/008.png",
        "MVTec/leather/test/good/009.png",
        "MVTec/leather/test/good/010.png",
        "MVTec/leather/test/good/011.png",
        "MVTec/leather/test/good/012.png",
        "MVTec/leather/test/good/013.png",
        "MVTec/leather/test/good/014.png",
        "MVTec/leather/test/good/015.png",
        "MVTec/leather/test/good/016.png",
        "MVTec/leather/test/good/017.png",
        "MVTec/leather/test/good/018.png",
        "MVTec/leather/test/good/019.png",
        "MVTec/leather/test/good/020.png",
        "MVTec/leather/test/good/021.png",
        "MVTec/leather/test/good/022.png",
        "MVTec/leather/test/good/023.png",
        "MVTec/leather/test/good/024.png",
        "MVTec/leather/test/good/025.png",
        "MVTec/leather/test/good/026.png",
        "MVTec/leather/test/good/027.png",
        "MVTec/leather/test/good/028.png",
        "MVTec/leather/test/good/029.png",
        "MVTec/leather/test/good/030.png",
        "MVTec/leather/test/good/031.png",
        "MVTec/leather/test/poke/000.png",
        "MVTec/leather/test/poke/001.png",
        "MVTec/leather/test/poke/002.png",
