{
    "shared_fpr_metric": "mean-per-image-fpr",
    "fpr_lower_bound": 1e-05,
    "fpr_upper_bound": 0.0001,
    "num_threshs": 3477,
    "thresh_lower_bound": -0.3897516429424286,
    "thresh_upper_bound": -0.33409857749938965,
    "aupimos": [
        0.0,
        0.9995202250024532,
        0.9039904311240181,
        0.999971084624517,
        0.41308705135948115,
        0.999971084624517,
        0.14007299014371266,
        0.43949481855567774,
        0.9870566026741223,
        0.9985469749091307,
        0.9998716371615771,
        0.999971084624517,
        0.9940204980648956,
        0.8358610156237741,
        0.999971084624517,
        0.22342651070388944,
        0.41797853905212906,
        0.4648637070080802,
        0.14726491964707206,
        0.7124919939352413,
        0.07345836143178877,
        0.9272068341328445,
        0.3374915318987084,
        0.07607518428679277,
        0.4122097187219687,
        0.020604115370744296,
        0.0009895064120484087,
        0.28380949686397183,
        0.06328427817292381,
        0.4687727244198255,
        0.9637991021654886,
        0.020389377860670934,
        0.6105760350896173,
        0.9142524227045786,
        0.8405604306327482,
        0.04408045950957445,
        0.6294123987476149,
        0.0,
        0.48245916795540444,
        0.15528283336078744,
        0.9462638894879575,
        0.999971084624517,
        0.9461316228762985,
        0.999971084624517,
        0.9906250777300156,
        0.9874403116719275,
        0.9995716373303423,
        0.10457565841602673,
        0.0,
        0.04253098931326138,
        0.9998485611406638,
        0.03303740807699435,
        0.02562315809250762,
        0.893382000187899,
        0.9969394136145526,
        0.9851158783160456,
        0.8487715601120589,
        0.1540351468874352,
        0.0,
        0.9509267931278809,
        0.8994801825208375,
        0.3604834850600358,
        0.9634555796052876,
        0.7680992852476854,
        0.7292011131878643,
        0.7742103828720015,
        0.35655299135229346,
        0.3774346165795291,
        0.8031856131543479,
        0.585148569157158,
        0.984362712152248,
        0.96212478034668,
        0.8352699648040083,
        0.016854459322978063,
        0.5421434821414366,
        0.05162172110972596,
        0.15303832502298886,
        0.4245501729063827,
        0.6326260105590917,
        0.8904640246569611,
        0.7067117642021647,
        0.5716246901802349,
        0.8423275948749928,
        0.6925179982011409,
        0.045725686670216044,
        0.7245713411418708,
        0.9024318181012833,
        0.8473164643110663,
        0.9199476241479249,
        0.6237267121068643,
        0.9340620064677949,
        0.8593381240069684,
        0.5083265020654891,
        0.7374264772079341,
        0.7061094759880805,
        0.8400677367718095,
        0.2647980905718475,
        0.6012263034685864,
        0.7405798399563202,
        0.9992689483455357,
        NaN,
        NaN,
        NaN,
        NaN,
        NaN,
        NaN,
        NaN,
        NaN,
        NaN,
        NaN,
        NaN,
        NaN,
        NaN,
        NaN,
        NaN,
        NaN,
        NaN,
        NaN,
        NaN,
        NaN,
        NaN,
        NaN,
        NaN,
        NaN,
        NaN,
        NaN,
        NaN,
        NaN,
        NaN,
        NaN,
        NaN,
        NaN,
        NaN,
        NaN,
        NaN,
        NaN,
        NaN,
        NaN,
        NaN,
        NaN,
        NaN,
        NaN,
        NaN,
        NaN,
        NaN,
        NaN,
        NaN,
        NaN,
        NaN,
        NaN,
        NaN,
        NaN,
        NaN,
        NaN,
        NaN,
        NaN,
        NaN,
        NaN,
        NaN,
        NaN,
        NaN,
        NaN,
        NaN,
        NaN,
        NaN,
        NaN,
        NaN,
        NaN,
        NaN,
        NaN,
        NaN,
        NaN,
        NaN,
        NaN,
        NaN,
        NaN,
        NaN,
        NaN,
        NaN,
        NaN,
        NaN,
        NaN,
        NaN,
        NaN,
        NaN,
        NaN,
        NaN,
        NaN,
        NaN,
        NaN,
        NaN,
        NaN,
        NaN,
        NaN,
        NaN,
        NaN,
        NaN,
        NaN,
        NaN,
        NaN
    ],