{
    "shared_fpr_metric": "mean-per-image-fpr",
    "fpr_lower_bound": 1e-05,
    "fpr_upper_bound": 0.0001,
    "num_threshs": 4506,
    "thresh_lower_bound": 0.4068572920197748,
    "thresh_upper_bound": 0.47479036198979313,
    "aupimos": [
        0.0,
        0.9935600477475748,
        1.0,
        0.826649231109598,
        1.0,
        0.9749115023958516,
        0.6915816708529766,
        1.0,
        1.0,
        1.0,
        0.0,
        0.0,
        0.048182077839913975,
        0.00013749719140280898,
        0.0,
        0.0,
        0.0,
        0.0,
        0.0,
        0.0,
        1.0,
        0.2076437194884548,
        0.026618738712104087,
        0.0,
        0.0,
        0.0,
        0.4391580640840318,
        0.0,
        0.9136240597843883,
        0.0,
        0.754782099185078,
        0.0,
        0.0,
        0.0,
        0.0007538242690394501,
        0.8544412498897301,
        0.0,
        0.0,
        0.0,
        0.0,
        0.0,
        0.9090951937665717,
        0.8621506757520472,
        1.0,
        0.0,
        1.0,
        0.7314568435422585,
        0.8188767099106088,
        0.0,
        0.0,
        0.0,
        0.0,
        0.21995111269235681,
        0.35389692324340905,
        0.0,
        0.6306213683823285,
        0.0,
        1.0,
        0.0,
        0.0,
        0.0,
        0.843648771206673,
        0.08781249870631502,
        1.0,
        0.9034388892907114,
        0.676451754173015,
        0.6926186449357833,
        0.47858592259719684,
        0.633201025986232,
        0.0,
        0.7537403593722445,
        0.5330510525726377,
        0.5591401779088894,
        0.8916541253124001,
        0.8523978881539954,
        0.5967235876470713,
        0.8114251302200008,
        0.7119324695322993,
        0.9927149466174632,
        0.9384852685134609,
        0.9221757927775786,
        0.9381336889811216,
        0.07958006678834484,
        0.5156496970569134,
        0.8452762417928977,
        0.9353380568305265,
        0.7029403930691329,
        1.0,
        0.35851842312076543,
        0.35712819627499326,
        0.5791003390103172,
        0.35952575246742424,
        0.9897155544788999,
        0.9021629337505566,
        0.3553917528105424,
        0.1307846371581261,
        1.0,
        0.5645645077393155,
        0.2582650862589747,
        0.7733800899756571,
        NaN,
        NaN,
        NaN,
        NaN,
        NaN,
        NaN,
        NaN,
        NaN,
        NaN,
        NaN,
        NaN,
        NaN,
        NaN,
        NaN,
        NaN,
        NaN,
        NaN,
        NaN,
        NaN,
        NaN,
        NaN,
        NaN,
        NaN,
        NaN,
        NaN,
        NaN,
        NaN,
        NaN,
        NaN,
        NaN,
        NaN,
        NaN,
        NaN,
        NaN,
        NaN,
        NaN,
        NaN,
        NaN,
        NaN,
        NaN,
        NaN,
        NaN,
        NaN,
        NaN,
        NaN,
        NaN,
        NaN,
        NaN,
        NaN,
        NaN,
        NaN,
        NaN,
        NaN,
        NaN,
        NaN,
        NaN,
        NaN,
        NaN,
        NaN,
        NaN,
        NaN,
        NaN,
        NaN,
        NaN,
        NaN,
        NaN,
        NaN,
        NaN,
        NaN,
        NaN,
        NaN,
        NaN,
        NaN,
        NaN,
        NaN,
        NaN,
        NaN,
        NaN,
        NaN,
        NaN,
        NaN,
        NaN,
        NaN,
        NaN,
        NaN,
        NaN,
        NaN,
        NaN,
        NaN,
        NaN,
        NaN,
        NaN,
        NaN,
        NaN,
        NaN,
        NaN,
        NaN,
        NaN,
        NaN,
        NaN
    ],
    "paths": [
        "VisA/visa_pytorch/candle/test/bad/000.JPG",
        "VisA/visa_pytorch/candle/test/bad/001.JPG",
        "VisA/visa_pytorch/candle/test/bad/002.JPG",
        "VisA/visa_pytorch/candle/test/bad/003.JPG",
        "VisA/visa_pytorch/candle/test/bad/004.JPG",
        "VisA/visa_pytorch/candle/test/bad/005.JPG",
        "VisA/visa_pytorch/candle/test/bad/006.JPG",
        "VisA/visa_pytorch/candle/test/bad/007.JPG",
        "VisA/visa_pytorch/candle/test/bad/008.JPG",
        "VisA/visa_pytorch/candle/test/bad/009.JPG",
        "VisA/visa_pytorch/candle/test/bad/010.JPG",
        "VisA/visa_pytorch/candle/test/bad/011.JPG",
        "VisA/visa_pytorch/candle/test/bad/012.JPG",
        "VisA/visa_pytorch/candle/test/bad/013.JPG",
        "VisA/visa_pytorch/candle/test/bad/014.JPG",
        "VisA/visa_pytorch/candle/test/bad/015.JPG",
        "VisA/visa_pytorch/candle/test/bad/016.JPG",
        "VisA/visa_pytorch/candle/test/bad/017.JPG",
        "VisA/visa_pytorch/candle/test/bad/018.JPG",
        "VisA/visa_pytorch/candle/test/bad/019.JPG",
        "VisA/visa_pytorch/candle/test/bad/020.JPG",
        "VisA/visa_pytorch/candle/test/bad/021.JPG",
        "VisA/visa_pytorch/candle/test/bad/022.JPG",
        "VisA/visa_pytorch/candle/test/bad/023.JPG",
        "VisA/visa_pytorch/candle/test/bad/024.JPG",
        "VisA/visa_pytorch/candle/test/bad/025.JPG",
        "VisA/visa_pytorch/candle/test/bad/026.JPG",
        "VisA/visa_pytorch/candle/test/bad/027.JPG",
        "VisA/visa_pytorch/candle/test/bad/028.JPG",
        "VisA/visa_pytorch/candle/test/bad/029.JPG",
        "VisA/visa_pytorch/candle/test/bad/030.JPG",
        "VisA/visa_pytorch/candle/test/bad/031.JPG",
        "VisA/visa_pytorch/candle/test/bad/032.JPG",
        "VisA/visa_pytorch/candle/test/bad/033.JPG",
        "VisA/visa_pytorch/candle/test/bad/034.JPG",
        "VisA/visa_pytorch/candle/test/bad/035.JPG",
        "VisA/visa_pytorch/candle/test/bad/036.JPG",
        "VisA/visa_pytorch/candle/test/bad/037.JPG",
        "VisA/visa_pytorch/candle/test/bad/038.JPG",
        "VisA/visa_pytorch/candle/test/bad/039.JPG",
        "VisA/visa_pytorch/candle/test/bad/040.JPG",
        "VisA/visa_pytorch/candle/test/bad/041.JPG",
        "VisA/visa_pytorch/candle/test/bad/042.JPG",
        "VisA/visa_pytorch/candle/test/bad/043.JPG",
        "VisA/visa_pytorch/candle/test/bad/044.JPG",
        "VisA/visa_pytorch/candle/test/bad/045.JPG",
        "VisA/visa_pytorch/candle/test/bad/046.JPG",
        "VisA/visa_pytorch/candle/test/bad/047.JPG",
        "VisA/visa_pytorch/candle/test/bad/048.JPG",
        "VisA/visa_pytorch/candle/test/bad/049.JPG",
        "VisA/visa_pytorch/candle/test/bad/050.JPG",
        "VisA/visa_pytorch/candle/test/bad/051.JPG",
        "VisA/visa_pytorch/candle/test/bad/052.JPG",
        "VisA/visa_pytorch/candle/test/bad/053.JPG",
        "VisA/visa_pytorch/candle/test/bad/054.JPG",
        "VisA/visa_pytorch/candle/test/bad/055.JPG",
        "VisA/visa_pytorch/candle/test/bad/056.JPG",
        "VisA/visa_pytorch/candle/test/bad/057.JPG",
        "VisA/visa_pytorch/candle/test/bad/058.JPG",
        "VisA/visa_pytorch/candle/test/bad/059.JPG",
        "VisA/visa_pytorch/candle/test/bad/060.JPG",
        "VisA/visa_pytorch/candle/test/bad/061.JPG",
        "VisA/visa_pytorch/candle/test/bad/062.JPG",
        "VisA/visa_pytorch/candle/test/bad/063.JPG",
        "VisA/visa_pytorch/candle/test/bad/064.JPG",
        "VisA/visa_pytorch/candle/test/bad/065.JPG",
        "VisA/visa_pytorch/candle/test/bad/066.JPG",
        "VisA/visa_pytorch/candle/test/bad/067.JPG",
        "VisA/visa_pytorch/candle/test/bad/068.JPG",
        "VisA/visa_pytorch/candle/test/bad/069.JPG",
        "VisA/visa_pytorch/candle/test/bad/070.JPG",
        "VisA/visa_pytorch/candle/test/bad/071.JPG",
        "VisA/visa_pytorch/candle/test/bad/072.JPG",
        "VisA/visa_pytorch/candle/test/bad/073.JPG",
        "VisA/visa_pytorch/candle/test/bad/074.JPG",
        "VisA/visa_pytorch/candle/test/bad/075.JPG",
        "VisA/visa_pytorch/candle/test/bad/076.JPG",
        "VisA/visa_pytorch/candle/test/bad/077.JPG",
        "VisA/visa_pytorch/candle/test/bad/078.JPG",
        "VisA/visa_pytorch/candle/test/bad/079.JPG",
        "VisA/visa_pytorch/candle/test/bad/080.JPG",
