{
    "shared_fpr_metric": "mean-per-image-fpr",
    "fpr_lower_bound": 1e-05,
    "fpr_upper_bound": 0.0001,
    "num_threshs": 9155,
    "thresh_lower_bound": 192.77191162109375,
    "thresh_upper_bound": 258.8002624511719,
    "aupimos": [
        0.9993532471151669,
        0.9237727232466526,
        0.9229927038381894,
        0.3499420717337961,
        0.0,
        0.583068908955036,
        0.9813944678329706,
        0.570544560017457,
        0.9247365202681889,
        0.029928722742951226,
        0.9993532471151669,
        0.9191381904557137,
        0.449389659434552,
        0.46281053483691664,
        0.7533523238875112,
        0.9030059318602845,
        0.9989070261843099,
        0.8170808204548443,
        0.9888211722113142,
        0.9993532471151669,
        0.7588786842816355,
        0.06275753468189912,
        0.9993532471151669,
        0.9078644787408001,
        0.9844135860324922,
        0.8774737857097971,
        0.9993532471151669,
        0.9993532471151669,
        0.0020913061733788055,
        0.4755422621675918,
        0.8004757459395464,
        0.9455738525601627,
        0.6095947834900276,
        0.5527159708930985,
        0.71107215574372,
        0.9963914334606776,
        0.9964145855955341,
        0.6158250939622634,
        0.9990844251830017,
        0.7533687006476177,
        0.6704836613084559,
        0.7238728203206172,
        0.47300062113859737,
        0.7240216877618645,
        0.7319393052252409,
        0.09912244825498792,
        0.059473989885608876,
        0.24149353676157936,
        0.16994496717974897,
        0.6231443825297885,
        0.8325207791549738,
        0.46593280091158157,
        0.8087026661089523,
        0.6557500322601335,
        0.38227173447759855,
        0.9993532471151669,
        0.9992461016865816,
        0.9993532471151669,
        0.968095518994454,
        0.2526840661047348,
        0.9993532471151669,
        0.9993532471151669,
        0.9993532471151669,
        0.9993532471151669,
        0.9993532471151669,
        0.0,
        0.9993532471151669,
        0.9523347489512446,
        0.9993532471151669,
        0.9993532471151669,
        0.9993532471151669,
        0.48180892887472204,
        0.9950305672237606,
        0.9993532471151669,
        NaN,
        NaN,
        NaN,
        NaN,
        NaN,
        NaN,
        NaN,
        NaN,
        NaN,
        NaN,
        NaN,
        NaN,
        NaN,
        NaN,
        NaN,
        NaN,
        NaN,
        NaN,
        NaN,
        NaN,
        NaN,
        NaN,
        NaN,
        NaN,
        NaN,
        NaN,
        NaN,
        NaN,
        NaN,
        NaN,
        NaN,
        NaN,
        0.9993532471151669,
        0.6758103817225557,
        0.9851458256124218,
        0.9993532471151669,
        0.9993532471151669,
        0.9993532471151669,
        0.9993532471151669,
        0.9911582917007568,
        0.9993532471151669,
        0.9993532471151669,
        0.9993532471151669,
        0.9895216468831312,
        0.9993532471151669,
        0.9993532471151669,
        0.9871197122201312,
        0.9993532471151669,
        0.9993532471151669,
        0.9993532471151669
    ],
    "paths": [
        "MVTec/leather/test/color/000.png",
        "MVTec/leather/test/color/001.png",
        "MVTec/leather/test/color/002.png",
        "MVTec/leather/test/color/003.png",
        "MVTec/leather/test/color/004.png",
        "MVTec/leather/test/color/005.png",
        "MVTec/leather/test/color/006.png",
        "MVTec/leather/test/color/007.png",
        "MVTec/leather/test/color/008.png",
        "MVTec/leather/test/color/009.png",
        "MVTec/leather/test/color/010.png",
        "MVTec/leather/test/color/011.png",
        "MVTec/leather/test/color/012.png",
        "MVTec/leather/test/color/013.png",
        "MVTec/leather/test/color/014.png",
        "MVTec/leather/test/color/015.png",
        "MVTec/leather/test/color/016.png",
        "MVTec/leather/test/color/017.png",
        "MVTec/leather/test/color/018.png",
        "MVTec/leather/test/cut/000.png",
        "MVTec/leather/test/cut/001.png",
        "MVTec/leather/test/cut/002.png",
        "MVTec/leather/test/cut/003.png",
        "MVTec/leather/test/cut/004.png",
        "MVTec/leather/test/cut/005.png",
        "MVTec/leather/test/cut/006.png",
        "MVTec/leather/test/cut/007.png",
        "MVTec/leather/test/cut/008.png",
        "MVTec/leather/test/cut/009.png",
        "MVTec/leather/test/cut/010.png",
        "MVTec/leather/test/cut/011.png",
        "MVTec/leather/test/cut/012.png",
        "MVTec/leather/test/cut/013.png",
        "MVTec/leather/test/cut/014.png",
        "MVTec/leather/test/cut/015.png",
        "MVTec/leather/test/cut/016.png",
        "MVTec/leather/test/cut/017.png",
        "MVTec/leather/test/cut/018.png",
        "MVTec/leather/test/fold/000.png",
        "MVTec/leather/test/fold/001.png",
        "MVTec/leather/test/fold/002.png",
        "MVTec/leather/test/fold/003.png",
        "MVTec/leather/test/fold/004.png",
        "MVTec/leather/test/fold/005.png",
        "MVTec/leather/test/fold/006.png",
        "MVTec/leather/test/fold/007.png",
        "MVTec/leather/test/fold/008.png",
        "MVTec/leather/test/fold/009.png",
        "MVTec/leather/test/fold/010.png",
        "MVTec/leather/test/fold/011.png",
        "MVTec/leather/test/fold/012.png",
        "MVTec/leather/test/fold/013.png",
        "MVTec/leather/test/fold/014.png",
        "MVTec/leather/test/fold/015.png",
        "MVTec/leather/test/fold/016.png",
        "MVTec/leather/test/glue/000.png",
        "MVTec/leather/test/glue/001.png",
        "MVTec/leather/test/glue/002.png",
        "MVTec/leather/test/glue/003.png",
        "MVTec/leather/test/glue/004.png",
        "MVTec/leather/test/glue/005.png",
        "MVTec/leather/test/glue/006.png",
        "MVTec/leather/test/glue/007.png",
        "MVTec/leather/test/glue/008.png",
        "MVTec/leather/test/glue/009.png",
        "MVTec/leather/test/glue/010.png",
        "MVTec/leather/test/glue/011.png",
        "MVTec/leather/test/glue/012.png",
        "MVTec/leather/test/glue/013.png",
        "MVTec/leather/test/glue/014.png",
        "MVTec/leather/test/glue/015.png",
        "MVTec/leather/test/glue/016.png",
        "MVTec/leather/test/glue/017.png",
        "MVTec/leather/test/glue/018.png",
        "MVTec/leather/test/good/000.png",
        "MVTec/leather/test/good/001.png",
        "MVTec/leather/test/good/002.png",
        "MVTec/leather/test/good/003.png",
        "MVTec/leather/test/good/004.png",
        "MVTec/leather/test/good/005.png",
        "MVTec/leather/test/good/006.png",
        "MVTec/leather/test/good/007.png",
        "MVTec/leather/test/good/008.png",
        "MVTec/leather/test/good/009.png",
        "MVTec/leather/test/good/010.png",
        "MVTec/leather/test/good/011.png",
        "MVTec/leather/test/good/012.png",
        "MVTec/leather/test/good/013.png",
        "MVTec/leather/test/good/014.png",
        "MVTec/leather/test/good/015.png",
        "MVTec/leather/test/good/016.png",
        "MVTec/leather/test/good/017.png",
        "MVTec/leather/test/good/018.png",
        "MVTec/leather/test/good/019.png",
        "MVTec/leather/test/good/020.png",
        "MVTec/leather/test/good/021.png",
        "MVTec/leather/test/good/022.png",
        "MVTec/leather/test/good/023.png",
        "MVTec/leather/test/good/024.png",
        "MVTec/leather/test/good/025.png",
        "MVTec/leather/test/good/026.png",
        "MVTec/leather/test/good/027.png",
        "MVTec/leather/test/good/028.png",
        "MVTec/leather/test/good/029.png",
        "MVTec/leather/test/good/030.png",
        "MVTec/leather/test/good/031.png",
        "MVTec/leather/test/poke/000.png",
        "MVTec/leather/test/poke/001.png",
        "MVTec/leather/test/poke/002.png",
        "MVTec/leather/test/poke/003.png",
