{
    "shared_fpr_metric": "mean-per-image-fpr",
    "fpr_lower_bound": 1e-05,
    "fpr_upper_bound": 0.0001,
    "num_threshs": null,
    "thresh_lower_bound": -0.20441223680973053,
    "thresh_upper_bound": -0.13592597842216492,
    "aupimos": [
        0.652132544593184,
        0.5231736039849832,
        0.5560329805999693,
        0.6799074134000662,
        0.6865035468839145,
        0.3416335121107617,
        0.7599429385347145,
        0.7591624469905879,
        0.6349065570254013,
        0.6935739372881017,
        0.6326144683725335,
        0.43452668079793666,
        0.8312979362919147,
        0.28957870986242,
        0.5732940670847572,
        0.4299435786792514,
        0.6060062156587435,
        0.21395843731274075,
        0.2959665420978847,
        0.08253456878486183,
        0.07750211357233086,
        0.18834170965380567,
        0.12985301355962603,
        0.12688350171386295,
        0.07106778959337981,
        0.23249399363680812,
        0.27815343368600653,
        0.11893838346860476,
        0.09930898692050016,
        0.19749256897252782,
        0.10292077090746307,
        0.20870219869979065,
        0.2501866905644923,
        0.07981608984463973,
        0.18767256518517073,
        NaN,
        NaN,
        NaN,
        NaN,
        NaN,
        NaN,
        NaN,
        NaN,
        NaN,
        NaN,
        NaN,
        NaN,
        NaN,
        NaN,
        NaN,
        NaN,
        NaN,
        NaN,
        NaN,
        NaN,
        NaN,
        NaN,
        NaN,
        NaN,
        NaN,
        NaN,
        NaN,
        NaN,
        NaN,
        NaN,
        NaN,
        NaN,
        NaN,
        0.19308039995424803,
        0.02594984047030293,
        0.011864652089311218,
        0.002865862284076498,
        0.02777188250564383,
        0.04923994047208132,
        0.14494450678513487,
        0.2538835350721899,
        0.11296435623570796,
        0.1127722381451309,
        0.08010810083578211,
        0.07373793208947214,
        0.05583330443986098,
        0.2109721127112866,
        0.1321091923455354,
        0.2599413109715442,
        0.2177353860979965,
        0.5983026796689347,
        0.6059202926827122,
        0.35121892127361626,
        0.5610207322830536,
        0.37199758587545406,
        0.6097810028539038,
        0.4835370463751775,
        0.44804436048848056,
        0.4832353856365787,
        0.5067509313792209,
        0.5733808239941034,
        0.7133553889121389,
        0.6112311260393509,
        0.3979216623404672,
        0.4531311712200024,
        0.27572247834030783,
        0.38321097617670297,
        3.0882396983571856e-05,
        0.010286563325802916,
        0.0,
        0.00010824434903861964,
        0.133561084772777,
        0.04454026730054111,
        0.005475263790287644,
        0.027872825424592677,
        0.18275272818526458,
        0.08891880218765205,
        0.0024374439075275926,
        0.0416818739777069,
        0.002058465526013063,
        0.0010127532886474305,
        0.08491482141443818
    ],
    "paths": [
        "MVTec/tile/test/crack/000.png",
        "MVTec/tile/test/crack/001.png",
        "MVTec/tile/test/crack/002.png",
        "MVTec/tile/test/crack/003.png",
        "MVTec/tile/test/crack/004.png",
        "MVTec/tile/test/crack/005.png",
        "MVTec/tile/test/crack/006.png",
        "MVTec/tile/test/crack/007.png",
        "MVTec/tile/test/crack/008.png",
        "MVTec/tile/test/crack/009.png",
        "MVTec/tile/test/crack/010.png",
        "MVTec/tile/test/crack/011.png",
        "MVTec/tile/test/crack/012.png",
        "MVTec/tile/test/crack/013.png",
        "MVTec/tile/test/crack/014.png",
        "MVTec/tile/test/crack/015.png",
        "MVTec/tile/test/crack/016.png",
        "MVTec/tile/test/glue_strip/000.png",
        "MVTec/tile/test/glue_strip/001.png",
        "MVTec/tile/test/glue_strip/002.png",
        "MVTec/tile/test/glue_strip/003.png",
        "MVTec/tile/test/glue_strip/004.png",
        "MVTec/tile/test/glue_strip/005.png",
        "MVTec/tile/test/glue_strip/006.png",
        "MVTec/tile/test/glue_strip/007.png",
        "MVTec/tile/test/glue_strip/008.png",
        "MVTec/tile/test/glue_strip/009.png",
        "MVTec/tile/test/glue_strip/010.png",
        "MVTec/tile/test/glue_strip/011.png",
        "MVTec/tile/test/glue_strip/012.png",
        "MVTec/tile/test/glue_strip/013.png",
        "MVTec/tile/test/glue_strip/014.png",
        "MVTec/tile/test/glue_strip/015.png",
        "MVTec/tile/test/glue_strip/016.png",
        "MVTec/tile/test/glue_strip/017.png",
        "MVTec/tile/test/good/000.png",
        "MVTec/tile/test/good/001.png",
        "MVTec/tile/test/good/002.png",
        "MVTec/tile/test/good/003.png",
        "MVTec/tile/test/good/004.png",
        "MVTec/tile/test/good/005.png",
        "MVTec/tile/test/good/006.png",
        "MVTec/tile/test/good/007.png",
        "MVTec/tile/test/good/008.png",
        "MVTec/tile/test/good/009.png",
        "MVTec/tile/test/good/010.png",
        "MVTec/tile/test/good/011.png",
        "MVTec/tile/test/good/012.png",
        "MVTec/tile/test/good/013.png",
        "MVTec/tile/test/good/014.png",
        "MVTec/tile/test/good/015.png",
        "MVTec/tile/test/good/016.png",
        "MVTec/tile/test/good/017.png",
        "MVTec/tile/test/good/018.png",
        "MVTec/tile/test/good/019.png",
        "MVTec/tile/test/good/020.png",
        "MVTec/tile/test/good/021.png",
        "MVTec/tile/test/good/022.png",
        "MVTec/tile/test/good/023.png",
        "MVTec/tile/test/good/024.png",
        "MVTec/tile/test/good/025.png",
        "MVTec/tile/test/good/026.png",
        "MVTec/tile/test/good/027.png",
        "MVTec/tile/test/good/028.png",
        "MVTec/tile/test/good/029.png",
        "MVTec/tile/test/good/030.png",
        "MVTec/tile/test/good/031.png",
        "MVTec/tile/test/good/032.png",
        "MVTec/tile/test/gray_stroke/000.png",
        "MVTec/tile/test/gray_stroke/001.png",
        "MVTec/tile/test/gray_stroke/002.png",
        "MVTec/tile/test/gray_stroke/003.png",
        "MVTec/tile/test/gray_stroke/004.png",
        "MVTec/tile/test/gray_stroke/005.png",
        "MVTec/tile/test/gray_stroke/006.png",
        "MVTec/tile/test/gray_stroke/007.png",
        "MVTec/tile/test/gray_stroke/008.png",
        "MVTec/tile/test/gray_stroke/009.png",
        "MVTec/tile/test/gray_stroke/010.png",
        "MVTec/tile/test/gray_stroke/011.png",
        "MVTec/tile/test/gray_stroke/012.png",
        "MVTec/tile/test/gray_stroke/013.png",
        "MVTec/tile/test/gray_stroke/014.png",
        "MVTec/tile/test/gray_stroke/015.png",
        "MVTec/tile/test/oil/000.png",
        "MVTec/tile/test/oil/001.png",
        "MVTec/tile/test/oil/002.png",
        "MVTec/tile/test/oil/003.png",
        "MVTec/tile/test/oil/004.png",
        "MVTec/tile/test/oil/005.png",
        "MVTec/tile/test/oil/006.png",
        "MVTec/tile/test/oil/007.png",
        "MVTec/tile/test/oil/008.png",
        "MVTec/tile/test/oil/009.png",
        "MVTec/tile/test/oil/010.png",
        "MVTec/tile/test/oil/011.png",
        "MVTec/tile/test/oil/012.png",
        "MVTec/tile/test/oil/013.png",
        "MVTec/tile/test/oil/014.png",
        "MVTec/tile/test/oil/015.png",
        "MVTec/tile/test/oil/016.png",
        "MVTec/tile/test/oil/017.png",
        "MVTec/tile/test/rough/000.png",
        "MVTec/tile/test/rough/001.png",
        "MVTec/tile/test/rough/002.png",
        "MVTec/tile/test/rough/003.png",
        "MVTec/tile/test/rough/004.png",
        "MVTec/tile/test/rough/005.png",
        "MVTec/tile/test/rough/006.png",
        "MVTec/tile/test/rough/007.png",
        "MVTec/tile/test/rough/008.png",
        "MVTec/tile/test/rough/009.png",
        "MVTec/tile/test/rough/010.png",
        "MVTec/tile/test/rough/011.png",
        "MVTec/tile/test/rough/012.png",
        "MVTec/tile/test/rough/013.png",
