{
    "shared_fpr_metric": "mean-per-image-fpr",
    "fpr_lower_bound": 1e-05,
    "fpr_upper_bound": 0.0001,
    "num_threshs": null,
    "thresh_lower_bound": 153.6470489501953,
    "thresh_upper_bound": 175.29090881347656,
    "aupimos": [
        0.9933918415073774,
        0.9253863436175077,
        0.14701457713933197,
        0.9930710052625463,
        0.9933918415073774,
        0.1250968582510377,
        0.3165841040908203,
        0.9933918415073774,
        0.9933918415073774,
        0.50341603137652,
        0.5126533935890282,
        0.9933918415073774,
        0.9933918415073774,
        0.9933918415073774,
        0.28495375340010387,
        0.9933918415073774,
        0.7656046232576096,
        0.2719423115093242,
        0.9912465862409572,
        0.866331043376605,
        0.8973180546101736,
        0.9866098562903713,
        0.9874418520822651,
        0.6087081465471872,
        0.720740087021715,
        0.8913717018837741,
        0.6527440929999895,
        0.27258687596088765,
        0.7465002935706978,
        0.7691814703169397,
        0.8176124204847467,
        0.8677475674390114,
        0.7188617944460254,
        0.7890185872369266,
        0.9079183268359371,
        0.44240103537955877,
        NaN,
        NaN,
        NaN,
        NaN,
        NaN,
        NaN,
        NaN,
        NaN,
        NaN,
        NaN,
        NaN,
        NaN,
        NaN,
        NaN,
        NaN,
        NaN,
        NaN,
        NaN,
        NaN,
        NaN,
        NaN,
        NaN,
        NaN,
        NaN,
        NaN,
        NaN,
        NaN,
        NaN,
        0.8435994675652712,
        0.0,
        0.7957392318882165,
        0.8999147138289992,
        0.9933918415073774,
        0.9847875460820565,
        0.9426520998310296,
        0.9933918415073774,
        0.9933918415073774,
        0.8518309292039858,
        0.9933918415073774,
        0.9933918415073774,
        0.8373329004914651,
        0.9699778799663985,
        0.9933918415073774,
        0.9933918415073774,
        0.9002091987317551,
        0.0,
        0.614093610463817,
        0.8862175082067737,
        0.9933918415073774,
        0.9933918415073774,
        0.9933918415073774,
        0.9933918415073774,
        0.9933918415073774,
        0.9933918415073774,
        0.9694751015809392,
        0.9933918415073774,
        0.9933918415073774,
        0.9933918415073774,
        0.9933918415073774,
        0.9933918415073774,
        0.9933918415073774,
        0.9933918415073774,
        0.9662653313201562,
        0.9356761163755926,
        0.9738607402127513,
        0.9933918415073774,
        0.9384450566389836,
        0.9933918415073774,
        0.9933918415073774,
        0.8844381475262385,
        0.9378954460321609,
        0.0,
        0.9541424323544938,
        0.9933658525429688,
        0.6598569765014249,
        0.7322794125359484,
        0.7624218704688414,
        0.04188983811623879,
        0.8318418361661287,
        0.9933918415073774,
        0.0
    ],
    "paths": [
        "MVTec/carpet/test/color/000.png",
        "MVTec/carpet/test/color/001.png",
        "MVTec/carpet/test/color/002.png",
        "MVTec/carpet/test/color/003.png",
        "MVTec/carpet/test/color/004.png",
        "MVTec/carpet/test/color/005.png",
        "MVTec/carpet/test/color/006.png",
        "MVTec/carpet/test/color/007.png",
        "MVTec/carpet/test/color/008.png",
        "MVTec/carpet/test/color/009.png",
        "MVTec/carpet/test/color/010.png",
        "MVTec/carpet/test/color/011.png",
        "MVTec/carpet/test/color/012.png",
        "MVTec/carpet/test/color/013.png",
        "MVTec/carpet/test/color/014.png",
        "MVTec/carpet/test/color/015.png",
        "MVTec/carpet/test/color/016.png",
        "MVTec/carpet/test/color/017.png",
        "MVTec/carpet/test/color/018.png",
        "MVTec/carpet/test/cut/000.png",
        "MVTec/carpet/test/cut/001.png",
        "MVTec/carpet/test/cut/002.png",
        "MVTec/carpet/test/cut/003.png",
        "MVTec/carpet/test/cut/004.png",
        "MVTec/carpet/test/cut/005.png",
        "MVTec/carpet/test/cut/006.png",
        "MVTec/carpet/test/cut/007.png",
        "MVTec/carpet/test/cut/008.png",
        "MVTec/carpet/test/cut/009.png",
        "MVTec/carpet/test/cut/010.png",
        "MVTec/carpet/test/cut/011.png",
        "MVTec/carpet/test/cut/012.png",
        "MVTec/carpet/test/cut/013.png",
        "MVTec/carpet/test/cut/014.png",
        "MVTec/carpet/test/cut/015.png",
        "MVTec/carpet/test/cut/016.png",
        "MVTec/carpet/test/good/000.png",
        "MVTec/carpet/test/good/001.png",
        "MVTec/carpet/test/good/002.png",
        "MVTec/carpet/test/good/003.png",
        "MVTec/carpet/test/good/004.png",
        "MVTec/carpet/test/good/005.png",
        "MVTec/carpet/test/good/006.png",
        "MVTec/carpet/test/good/007.png",
        "MVTec/carpet/test/good/008.png",
        "MVTec/carpet/test/good/009.png",
        "MVTec/carpet/test/good/010.png",
        "MVTec/carpet/test/good/011.png",
        "MVTec/carpet/test/good/012.png",
        "MVTec/carpet/test/good/013.png",
        "MVTec/carpet/test/good/014.png",
        "MVTec/carpet/test/good/015.png",
        "MVTec/carpet/test/good/016.png",
        "MVTec/carpet/test/good/017.png",
        "MVTec/carpet/test/good/018.png",
        "MVTec/carpet/test/good/019.png",
        "MVTec/carpet/test/good/020.png",
        "MVTec/carpet/test/good/021.png",
        "MVTec/carpet/test/good/022.png",
        "MVTec/carpet/test/good/023.png",
        "MVTec/carpet/test/good/024.png",
        "MVTec/carpet/test/good/025.png",
        "MVTec/carpet/test/good/026.png",
        "MVTec/carpet/test/good/027.png",
        "MVTec/carpet/test/hole/000.png",
        "MVTec/carpet/test/hole/001.png",
        "MVTec/carpet/test/hole/002.png",
        "MVTec/carpet/test/hole/003.png",
        "MVTec/carpet/test/hole/004.png",
        "MVTec/carpet/test/hole/005.png",
        "MVTec/carpet/test/hole/006.png",
        "MVTec/carpet/test/hole/007.png",
        "MVTec/carpet/test/hole/008.png",
        "MVTec/carpet/test/hole/009.png",
        "MVTec/carpet/test/hole/010.png",
        "MVTec/carpet/test/hole/011.png",
        "MVTec/carpet/test/hole/012.png",
        "MVTec/carpet/test/hole/013.png",
        "MVTec/carpet/test/hole/014.png",
        "MVTec/carpet/test/hole/015.png",
        "MVTec/carpet/test/hole/016.png",
        "MVTec/carpet/test/metal_contamination/000.png",
        "MVTec/carpet/test/metal_contamination/001.png",
        "MVTec/carpet/test/metal_contamination/002.png",
        "MVTec/carpet/test/metal_contamination/003.png",
        "MVTec/carpet/test/metal_contamination/004.png",
        "MVTec/carpet/test/metal_contamination/005.png",
        "MVTec/carpet/test/metal_contamination/006.png",
        "MVTec/carpet/test/metal_contamination/007.png",
        "MVTec/carpet/test/metal_contamination/008.png",
        "MVTec/carpet/test/metal_contamination/009.png",
        "MVTec/carpet/test/metal_contamination/010.png",
        "MVTec/carpet/test/metal_contamination/011.png",
        "MVTec/carpet/test/metal_contamination/012.png",
        "MVTec/carpet/test/metal_contamination/013.png",
        "MVTec/carpet/test/metal_contamination/014.png",
        "MVTec/carpet/test/metal_contamination/015.png",
        "MVTec/carpet/test/metal_contamination/016.png",
        "MVTec/carpet/test/thread/000.png",
        "MVTec/carpet/test/thread/001.png",
        "MVTec/carpet/test/thread/002.png",
        "MVTec/carpet/test/thread/003.png",
        "MVTec/carpet/test/thread/004.png",
        "MVTec/carpet/test/thread/005.png",
        "MVTec/carpet/test/thread/006.png",
        "MVTec/carpet/test/thread/007.png",
        "MVTec/carpet/test/thread/008.png",
        "MVTec/carpet/test/thread/009.png",
        "MVTec/carpet/test/thread/010.png",
        "MVTec/carpet/test/thread/011.png",
