{
    "shared_fpr_metric": "mean-per-image-fpr",
    "fpr_lower_bound": 1e-05,
    "fpr_upper_bound": 0.0001,
    "num_threshs": null,
    "thresh_lower_bound": -0.2107858806848526,
    "thresh_upper_bound": -0.18653738498687744,
    "aupimos": [
        1.0,
        0.9984985436169272,
        1.0,
        1.0,
        1.0,
        0.9915416385358444,
        1.0,
        1.0,
        0.6897140084891792,
        1.0,
        0.1702772388403652,
        0.9998085429786254,
        1.0,
        0.943265184172981,
        0.9988044613780547,
        0.9963266976372206,
        1.0,
        0.9997390441106535,
        0.9965213348850589,
        NaN,
        NaN,
        NaN,
        NaN,
        NaN,
        NaN,
        NaN,
        NaN,
        NaN,
        NaN,
        NaN,
        NaN,
        NaN,
        NaN,
        NaN,
        NaN,
        NaN,
        NaN,
        NaN,
        0.9931989592997409,
        0.9976437658486266,
        1.0,
        0.9279505090015063,
        0.9367228441607913,
        0.8772622680956605,
        0.4258315540996465,
        0.9755199692799398,
        0.9435301272003165,
        1.0,
        1.0,
        1.0,
        1.0,
        1.0,
        1.0,
        1.0,
        0.9844446761792989,
        1.0,
        1.0,
        0.999184587914017,
        0.8216697257503491,
        0.0,
        1.0,
        0.8029631583142612,
        0.932081652697944,
        0.6773213578917473,
        0.12135105949545114,
        0.9201495675560017,
        0.9946030252613386,
        0.8924977631744353,
        0.42837884337168675,
        0.49073605863737974,
        0.999069805945718,
        0.5923567452561472,
        0.979844222230309,
        0.9821522038274355,
        0.5728623452399773,
        0.657276936737762,
        1.0,
        0.9450255510837575,
        0.8282690496366996
    ],
    "paths": [
        "MVTec/wood/test/color/000.png",
        "MVTec/wood/test/color/001.png",
        "MVTec/wood/test/color/002.png",
        "MVTec/wood/test/color/003.png",
        "MVTec/wood/test/color/004.png",
        "MVTec/wood/test/color/005.png",
        "MVTec/wood/test/color/006.png",
        "MVTec/wood/test/color/007.png",
        "MVTec/wood/test/combined/000.png",
        "MVTec/wood/test/combined/001.png",
        "MVTec/wood/test/combined/002.png",
        "MVTec/wood/test/combined/003.png",
        "MVTec/wood/test/combined/004.png",
        "MVTec/wood/test/combined/005.png",
        "MVTec/wood/test/combined/006.png",
        "MVTec/wood/test/combined/007.png",
        "MVTec/wood/test/combined/008.png",
        "MVTec/wood/test/combined/009.png",
        "MVTec/wood/test/combined/010.png",
        "MVTec/wood/test/good/000.png",
        "MVTec/wood/test/good/001.png",
        "MVTec/wood/test/good/002.png",
        "MVTec/wood/test/good/003.png",
        "MVTec/wood/test/good/004.png",
        "MVTec/wood/test/good/005.png",
        "MVTec/wood/test/good/006.png",
        "MVTec/wood/test/good/007.png",
        "MVTec/wood/test/good/008.png",
        "MVTec/wood/test/good/009.png",
        "MVTec/wood/test/good/010.png",
        "MVTec/wood/test/good/011.png",
        "MVTec/wood/test/good/012.png",
        "MVTec/wood/test/good/013.png",
        "MVTec/wood/test/good/014.png",
        "MVTec/wood/test/good/015.png",
        "MVTec/wood/test/good/016.png",
        "MVTec/wood/test/good/017.png",
        "MVTec/wood/test/good/018.png",
        "MVTec/wood/test/hole/000.png",
        "MVTec/wood/test/hole/001.png",
        "MVTec/wood/test/hole/002.png",
        "MVTec/wood/test/hole/003.png",
        "MVTec/wood/test/hole/004.png",
        "MVTec/wood/test/hole/005.png",
        "MVTec/wood/test/hole/006.png",
        "MVTec/wood/test/hole/007.png",
        "MVTec/wood/test/hole/008.png",
        "MVTec/wood/test/hole/009.png",
        "MVTec/wood/test/liquid/000.png",
        "MVTec/wood/test/liquid/001.png",
        "MVTec/wood/test/liquid/002.png",
        "MVTec/wood/test/liquid/003.png",
        "MVTec/wood/test/liquid/004.png",
        "MVTec/wood/test/liquid/005.png",
        "MVTec/wood/test/liquid/006.png",
        "MVTec/wood/test/liquid/007.png",
        "MVTec/wood/test/liquid/008.png",
        "MVTec/wood/test/liquid/009.png",
        "MVTec/wood/test/scratch/000.png",
        "MVTec/wood/test/scratch/001.png",
        "MVTec/wood/test/scratch/002.png",
        "MVTec/wood/test/scratch/003.png",
        "MVTec/wood/test/scratch/004.png",
        "MVTec/wood/test/scratch/005.png",
        "MVTec/wood/test/scratch/006.png",
        "MVTec/wood/test/scratch/007.png",
        "MVTec/wood/test/scratch/008.png",
        "MVTec/wood/test/scratch/009.png",
        "MVTec/wood/test/scratch/010.png",
        "MVTec/wood/test/scratch/011.png",
        "MVTec/wood/test/scratch/012.png",
        "MVTec/wood/test/scratch/013.png",
        "MVTec/wood/test/scratch/014.png",
        "MVTec/wood/test/scratch/015.png",
        "MVTec/wood/test/scratch/016.png",
        "MVTec/wood/test/scratch/017.png",
        "MVTec/wood/test/scratch/018.png",
        "MVTec/wood/test/scratch/019.png",
        "MVTec/wood/test/scratch/020.png"
    ]
}