{
    "shared_fpr_metric": "mean-per-image-fpr",
    "fpr_lower_bound": 1e-05,
    "fpr_upper_bound": 0.0001,
    "num_threshs": 1397,
    "thresh_lower_bound": -0.21077121794223785,
    "thresh_upper_bound": -0.18652568757534027,
    "aupimos": [
        1.0,
        0.9984984945079814,
        0.9996069377627942,
        0.999068072896544,
        1.0,
        0.9915421003826271,
        1.0,
        1.0,
        0.689715220138097,
        1.0,
        0.17027668731427142,
        0.9998084384771961,
        1.0,
        0.9432655259622497,
        0.9988045988256714,
        0.9963266841619064,
        1.0,
        0.99973929402066,
        0.9965216585673857,
        NaN,
        NaN,
        NaN,
        NaN,
        NaN,
        NaN,
        NaN,
        NaN,
        NaN,
        NaN,
        NaN,
        NaN,
        NaN,
        NaN,
        NaN,
        NaN,
        NaN,
        NaN,
        NaN,
        0.992319602815951,
        0.9976439443309812,
        1.0,
        0.9279509665089078,
        0.9367241993783881,
        0.8772633893438014,
        0.42444737125163395,
        0.9755198963719623,
        0.9435310537984325,
        1.0,
        1.0,
        1.0,
        1.0,
        1.0,
        1.0,
        1.0,
        0.9844450787286908,
        1.0,
        1.0,
        0.9991848851067278,
        0.8216714011669981,
        0.0,
        1.0,
        0.8029634301403848,
        0.9314141552370219,
        0.6771847077908508,
        0.12135188391951643,
        0.9201503139486549,
        0.9936596178725928,
        0.8925016637404563,
        0.42768436831037093,
        0.49073711945652354,
        0.9990698830415446,
        0.5923661154131059,
        0.9798451007225869,
        0.9821512432983533,
        0.5728652152068415,
        0.6572791989588944,
        1.0,
        0.9450263876686005,
        0.8282705696153805
    ],
    "paths": [
        "MVTec/wood/test/color/000.png",
        "MVTec/wood/test/color/001.png",
        "MVTec/wood/test/color/002.png",
        "MVTec/wood/test/color/003.png",
        "MVTec/wood/test/color/004.png",
        "MVTec/wood/test/color/005.png",
        "MVTec/wood/test/color/006.png",
        "MVTec/wood/test/color/007.png",
        "MVTec/wood/test/combined/000.png",
        "MVTec/wood/test/combined/001.png",
        "MVTec/wood/test/combined/002.png",
        "MVTec/wood/test/combined/003.png",
        "MVTec/wood/test/combined/004.png",
        "MVTec/wood/test/combined/005.png",
        "MVTec/wood/test/combined/006.png",
        "MVTec/wood/test/combined/007.png",
        "MVTec/wood/test/combined/008.png",
        "MVTec/wood/test/combined/009.png",
        "MVTec/wood/test/combined/010.png",
        "MVTec/wood/test/good/000.png",
        "MVTec/wood/test/good/001.png",
        "MVTec/wood/test/good/002.png",
        "MVTec/wood/test/good/003.png",
        "MVTec/wood/test/good/004.png",
        "MVTec/wood/test/good/005.png",
        "MVTec/wood/test/good/006.png",
        "MVTec/wood/test/good/007.png",
        "MVTec/wood/test/good/008.png",
        "MVTec/wood/test/good/009.png",
        "MVTec/wood/test/good/010.png",
        "MVTec/wood/test/good/011.png",
        "MVTec/wood/test/good/012.png",
        "MVTec/wood/test/good/013.png",
        "MVTec/wood/test/good/014.png",
        "MVTec/wood/test/good/015.png",
        "MVTec/wood/test/good/016.png",
        "MVTec/wood/test/good/017.png",
        "MVTec/wood/test/good/018.png",
        "MVTec/wood/test/hole/000.png",
        "MVTec/wood/test/hole/001.png",
        "MVTec/wood/test/hole/002.png",
        "MVTec/wood/test/hole/003.png",
        "MVTec/wood/test/hole/004.png",
        "MVTec/wood/test/hole/005.png",
        "MVTec/wood/test/hole/006.png",
        "MVTec/wood/test/hole/007.png",
        "MVTec/wood/test/hole/008.png",
        "MVTec/wood/test/hole/009.png",
        "MVTec/wood/test/liquid/000.png",
        "MVTec/wood/test/liquid/001.png",
        "MVTec/wood/test/liquid/002.png",
        "MVTec/wood/test/liquid/003.png",
        "MVTec/wood/test/liquid/004.png",
        "MVTec/wood/test/liquid/005.png",
        "MVTec/wood/test/liquid/006.png",
        "MVTec/wood/test/liquid/007.png",
        "MVTec/wood/test/liquid/008.png",
        "MVTec/wood/test/liquid/009.png",
        "MVTec/wood/test/scratch/000.png",
        "MVTec/wood/test/scratch/001.png",
        "MVTec/wood/test/scratch/002.png",
        "MVTec/wood/test/scratch/003.png",
        "MVTec/wood/test/scratch/004.png",
        "MVTec/wood/test/scratch/005.png",
        "MVTec/wood/test/scratch/006.png",
        "MVTec/wood/test/scratch/007.png",
        "MVTec/wood/test/scratch/008.png",
        "MVTec/wood/test/scratch/009.png",
        "MVTec/wood/test/scratch/010.png",
        "MVTec/wood/test/scratch/011.png",
        "MVTec/wood/test/scratch/012.png",
        "MVTec/wood/test/scratch/013.png",
        "MVTec/wood/test/scratch/014.png",
        "MVTec/wood/test/scratch/015.png",
        "MVTec/wood/test/scratch/016.png",
        "MVTec/wood/test/scratch/017.png",
        "MVTec/wood/test/scratch/018.png",
        "MVTec/wood/test/scratch/019.png",
        "MVTec/wood/test/scratch/020.png"
    ]
}