{
    "shared_fpr_metric": "mean-per-image-fpr",
    "fpr_lower_bound": 1e-05,
    "fpr_upper_bound": 0.0001,
    "num_threshs": null,
    "thresh_lower_bound": -0.34921857714653015,
    "thresh_upper_bound": -0.27935728430747986,
    "aupimos": [
        0.0002089168572881422,
        0.0006217055735896343,
        1.0248940647576663e-05,
        0.0,
        0.004269061378586211,
        0.0,
        6.5880004587483985e-06,
        0.0031706063720751527,
        0.0,
        0.0,
        0.22425073457419709,
        0.0,
        0.21443412683502658,
        0.007998459706221202,
        0.0,
        0.24587173871006907,
        0.0,
        0.07294590550323009,
        0.06747389942230395,
        0.0010898673426217099,
        0.0,
        0.9758887149782857,
        0.0,
        0.09563349288814733,
        0.07385966235098589,
        0.04779372243572172,
        0.0015798134812494906,
        0.013522125893467617,
        0.0007872700310107616,
        0.3514542728285198,
        0.5080767984238547,
        0.04158377886735096,
        0.9788269600448837,
        0.00045018319191882826,
        0.0656725229021558,
        0.2343712759892783,
        0.7594347709895349,
        0.8756838253188739,
        0.0,
        0.16449433803347044,
        0.0,
        0.9496342619885152,
        0.0001597183084602838,
        0.8794096691532005,
        0.19789312676280724,
        0.5608351901820762,
        0.0,
        0.0011100007913840435,
        0.0,
        0.3595265665666447,
        0.009488909081206857,
        0.020489348520274866,
        0.3077275291273849,
        0.20789196169384988,
        0.23195052290046025,
        0.13139946312326484,
        0.0,
        0.40258655475478056,
        0.011059560432609966,
        0.06325539907098358,
        0.017529742892385403,
        0.0,
        0.1753081453379931,
        0.0,
        0.015606707684546079,
        0.47380947502171733,
        0.3753265713405136,
        0.0648506439648295,
        0.30568471880831494,
        0.049452599215999156,
        0.105212824849657,
        0.1663470389119805,
        0.0,
        0.5690178014327848,
        0.00397203971120243,
        0.0,
        0.3644146132782911,
        0.03884767787168526,
        0.0,
        0.010355682712754834,
        0.17991403134931275,
        0.04912813368737104,
        0.0,
        0.0,
        0.0,
        0.042178521148226976,
        0.08013924546131171,
        0.03499392357658858,
        0.0009722025097182067,
        0.21967616448835534,
        0.4158108607090441,
        0.0,
        0.0,
        0.0,
        0.0,
        0.012398597338560245,
        0.0,
        0.00020115821478837152,
        0.0001192958636697924,
        0.17270878383495097,
        NaN,
        NaN,
        NaN,
        NaN,
        NaN,
        NaN,
        NaN,
        NaN,
        NaN,
        NaN,
        NaN,
        NaN,
        NaN,
        NaN,
        NaN,
        NaN,
        NaN,
        NaN,
        NaN,
        NaN,
        NaN,
        NaN,
        NaN,
        NaN,
        NaN,
        NaN,
        NaN,
        NaN,
        NaN,
        NaN,
        NaN,
        NaN,
        NaN,
        NaN,
        NaN,
        NaN,
        NaN,
        NaN,
        NaN,
        NaN,
        NaN,
        NaN,
        NaN,
        NaN,
        NaN,
        NaN,
        NaN,
        NaN,
        NaN,
        NaN,
        NaN,
        NaN,
        NaN,
        NaN,
        NaN,
        NaN,
        NaN,
        NaN,
        NaN,
        NaN,
        NaN,
        NaN,
        NaN,
        NaN,
        NaN,
        NaN,
        NaN,
        NaN,
        NaN,
        NaN,
        NaN,
        NaN,
        NaN,
        NaN,
        NaN,
        NaN,
        NaN,
        NaN,
        NaN,
        NaN,
        NaN,
        NaN,
        NaN,
        NaN,
        NaN,
        NaN,
        NaN,
        NaN,
        NaN,
        NaN,
        NaN,
        NaN,
        NaN,
        NaN,
        NaN,
        NaN,
        NaN,
        NaN,
        NaN,
        NaN,
        NaN
    ],