{
    "avg_iou": 0.2520308512014769,
    "thresh": 0.5387828350067139,
    "ious_at_thresh": [
        0.0,
        0.2965159377316531,
        0.17613089509143406,
        0.37808951235804944,
        0.22325189553496208,
        0.0,
        0.4953781512605042,
        0.24735915492957747,
        0.0,
        0.036830598467193616,
        0.022097539922313336,
        0.19974504023583778,
        0.07398087569199799,
        0.018498716852010266,
        0.14551192145862551,
        0.1646693297825122,
        0.12522485125224853,
        0.3583776595744681,
        0.2150964495387196,
        0.5360734586794927,
        0.0808951664679446,
        0.0036436295251527973,
        0.6382978723404256,
        0.0,
        0.0,
        0.11159737417943107,
        0.0,
        0.1359447004608295,
        0.32523282887078,
        0.0,
        0.04573547589616811,
        0.0,
        0.0,
        0.0,
        0.0,
        0.0,
        0.0,
        0.7710280373831776,
        0.09240622140896615,
        0.0,
        0.016026058631921823,
        0.0,
        0.0,
        0.7555555555555555,
        0.0,
        0.27711791887728904,
        0.2148956833327752,
        0.3190830433255643,
        0.2846006503630451,
        0.2823143208863357,
        0.027178397414917694,
        0.23065507006281494,
        0.42514425489212243,
        0.3814499070572399,
        0.19242877224939117,
        0.19654698463986883,
        0.5975780025644679,
        0.17687053844113057,
        0.36106856356603234,
        0.6365954202111183,
        0.5401033591731266,
        0.24906639507250594,
        0.3106686874253697,
        0.1431841183339821,
        0.24890417630585657,
        0.6826919050211483,
        0.0,
        0.55752600423863,
        0.4196356275303644,
        0.37270927686632077,
        0.5219135281202499,
        0.6847195904861563,
        0.2078099354859678,
        0.37870971850719654,
        0.669405571960457,
        0.592918180925253,
        0.7142260038811763,
        0.45769347726927173,
        0.71509324009324,
        0.640783950140359,
        0.6743805732975408,
        0.3950450260009301,
        0.4874692059882509,
        0.17144957506887526,
        0.6890484843240748,
        0.4341955116013693,
        0.15108164689462666,
        0.12584407612031923,
        0.18346774193548387,
        0.34930448222565685,
        0.0,
        0.0,
        0.0,
        0.0,
        0.0,
        0.18222722159730034,
        0.37908037908037906,
        0.0,
        0.3803353658536585,
        0.19967064635652532,
        NaN,
        NaN,
        NaN,
        NaN,
        NaN,
        NaN,
        NaN,
        NaN,
        NaN,
        NaN,
        NaN,
        NaN,
        NaN,
        NaN,
        NaN,
        NaN,
        NaN,
        NaN,
        NaN,
        NaN,
        NaN,
        NaN,
        NaN,
        NaN,
        NaN,
        NaN,
        NaN,
        NaN,
        NaN,
        NaN,
        NaN,
        NaN,
        NaN,
        NaN,
        NaN,
        NaN,
        NaN,
        NaN,
        NaN,
        NaN,
        NaN,
        NaN,
        NaN,
        NaN,
        NaN,
        NaN,
        NaN,
        NaN,
        NaN,
        NaN,
        NaN,
        NaN,
        NaN,
        NaN,
        NaN,
        NaN,
        NaN,
        NaN,
        NaN,
        NaN
    ],
    "image_classes": [
        1,
        1,
        1,
        1,
        1,
        1,
        1,
        1,
        1,
        1,
        1,
        1,
        1,
        1,
        1,
        1,
        1,
        1,
        1,
        1,
        1,
        1,
        1,
        1,
        1,
        1,
        1,
        1,
        1,
        1,
        1,
        1,
        1,
        1,
        1,
        1,
        1,
        1,
        1,
        1,
        1,
        1,
        1,
        1,
        1,
        1,
        1,
        1,
        1,
        1,
        1,
        1,
        1,
        1,
        1,
        1,
        1,
        1,
        1,
        1,
        1,
        1,
        1,
        1,
        1,
        1,
        1,
        1,
        1,
        1,
        1,
        1,
        1,
        1,
        1,
        1,
        1,
        1,
        1,
        1,
        1,
        1,
        1,
        1,
        1,
        1,
        1,
        1,
        1,
        1,
        1,
        1,
        1,
        1,
        1,
        1,
        1,
        1,
        1,
        1,
        0,
        0,
        0,
        0,
        0,
        0,
        0,
        0,
        0,
        0,
        0,
        0,
        0,
        0,
        0,
        0,
        0,
        0,
        0,
        0,
        0,
        0,
        0,
        0,
        0,
        0,
        0,
        0,
        0,
        0,
        0,
        0,
        0,
        0,
        0,
        0,
        0,
        0,
        0,
        0,
        0,
        0,
        0,
        0,
        0,
        0,
        0,
        0,
        0,
        0,
        0,
        0,
        0,
        0,
        0,
        0,
        0,
        0,
        0,
        0
    ],