{
    "shared_fpr_metric": "mean-per-image-fpr",
    "fpr_lower_bound": 1e-05,
    "fpr_upper_bound": 0.0001,
    "num_threshs": null,
    "thresh_lower_bound": 2.6337897777557373,
    "thresh_upper_bound": 3.9561328887939453,
    "aupimos": [
        0.0,
        0.0,
        0.002500660415957898,
        0.0,
        0.0,
        0.0,
        0.00957356677187215,
        0.0,
        0.22804878760995176,
        0.0,
        0.3424579941246008,
        0.5972404060096693,
        0.213141568633436,
        0.021094521774198766,
        0.0,
        0.578366215159227,
        0.04182936273069518,
        0.256175486659235,
        0.23060203582167849,
        0.09686386761615925,
        0.0,
        0.0,
        0.0,
        0.0,
        0.3961055490066461,
        0.2164724684736012,
        0.05114005047355582,
        0.1894145229095333,
        0.09164797706483062,
        0.0,
        0.04424967058207836,
        0.0025437837476049276,
        0.9610118329792958,
        0.0,
        0.0,
        0.23132019749815289,
        0.9725183979893445,
        0.0024728311092602146,
        0.0,
        0.16582067255106656,
        0.0033595325714908734,
        0.9111001804176695,
        0.0,
        0.8797426417954863,
        0.09516333305444764,
        0.07839309977210132,
        0.0,
        0.0,
        0.00721287126635517,
        0.0476606515192251,
        0.0006071568669240438,
        0.0,
        0.016662542631426327,
        0.06081857935155971,
        0.0,
        0.00136107633085003,
        0.0,
        0.0517045529595247,
        0.0,
        0.0,
        0.0002331261614671043,
        0.0,
        0.048457273075100026,
        0.0,
        0.0,
        0.03790531807305333,
        0.0,
        0.006088016097299675,
        0.08521772082282143,
        0.00415841951372111,
        0.0,
        0.0,
        0.0,
        0.04965518273586799,
        0.0,
        0.0,
        0.0,
        0.0,
        0.0,
        0.0,
        0.054136390659060354,
        0.0,
        0.03476387798153065,
        0.31199964296636434,
        0.01865292669729055,
        0.0,
        0.1503155586574217,
        0.1336384018457589,
        0.0,
        0.1862389833680774,
        0.0014683711460506256,
        0.425989073398445,
        0.0,
        0.5013827859764436,
        0.01104901191300916,
        0.06753212714611967,
        0.1407969386578093,
        0.02521637982421449,
        0.0,
        0.9318282145937665,
        NaN,
        NaN,
        NaN,
        NaN,
        NaN,
        NaN,
        NaN,
        NaN,
        NaN,
        NaN,
        NaN,
        NaN,
        NaN,
        NaN,
        NaN,
        NaN,
        NaN,
        NaN,
        NaN,
        NaN,
        NaN,
        NaN,
        NaN,
        NaN,
        NaN,
        NaN,
        NaN,
        NaN,
        NaN,
        NaN,
        NaN,
        NaN,
        NaN,
        NaN,
        NaN,
        NaN,
        NaN,
        NaN,
        NaN,
        NaN,
        NaN,
        NaN,
        NaN,
        NaN,
        NaN,
        NaN,
        NaN,
        NaN,
        NaN,
        NaN,
        NaN,
        NaN,
        NaN,
        NaN,
        NaN,
        NaN,
        NaN,
        NaN,
        NaN,
        NaN,
        NaN,
        NaN,
        NaN,
        NaN,
        NaN,
        NaN,
        NaN,
        NaN,
        NaN,
        NaN,
        NaN,
        NaN,
        NaN,
        NaN,
        NaN,
        NaN,
        NaN,
        NaN,
        NaN,
        NaN,
        NaN,
        NaN,
        NaN,
        NaN,
        NaN,
        NaN,
        NaN,
        NaN,
        NaN,
        NaN,
        NaN,
        NaN,
        NaN,
        NaN,
        NaN,
        NaN,
        NaN,
        NaN,
        NaN,
        NaN,
        NaN
    ],
    "paths": [
        "VisA/visa_pytorch/pcb4/test/bad/000.JPG",
        "VisA/visa_pytorch/pcb4/test/bad/001.JPG",
        "VisA/visa_pytorch/pcb4/test/bad/002.JPG",
        "VisA/visa_pytorch/pcb4/test/bad/003.JPG",
        "VisA/visa_pytorch/pcb4/test/bad/004.JPG",
        "VisA/visa_pytorch/pcb4/test/bad/005.JPG",
        "VisA/visa_pytorch/pcb4/test/bad/006.JPG",
        "VisA/visa_pytorch/pcb4/test/bad/007.JPG",
        "VisA/visa_pytorch/pcb4/test/bad/008.JPG",
        "VisA/visa_pytorch/pcb4/test/bad/009.JPG",
        "VisA/visa_pytorch/pcb4/test/bad/010.JPG",
        "VisA/visa_pytorch/pcb4/test/bad/011.JPG",
        "VisA/visa_pytorch/pcb4/test/bad/012.JPG",
        "VisA/visa_pytorch/pcb4/test/bad/013.JPG",
        "VisA/visa_pytorch/pcb4/test/bad/014.JPG",
        "VisA/visa_pytorch/pcb4/test/bad/015.JPG",
        "VisA/visa_pytorch/pcb4/test/bad/016.JPG",
        "VisA/visa_pytorch/pcb4/test/bad/017.JPG",
        "VisA/visa_pytorch/pcb4/test/bad/018.JPG",
        "VisA/visa_pytorch/pcb4/test/bad/019.JPG",
        "VisA/visa_pytorch/pcb4/test/bad/020.JPG",
        "VisA/visa_pytorch/pcb4/test/bad/021.JPG",
        "VisA/visa_pytorch/pcb4/test/bad/022.JPG",
        "VisA/visa_pytorch/pcb4/test/bad/023.JPG",
        "VisA/visa_pytorch/pcb4/test/bad/024.JPG",
        "VisA/visa_pytorch/pcb4/test/bad/025.JPG",
        "VisA/visa_pytorch/pcb4/test/bad/026.JPG",
        "VisA/visa_pytorch/pcb4/test/bad/027.JPG",
        "VisA/visa_pytorch/pcb4/test/bad/028.JPG",
        "VisA/visa_pytorch/pcb4/test/bad/029.JPG",
        "VisA/visa_pytorch/pcb4/test/bad/030.JPG",
        "VisA/visa_pytorch/pcb4/test/bad/031.JPG",
        "VisA/visa_pytorch/pcb4/test/bad/032.JPG",
        "VisA/visa_pytorch/pcb4/test/bad/033.JPG",
        "VisA/visa_pytorch/pcb4/test/bad/034.JPG",
        "VisA/visa_pytorch/pcb4/test/bad/035.JPG",
        "VisA/visa_pytorch/pcb4/test/bad/036.JPG",
        "VisA/visa_pytorch/pcb4/test/bad/037.JPG",
        "VisA/visa_pytorch/pcb4/test/bad/038.JPG",
        "VisA/visa_pytorch/pcb4/test/bad/039.JPG",
        "VisA/visa_pytorch/pcb4/test/bad/040.JPG",
        "VisA/visa_pytorch/pcb4/test/bad/041.JPG",
        "VisA/visa_pytorch/pcb4/test/bad/042.JPG",
        "VisA/visa_pytorch/pcb4/test/bad/043.JPG",
        "VisA/visa_pytorch/pcb4/test/bad/044.JPG",
        "VisA/visa_pytorch/pcb4/test/bad/045.JPG",
        "VisA/visa_pytorch/pcb4/test/bad/046.JPG",
        "VisA/visa_pytorch/pcb4/test/bad/047.JPG",
        "VisA/visa_pytorch/pcb4/test/bad/048.JPG",
        "VisA/visa_pytorch/pcb4/test/bad/049.JPG",
        "VisA/visa_pytorch/pcb4/test/bad/050.JPG",
        "VisA/visa_pytorch/pcb4/test/bad/051.JPG",
        "VisA/visa_pytorch/pcb4/test/bad/052.JPG",
        "VisA/visa_pytorch/pcb4/test/bad/053.JPG",
        "VisA/visa_pytorch/pcb4/test/bad/054.JPG",
        "VisA/visa_pytorch/pcb4/test/bad/055.JPG",
        "VisA/visa_pytorch/pcb4/test/bad/056.JPG",
        "VisA/visa_pytorch/pcb4/test/bad/057.JPG",
        "VisA/visa_pytorch/pcb4/test/bad/058.JPG",
        "VisA/visa_pytorch/pcb4/test/bad/059.JPG",
        "VisA/visa_pytorch/pcb4/test/bad/060.JPG",
        "VisA/visa_pytorch/pcb4/test/bad/061.JPG",
        "VisA/visa_pytorch/pcb4/test/bad/062.JPG",
        "VisA/visa_pytorch/pcb4/test/bad/063.JPG",
        "VisA/visa_pytorch/pcb4/test/bad/064.JPG",
        "VisA/visa_pytorch/pcb4/test/bad/065.JPG",
        "VisA/visa_pytorch/pcb4/test/bad/066.JPG",
        "VisA/visa_pytorch/pcb4/test/bad/067.JPG",
        "VisA/visa_pytorch/pcb4/test/bad/068.JPG",
        "VisA/visa_pytorch/pcb4/test/bad/069.JPG",
        "VisA/visa_pytorch/pcb4/test/bad/070.JPG",
        "VisA/visa_pytorch/pcb4/test/bad/071.JPG",
        "VisA/visa_pytorch/pcb4/test/bad/072.JPG",
        "VisA/visa_pytorch/pcb4/test/bad/073.JPG",
        "VisA/visa_pytorch/pcb4/test/bad/074.JPG",
        "VisA/visa_pytorch/pcb4/test/bad/075.JPG",
        "VisA/visa_pytorch/pcb4/test/bad/076.JPG",
        "VisA/visa_pytorch/pcb4/test/bad/077.JPG",
        "VisA/visa_pytorch/pcb4/test/bad/078.JPG",
        "VisA/visa_pytorch/pcb4/test/bad/079.JPG",
        "VisA/visa_pytorch/pcb4/test/bad/080.JPG",
        "VisA/visa_pytorch/pcb4/test/bad/081.JPG",
