{
    "shared_fpr_metric": "mean-per-image-fpr",
    "fpr_lower_bound": 1e-05,
    "fpr_upper_bound": 0.0001,
    "num_threshs": null,
    "thresh_lower_bound": 0.31932133436203003,
    "thresh_upper_bound": 0.3973309397697449,
    "aupimos": [
        0.5375331301790839,
        0.32764116360603013,
        0.012456816894973856,
        0.0,
        0.00038159071513654765,
        0.006529727771593284,
        0.02604765066914191,
        0.21892060604606833,
        0.8500063897779228,
        0.5736033187133814,
        0.5373750686489941,
        0.7286085810705765,
        0.0,
        3.1847967272681854e-05,
        0.0,
        0.08499787003639477,
        0.049204260470277955,
        0.15074124381691867,
        0.0,
        0.0,
        0.0,
        0.0,
        0.0,
        0.0068606293751676106,
        0.00905265204153891,
        0.0,
        0.11399832382343666,
        0.0,
        1.3239893406342202e-06,
        0.0031603425123654574,
        0.14133169060715242,
        0.4806503411298161,
        0.0,
        0.49823501597890213,
        0.0026639667955822397,
        NaN,
        NaN,
        NaN,
        NaN,
        NaN,
        NaN,
        NaN,
        NaN,
        NaN,
        NaN,
        NaN,
        NaN,
        NaN,
        NaN,
        NaN,
        NaN,
        NaN,
        NaN,
        NaN,
        NaN,
        NaN,
        NaN,
        NaN,
        NaN,
        NaN,
        NaN,
        NaN,
        NaN,
        NaN,
        NaN,
        NaN,
        NaN,
        NaN,
        NaN,
        NaN,
        NaN,
        NaN,
        NaN,
        NaN,
        NaN,
        0.7462866624993,
        0.0009186780607472449,
        0.6135098990815291,
        0.46059954607737996,
        0.32079136707120404,
        0.012389136089072368,
        0.33318761701595256,
        0.41753654083769853,
        0.8121661151154049,
        0.2220582097714027,
        0.7757677955065462,
        0.3419185320995884,
        0.31384064072812806,
        0.23891205791584846,
        0.5285542133628985,
        0.46342299208274085,
        3.2328484865221476e-07,
        0.7589806968978234,
        1.0,
        1.0,
        1.0,
        0.9420104066698801,
        1.0,
        0.902410930433041,
        1.0,
        1.0,
        1.0,
        0.9999257849256983,
        1.0,
        0.9996985191610127,
        0.9999285494500714,
        1.0,
        0.999808872486528,
        0.8866581528027021,
        1.0
    ],
    "paths": [
        "MVTec/hazelnut/test/crack/000.png",
        "MVTec/hazelnut/test/crack/001.png",
        "MVTec/hazelnut/test/crack/002.png",
        "MVTec/hazelnut/test/crack/003.png",
        "MVTec/hazelnut/test/crack/004.png",
        "MVTec/hazelnut/test/crack/005.png",
        "MVTec/hazelnut/test/crack/006.png",
        "MVTec/hazelnut/test/crack/007.png",
        "MVTec/hazelnut/test/crack/008.png",
        "MVTec/hazelnut/test/crack/009.png",
        "MVTec/hazelnut/test/crack/010.png",
        "MVTec/hazelnut/test/crack/011.png",
        "MVTec/hazelnut/test/crack/012.png",
        "MVTec/hazelnut/test/crack/013.png",
        "MVTec/hazelnut/test/crack/014.png",
        "MVTec/hazelnut/test/crack/015.png",
        "MVTec/hazelnut/test/crack/016.png",
        "MVTec/hazelnut/test/crack/017.png",
        "MVTec/hazelnut/test/cut/000.png",
        "MVTec/hazelnut/test/cut/001.png",
        "MVTec/hazelnut/test/cut/002.png",
        "MVTec/hazelnut/test/cut/003.png",
        "MVTec/hazelnut/test/cut/004.png",
        "MVTec/hazelnut/test/cut/005.png",
        "MVTec/hazelnut/test/cut/006.png",
        "MVTec/hazelnut/test/cut/007.png",
        "MVTec/hazelnut/test/cut/008.png",
        "MVTec/hazelnut/test/cut/009.png",
        "MVTec/hazelnut/test/cut/010.png",
        "MVTec/hazelnut/test/cut/011.png",
        "MVTec/hazelnut/test/cut/012.png",
        "MVTec/hazelnut/test/cut/013.png",
        "MVTec/hazelnut/test/cut/014.png",
        "MVTec/hazelnut/test/cut/015.png",
        "MVTec/hazelnut/test/cut/016.png",
        "MVTec/hazelnut/test/good/000.png",
        "MVTec/hazelnut/test/good/001.png",
        "MVTec/hazelnut/test/good/002.png",
        "MVTec/hazelnut/test/good/003.png",
        "MVTec/hazelnut/test/good/004.png",
        "MVTec/hazelnut/test/good/005.png",
        "MVTec/hazelnut/test/good/006.png",
        "MVTec/hazelnut/test/good/007.png",
        "MVTec/hazelnut/test/good/008.png",
        "MVTec/hazelnut/test/good/009.png",
        "MVTec/hazelnut/test/good/010.png",
        "MVTec/hazelnut/test/good/011.png",
        "MVTec/hazelnut/test/good/012.png",
        "MVTec/hazelnut/test/good/013.png",
        "MVTec/hazelnut/test/good/014.png",
        "MVTec/hazelnut/test/good/015.png",
        "MVTec/hazelnut/test/good/016.png",
        "MVTec/hazelnut/test/good/017.png",
        "MVTec/hazelnut/test/good/018.png",
        "MVTec/hazelnut/test/good/019.png",
        "MVTec/hazelnut/test/good/020.png",
        "MVTec/hazelnut/test/good/021.png",
        "MVTec/hazelnut/test/good/022.png",
        "MVTec/hazelnut/test/good/023.png",
        "MVTec/hazelnut/test/good/024.png",
        "MVTec/hazelnut/test/good/025.png",
        "MVTec/hazelnut/test/good/026.png",
        "MVTec/hazelnut/test/good/027.png",
        "MVTec/hazelnut/test/good/028.png",
        "MVTec/hazelnut/test/good/029.png",
        "MVTec/hazelnut/test/good/030.png",
        "MVTec/hazelnut/test/good/031.png",
        "MVTec/hazelnut/test/good/032.png",
        "MVTec/hazelnut/test/good/033.png",
        "MVTec/hazelnut/test/good/034.png",
        "MVTec/hazelnut/test/good/035.png",
        "MVTec/hazelnut/test/good/036.png",
        "MVTec/hazelnut/test/good/037.png",
        "MVTec/hazelnut/test/good/038.png",
        "MVTec/hazelnut/test/good/039.png",
        "MVTec/hazelnut/test/hole/000.png",
        "MVTec/hazelnut/test/hole/001.png",
        "MVTec/hazelnut/test/hole/002.png",
        "MVTec/hazelnut/test/hole/003.png",
        "MVTec/hazelnut/test/hole/004.png",
        "MVTec/hazelnut/test/hole/005.png",
        "MVTec/hazelnut/test/hole/006.png",
        "MVTec/hazelnut/test/hole/007.png",
        "MVTec/hazelnut/test/hole/008.png",
        "MVTec/hazelnut/test/hole/009.png",
        "MVTec/hazelnut/test/hole/010.png",
        "MVTec/hazelnut/test/hole/011.png",
        "MVTec/hazelnut/test/hole/012.png",
        "MVTec/hazelnut/test/hole/013.png",
        "MVTec/hazelnut/test/hole/014.png",
        "MVTec/hazelnut/test/hole/015.png",
        "MVTec/hazelnut/test/hole/016.png",
        "MVTec/hazelnut/test/hole/017.png",
        "MVTec/hazelnut/test/print/000.png",
        "MVTec/hazelnut/test/print/001.png",
        "MVTec/hazelnut/test/print/002.png",
        "MVTec/hazelnut/test/print/003.png",
        "MVTec/hazelnut/test/print/004.png",
        "MVTec/hazelnut/test/print/005.png",
        "MVTec/hazelnut/test/print/006.png",
        "MVTec/hazelnut/test/print/007.png",
        "MVTec/hazelnut/test/print/008.png",
        "MVTec/hazelnut/test/print/009.png",
        "MVTec/hazelnut/test/print/010.png",
        "MVTec/hazelnut/test/print/011.png",
        "MVTec/hazelnut/test/print/012.png",
        "MVTec/hazelnut/test/print/013.png",
        "MVTec/hazelnut/test/print/014.png",
        "MVTec/hazelnut/test/print/015.png",
        "MVTec/hazelnut/test/print/016.png"
    ]
}