{
    "shared_fpr_metric": "mean-per-image-fpr",
    "fpr_lower_bound": 1e-05,
    "fpr_upper_bound": 0.0001,
    "num_threshs": 8734,
    "thresh_lower_bound": 0.31077808141708374,
    "thresh_upper_bound": 0.48023122549057007,
    "aupimos": [
        0.9901019623537716,
        0.0,
        0.20301173251615423,
        0.4831879551946383,
        0.2717420975633069,
        0.18194533441152888,
        0.7929156343795515,
        0.9936328096336504,
        0.1758155230998952,
        1.0,
        0.9942319725301414,
        0.8516059060385507,
        0.6549259826659535,
        0.8297014916899708,
        1.0,
        0.0,
        0.6290723571710177,
        0.5252321711200144,
        0.9620372557414834,
        0.0,
        0.6596933668531171,
        0.9918684373437909,
        0.910949243290298,
        1.0,
        1.0,
        1.0,
        1.0,
        1.0,
        1.0,
        1.0,
        1.0,
        1.0,
        1.0,
        1.0,
        1.0,
        1.0,
        0.9670790689031916,
        0.9888554441568244,
        1.0,
        1.0,
        1.0,
        1.0,
        0.9791982978108051,
        1.0,
        0.989542997205698,
        1.0,
        0.9945789417975635,
        1.0,
        0.9012768233499857,
        0.9429757950797649,
        0.9085628004872153,
        1.0,
        1.0,
        0.8951456168759431,
        0.9910891104889038,
        0.6929459839808896,
        1.0,
        0.9558294159786552,
        0.9853062744905912,
        0.9775732733003629,
        0.5674757602966409,
        0.540629459040303,
        0.8793774007415587,
        0.37985585912716613,
        0.3824059167751907,
        1.0,
        0.9452818434902597,
        0.5122601854617712,
        0.8726555077847191,
        0.9956299976660917,
        0.0,
        0.0,
        0.536617673171293,
        0.6779602097224002,
        0.19843938157565172,
        0.0,
        0.0,
        0.007754427795448081,
        0.39876972804553923,
        0.3774353329985173,
        0.9630110004375027,
        0.0,
        0.3281082814646166,
        0.32450776141811877,
        0.531611899604019,
        0.7131284081214443,
        0.8512839906313889,
        0.11289790073395717,
        0.9310011635126678,
        0.2551357109807311,
        0.583878714715118,
        0.7570886392639451,
        0.9049356201762836,
        0.4489553991389547,
        0.09051059875019826,
        0.7980151835472569,
        0.28319239251938655,
        0.8424179345345969,
        0.9713781725928138,
        0.9714686493091725,
        NaN,
        NaN,
        NaN,
        NaN,
        NaN,
        NaN,
        NaN,
        NaN,
        NaN,
        NaN,
        NaN,
        NaN,
        NaN,
        NaN,
        NaN,
        NaN,
        NaN,
        NaN,
        NaN,
        NaN,
        NaN,
        NaN,
        NaN,
        NaN,
        NaN,
        NaN,
        NaN,
        NaN,
        NaN,
        NaN,
        NaN,
        NaN,
        NaN,
        NaN,
        NaN,
        NaN,
        NaN,
        NaN,
        NaN,
        NaN,
        NaN,
        NaN,
        NaN,
        NaN,
        NaN,
        NaN,
        NaN,
        NaN,
        NaN,
        NaN,
        NaN,
        NaN,
        NaN,
        NaN,
        NaN,
        NaN,
        NaN,
        NaN,
        NaN,
        NaN,
        NaN,
        NaN,
        NaN,
        NaN,
        NaN,
        NaN,
        NaN,
        NaN,
        NaN,
        NaN,
        NaN,
        NaN,
        NaN,
        NaN,
        NaN,
        NaN,
        NaN,
        NaN,
        NaN,
        NaN,
        NaN,
        NaN,
        NaN,
        NaN,
        NaN,
        NaN,
        NaN,
        NaN,
        NaN,
        NaN,
        NaN,
        NaN,
        NaN,
        NaN,
        NaN,
        NaN,
        NaN,
        NaN,
        NaN,
        NaN
    ],
    "paths": [
        "VisA/visa_pytorch/macaroni1/test/bad/000.JPG",
        "VisA/visa_pytorch/macaroni1/test/bad/001.JPG",
        "VisA/visa_pytorch/macaroni1/test/bad/002.JPG",
        "VisA/visa_pytorch/macaroni1/test/bad/003.JPG",
        "VisA/visa_pytorch/macaroni1/test/bad/004.JPG",
        "VisA/visa_pytorch/macaroni1/test/bad/005.JPG",
        "VisA/visa_pytorch/macaroni1/test/bad/006.JPG",
        "VisA/visa_pytorch/macaroni1/test/bad/007.JPG",
        "VisA/visa_pytorch/macaroni1/test/bad/008.JPG",
        "VisA/visa_pytorch/macaroni1/test/bad/009.JPG",
        "VisA/visa_pytorch/macaroni1/test/bad/010.JPG",
        "VisA/visa_pytorch/macaroni1/test/bad/011.JPG",
        "VisA/visa_pytorch/macaroni1/test/bad/012.JPG",
        "VisA/visa_pytorch/macaroni1/test/bad/013.JPG",
        "VisA/visa_pytorch/macaroni1/test/bad/014.JPG",
        "VisA/visa_pytorch/macaroni1/test/bad/015.JPG",
        "VisA/visa_pytorch/macaroni1/test/bad/016.JPG",
        "VisA/visa_pytorch/macaroni1/test/bad/017.JPG",
        "VisA/visa_pytorch/macaroni1/test/bad/018.JPG",
        "VisA/visa_pytorch/macaroni1/test/bad/019.JPG",
        "VisA/visa_pytorch/macaroni1/test/bad/020.JPG",
        "VisA/visa_pytorch/macaroni1/test/bad/021.JPG",
        "VisA/visa_pytorch/macaroni1/test/bad/022.JPG",
        "VisA/visa_pytorch/macaroni1/test/bad/023.JPG",
        "VisA/visa_pytorch/macaroni1/test/bad/024.JPG",
        "VisA/visa_pytorch/macaroni1/test/bad/025.JPG",
        "VisA/visa_pytorch/macaroni1/test/bad/026.JPG",
        "VisA/visa_pytorch/macaroni1/test/bad/027.JPG",
        "VisA/visa_pytorch/macaroni1/test/bad/028.JPG",
        "VisA/visa_pytorch/macaroni1/test/bad/029.JPG",
        "VisA/visa_pytorch/macaroni1/test/bad/030.JPG",
        "VisA/visa_pytorch/macaroni1/test/bad/031.JPG",
        "VisA/visa_pytorch/macaroni1/test/bad/032.JPG",
        "VisA/visa_pytorch/macaroni1/test/bad/033.JPG",
        "VisA/visa_pytorch/macaroni1/test/bad/034.JPG",
        "VisA/visa_pytorch/macaroni1/test/bad/035.JPG",
        "VisA/visa_pytorch/macaroni1/test/bad/036.JPG",
        "VisA/visa_pytorch/macaroni1/test/bad/037.JPG",
        "VisA/visa_pytorch/macaroni1/test/bad/038.JPG",
        "VisA/visa_pytorch/macaroni1/test/bad/039.JPG",
        "VisA/visa_pytorch/macaroni1/test/bad/040.JPG",
        "VisA/visa_pytorch/macaroni1/test/bad/041.JPG",
        "VisA/visa_pytorch/macaroni1/test/bad/042.JPG",
        "VisA/visa_pytorch/macaroni1/test/bad/043.JPG",
        "VisA/visa_pytorch/macaroni1/test/bad/044.JPG",
        "VisA/visa_pytorch/macaroni1/test/bad/045.JPG",
        "VisA/visa_pytorch/macaroni1/test/bad/046.JPG",
        "VisA/visa_pytorch/macaroni1/test/bad/047.JPG",
        "VisA/visa_pytorch/macaroni1/test/bad/048.JPG",
        "VisA/visa_pytorch/macaroni1/test/bad/049.JPG",
        "VisA/visa_pytorch/macaroni1/test/bad/050.JPG",
        "VisA/visa_pytorch/macaroni1/test/bad/051.JPG",
        "VisA/visa_pytorch/macaroni1/test/bad/052.JPG",
        "VisA/visa_pytorch/macaroni1/test/bad/053.JPG",
        "VisA/visa_pytorch/macaroni1/test/bad/054.JPG",
        "VisA/visa_pytorch/macaroni1/test/bad/055.JPG",
        "VisA/visa_pytorch/macaroni1/test/bad/056.JPG",
        "VisA/visa_pytorch/macaroni1/test/bad/057.JPG",
        "VisA/visa_pytorch/macaroni1/test/bad/058.JPG",
        "VisA/visa_pytorch/macaroni1/test/bad/059.JPG",
        "VisA/visa_pytorch/macaroni1/test/bad/060.JPG",
        "VisA/visa_pytorch/macaroni1/test/bad/061.JPG",
        "VisA/visa_pytorch/macaroni1/test/bad/062.JPG",
        "VisA/visa_pytorch/macaroni1/test/bad/063.JPG",
        "VisA/visa_pytorch/macaroni1/test/bad/064.JPG",
        "VisA/visa_pytorch/macaroni1/test/bad/065.JPG",
        "VisA/visa_pytorch/macaroni1/test/bad/066.JPG",
        "VisA/visa_pytorch/macaroni1/test/bad/067.JPG",
        "VisA/visa_pytorch/macaroni1/test/bad/068.JPG",
        "VisA/visa_pytorch/macaroni1/test/bad/069.JPG",
        "VisA/visa_pytorch/macaroni1/test/bad/070.JPG",
        "VisA/visa_pytorch/macaroni1/test/bad/071.JPG",
        "VisA/visa_pytorch/macaroni1/test/bad/072.JPG",
