{
    "shared_fpr_metric": "mean-per-image-fpr",
    "fpr_lower_bound": 1e-05,
    "fpr_upper_bound": 0.0001,
    "num_threshs": null,
    "thresh_lower_bound": 0.025046419352293015,
    "thresh_upper_bound": 0.0275123193860054,
    "aupimos": [
        0.0,
        0.00778755903764801,
        0.0,
        0.006134043019615617,
        0.0,
        0.0,
        0.0,
        0.0,
        0.0,
        0.0,
        0.0,
        0.0413692158936108,
        0.0,
        0.0,
        0.0,
        0.0,
        0.0,
        0.003038455693315825,
        0.0,
        0.0,
        0.0,
        0.0,
        0.19345543612576402,
        0.02814927499178685,
        0.07216614139042567,
        0.36897438859224707,
        0.0,
        0.0032981798750841202,
        0.013007468092323716,
        0.14984562402055251,
        0.23893049339648992,
        0.0,
        0.16874700537236517,
        0.0,
        0.12025780140685705,
        0.3428804408002332,
        0.7289417276006388,
        0.17638034196486546,
        0.967739081410597,
        0.7965368356259249,
        0.6221482463354393,
        0.20863151987757161,
        0.26079862771675505,
        0.3368509893536634,
        0.2421227374892691,
        0.5568390793348182,
        0.4271023518286942,
        0.1295039301277661,
        0.4841466579731851,
        0.1774103478914905,
        0.46526602576988985,
        0.24388446215949022,
        0.0,
        0.0,
        0.0,
        0.0,
        0.0,
        0.0,
        0.0,
        0.0,
        0.0,
        0.0,
        0.0,
        0.0,
        0.0,
        0.0,
        0.0,
        0.0,
        NaN,
        NaN,
        NaN,
        NaN,
        NaN,
        NaN,
        NaN,
        NaN,
        NaN,
        NaN,
        NaN,
        NaN,
        NaN,
        NaN,
        NaN,
        NaN,
        NaN,
        NaN,
        NaN,
        NaN,
        NaN,
        NaN,
        NaN,
        NaN,
        NaN,
        NaN,
        NaN,
        NaN,
        NaN,
        NaN,
        NaN,
        NaN,
        0.0,
        0.013848162310234504,
        0.0,
        0.005518671601267331,
        0.0,
        0.0,
        0.0,
        0.0,
        0.0,
        0.0,
        0.022280348717955124,
        0.00046192339008272083,
        0.0,
        0.005512083459393425,
        0.0,
        1.3782564711752926e-06,
        0.001310969255903857,
        0.0,
        0.0,
        0.0,
        0.0,
        0.0,
        0.0,
        0.0,
        0.0,
        0.0,
        0.0,
        0.0,
        0.0,
        0.0,
        0.0,
        0.0,
        0.0,
        0.0,
        0.0,
        0.0,
        0.0,
        0.0,
        0.0,
        0.0,
        0.0,
        0.0,
        0.0,
        0.0,
        0.0,
        0.0,
        0.0,
        0.0,
        0.0,
        0.0,
        0.0
    ],
    "paths": [
        "MVTec/zipper/test/broken_teeth/000.png",
        "MVTec/zipper/test/broken_teeth/001.png",
        "MVTec/zipper/test/broken_teeth/002.png",
        "MVTec/zipper/test/broken_teeth/003.png",
        "MVTec/zipper/test/broken_teeth/004.png",
        "MVTec/zipper/test/broken_teeth/005.png",
        "MVTec/zipper/test/broken_teeth/006.png",
        "MVTec/zipper/test/broken_teeth/007.png",
        "MVTec/zipper/test/broken_teeth/008.png",
        "MVTec/zipper/test/broken_teeth/009.png",
        "MVTec/zipper/test/broken_teeth/010.png",
        "MVTec/zipper/test/broken_teeth/011.png",
        "MVTec/zipper/test/broken_teeth/012.png",
        "MVTec/zipper/test/broken_teeth/013.png",
        "MVTec/zipper/test/broken_teeth/014.png",
        "MVTec/zipper/test/broken_teeth/015.png",
        "MVTec/zipper/test/broken_teeth/016.png",
        "MVTec/zipper/test/broken_teeth/017.png",
        "MVTec/zipper/test/broken_teeth/018.png",
        "MVTec/zipper/test/combined/000.png",
        "MVTec/zipper/test/combined/001.png",
        "MVTec/zipper/test/combined/002.png",
        "MVTec/zipper/test/combined/003.png",
        "MVTec/zipper/test/combined/004.png",
        "MVTec/zipper/test/combined/005.png",
        "MVTec/zipper/test/combined/006.png",
        "MVTec/zipper/test/combined/007.png",
        "MVTec/zipper/test/combined/008.png",
        "MVTec/zipper/test/combined/009.png",
        "MVTec/zipper/test/combined/010.png",
        "MVTec/zipper/test/combined/011.png",
        "MVTec/zipper/test/combined/012.png",
        "MVTec/zipper/test/combined/013.png",
        "MVTec/zipper/test/combined/014.png",
        "MVTec/zipper/test/combined/015.png",
        "MVTec/zipper/test/fabric_border/000.png",
        "MVTec/zipper/test/fabric_border/001.png",
        "MVTec/zipper/test/fabric_border/002.png",
        "MVTec/zipper/test/fabric_border/003.png",
        "MVTec/zipper/test/fabric_border/004.png",
        "MVTec/zipper/test/fabric_border/005.png",
        "MVTec/zipper/test/fabric_border/006.png",
        "MVTec/zipper/test/fabric_border/007.png",
        "MVTec/zipper/test/fabric_border/008.png",
        "MVTec/zipper/test/fabric_border/009.png",
        "MVTec/zipper/test/fabric_border/010.png",
        "MVTec/zipper/test/fabric_border/011.png",
        "MVTec/zipper/test/fabric_border/012.png",
        "MVTec/zipper/test/fabric_border/013.png",
        "MVTec/zipper/test/fabric_border/014.png",
        "MVTec/zipper/test/fabric_border/015.png",
        "MVTec/zipper/test/fabric_border/016.png",
        "MVTec/zipper/test/fabric_interior/000.png",
        "MVTec/zipper/test/fabric_interior/001.png",
        "MVTec/zipper/test/fabric_interior/002.png",
        "MVTec/zipper/test/fabric_interior/003.png",
        "MVTec/zipper/test/fabric_interior/004.png",
        "MVTec/zipper/test/fabric_interior/005.png",
        "MVTec/zipper/test/fabric_interior/006.png",
        "MVTec/zipper/test/fabric_interior/007.png",
        "MVTec/zipper/test/fabric_interior/008.png",
        "MVTec/zipper/test/fabric_interior/009.png",
        "MVTec/zipper/test/fabric_interior/010.png",
        "MVTec/zipper/test/fabric_interior/011.png",
        "MVTec/zipper/test/fabric_interior/012.png",
        "MVTec/zipper/test/fabric_interior/013.png",
        "MVTec/zipper/test/fabric_interior/014.png",
        "MVTec/zipper/test/fabric_interior/015.png",
        "MVTec/zipper/test/good/000.png",
        "MVTec/zipper/test/good/001.png",
        "MVTec/zipper/test/good/002.png",
        "MVTec/zipper/test/good/003.png",
        "MVTec/zipper/test/good/004.png",
        "MVTec/zipper/test/good/005.png",
        "MVTec/zipper/test/good/006.png",
        "MVTec/zipper/test/good/007.png",
        "MVTec/zipper/test/good/008.png",
        "MVTec/zipper/test/good/009.png",
        "MVTec/zipper/test/good/010.png",
        "MVTec/zipper/test/good/011.png",
        "MVTec/zipper/test/good/012.png",
        "MVTec/zipper/test/good/013.png",
        "MVTec/zipper/test/good/014.png",
        "MVTec/zipper/test/good/015.png",
        "MVTec/zipper/test/good/016.png",
        "MVTec/zipper/test/good/017.png",
        "MVTec/zipper/test/good/018.png",
        "MVTec/zipper/test/good/019.png",
        "MVTec/zipper/test/good/020.png",
        "MVTec/zipper/test/good/021.png",
        "MVTec/zipper/test/good/022.png",
        "MVTec/zipper/test/good/023.png",
        "MVTec/zipper/test/good/024.png",
        "MVTec/zipper/test/good/025.png",
        "MVTec/zipper/test/good/026.png",
        "MVTec/zipper/test/good/027.png",
        "MVTec/zipper/test/good/028.png",
        "MVTec/zipper/test/good/029.png",
        "MVTec/zipper/test/good/030.png",
        "MVTec/zipper/test/good/031.png",
        "MVTec/zipper/test/rough/000.png",
        "MVTec/zipper/test/rough/001.png",
        "MVTec/zipper/test/rough/002.png",
        "MVTec/zipper/test/rough/003.png",
        "MVTec/zipper/test/rough/004.png",
        "MVTec/zipper/test/rough/005.png",
        "MVTec/zipper/test/rough/006.png",
        "MVTec/zipper/test/rough/007.png",
        "MVTec/zipper/test/rough/008.png",
