{
    "shared_fpr_metric": "mean-per-image-fpr",
    "fpr_lower_bound": 1e-05,
    "fpr_upper_bound": 0.0001,
    "num_threshs": null,
    "thresh_lower_bound": 0.7806593179702759,
    "thresh_upper_bound": 0.7936531901359558,
    "aupimos": [
        0.9994087208318755,
        0.9994087208318755,
        0.9866354274178784,
        0.9994087208318755,
        0.9994087208318755,
        0.9599566799063209,
        0.9911347837640068,
        0.9994087208318755,
        0.9994087208318755,
        0.9527916582673414,
        0.9993822601683252,
        0.9994087208318755,
        0.9994087208318755,
        0.9994087208318755,
        0.9994087208318755,
        0.9994087208318755,
        0.9994087208318755,
        0.9613235181972777,
        0.9994087208318755,
        0.973537928830511,
        0.9511954556784279,
        0.9994087208318755,
        0.9994087208318755,
        0.7940743348715896,
        0.9699330737305735,
        0.9442592474160232,
        0.7937855818397409,
        0.6471644890535038,
        0.9662202539081117,
        0.984136139866815,
        0.9985956860362631,
        0.9440275141916965,
        0.8134758804427826,
        0.8782037432786378,
        0.9663415973093874,
        0.9128477287943507,
        NaN,
        NaN,
        NaN,
        NaN,
        NaN,
        NaN,
        NaN,
        NaN,
        NaN,
        NaN,
        NaN,
        NaN,
        NaN,
        NaN,
        NaN,
        NaN,
        NaN,
        NaN,
        NaN,
        NaN,
        NaN,
        NaN,
        NaN,
        NaN,
        NaN,
        NaN,
        NaN,
        NaN,
        0.9994087208318755,
        0.6765100166739396,
        0.8528495699009865,
        0.963556137888851,
        0.9994087208318755,
        0.9607977041418809,
        0.9740677787519189,
        0.9994087208318755,
        0.9994087208318755,
        0.9951796340240558,
        0.9959725323486438,
        0.9994087208318755,
        0.872328868123128,
        0.9994087208318755,
        0.9994087208318755,
        0.9994087208318755,
        0.8210553044660128,
        0.8031914735011665,
        0.9985284244141248,
        0.9994087208318755,
        0.9994087208318755,
        0.9994087208318755,
        0.9994087208318755,
        0.9994087208318755,
        0.9994087208318755,
        0.9994087208318755,
        0.9994087208318755,
        0.9994087208318755,
        0.9994087208318755,
        0.9994087208318755,
        0.9994087208318755,
        0.991934675184194,
        0.8947423505826795,
        0.9994087208318755,
        0.9733697789465742,
        0.9031733957112361,
        0.9555384517353368,
        0.9994087208318755,
        0.9933864881336774,
        0.9994087208318755,
        0.9994087208318755,
        0.9336862792958093,
        0.9435807013474298,
        0.9211450022839064,
        0.9994087208318755,
        0.9994087208318755,
        0.7827148135682473,
        0.9397569293853647,
        0.7656064354939014,
        0.25048337441576635,
        0.9605367920855744,
        0.9994087208318755,
        0.015220071411201273
    ],
    "paths": [
        "MVTec/carpet/test/color/000.png",
        "MVTec/carpet/test/color/001.png",
        "MVTec/carpet/test/color/002.png",
        "MVTec/carpet/test/color/003.png",
        "MVTec/carpet/test/color/004.png",
        "MVTec/carpet/test/color/005.png",
        "MVTec/carpet/test/color/006.png",
        "MVTec/carpet/test/color/007.png",
        "MVTec/carpet/test/color/008.png",
        "MVTec/carpet/test/color/009.png",
        "MVTec/carpet/test/color/010.png",
        "MVTec/carpet/test/color/011.png",
        "MVTec/carpet/test/color/012.png",
        "MVTec/carpet/test/color/013.png",
        "MVTec/carpet/test/color/014.png",
        "MVTec/carpet/test/color/015.png",
        "MVTec/carpet/test/color/016.png",
        "MVTec/carpet/test/color/017.png",
        "MVTec/carpet/test/color/018.png",
        "MVTec/carpet/test/cut/000.png",
        "MVTec/carpet/test/cut/001.png",
        "MVTec/carpet/test/cut/002.png",
        "MVTec/carpet/test/cut/003.png",
        "MVTec/carpet/test/cut/004.png",
        "MVTec/carpet/test/cut/005.png",
        "MVTec/carpet/test/cut/006.png",
        "MVTec/carpet/test/cut/007.png",
        "MVTec/carpet/test/cut/008.png",
        "MVTec/carpet/test/cut/009.png",
        "MVTec/carpet/test/cut/010.png",
        "MVTec/carpet/test/cut/011.png",
        "MVTec/carpet/test/cut/012.png",
        "MVTec/carpet/test/cut/013.png",
        "MVTec/carpet/test/cut/014.png",
        "MVTec/carpet/test/cut/015.png",
        "MVTec/carpet/test/cut/016.png",
        "MVTec/carpet/test/good/000.png",
        "MVTec/carpet/test/good/001.png",
        "MVTec/carpet/test/good/002.png",
        "MVTec/carpet/test/good/003.png",
        "MVTec/carpet/test/good/004.png",
        "MVTec/carpet/test/good/005.png",
        "MVTec/carpet/test/good/006.png",
        "MVTec/carpet/test/good/007.png",
        "MVTec/carpet/test/good/008.png",
        "MVTec/carpet/test/good/009.png",
        "MVTec/carpet/test/good/010.png",
        "MVTec/carpet/test/good/011.png",
        "MVTec/carpet/test/good/012.png",
        "MVTec/carpet/test/good/013.png",
        "MVTec/carpet/test/good/014.png",
        "MVTec/carpet/test/good/015.png",
        "MVTec/carpet/test/good/016.png",
        "MVTec/carpet/test/good/017.png",
        "MVTec/carpet/test/good/018.png",
        "MVTec/carpet/test/good/019.png",
        "MVTec/carpet/test/good/020.png",
        "MVTec/carpet/test/good/021.png",
        "MVTec/carpet/test/good/022.png",
        "MVTec/carpet/test/good/023.png",
        "MVTec/carpet/test/good/024.png",
        "MVTec/carpet/test/good/025.png",
        "MVTec/carpet/test/good/026.png",
        "MVTec/carpet/test/good/027.png",
        "MVTec/carpet/test/hole/000.png",
        "MVTec/carpet/test/hole/001.png",
        "MVTec/carpet/test/hole/002.png",
        "MVTec/carpet/test/hole/003.png",
        "MVTec/carpet/test/hole/004.png",
        "MVTec/carpet/test/hole/005.png",
        "MVTec/carpet/test/hole/006.png",
        "MVTec/carpet/test/hole/007.png",
        "MVTec/carpet/test/hole/008.png",
        "MVTec/carpet/test/hole/009.png",
        "MVTec/carpet/test/hole/010.png",
        "MVTec/carpet/test/hole/011.png",
        "MVTec/carpet/test/hole/012.png",
        "MVTec/carpet/test/hole/013.png",
        "MVTec/carpet/test/hole/014.png",
        "MVTec/carpet/test/hole/015.png",
        "MVTec/carpet/test/hole/016.png",
        "MVTec/carpet/test/metal_contamination/000.png",
        "MVTec/carpet/test/metal_contamination/001.png",
        "MVTec/carpet/test/metal_contamination/002.png",
        "MVTec/carpet/test/metal_contamination/003.png",
        "MVTec/carpet/test/metal_contamination/004.png",
        "MVTec/carpet/test/metal_contamination/005.png",
        "MVTec/carpet/test/metal_contamination/006.png",
        "MVTec/carpet/test/metal_contamination/007.png",
        "MVTec/carpet/test/metal_contamination/008.png",
        "MVTec/carpet/test/metal_contamination/009.png",
        "MVTec/carpet/test/metal_contamination/010.png",
        "MVTec/carpet/test/metal_contamination/011.png",
        "MVTec/carpet/test/metal_contamination/012.png",
        "MVTec/carpet/test/metal_contamination/013.png",
        "MVTec/carpet/test/metal_contamination/014.png",
        "MVTec/carpet/test/metal_contamination/015.png",
        "MVTec/carpet/test/metal_contamination/016.png",
        "MVTec/carpet/test/thread/000.png",
        "MVTec/carpet/test/thread/001.png",
        "MVTec/carpet/test/thread/002.png",
        "MVTec/carpet/test/thread/003.png",
        "MVTec/carpet/test/thread/004.png",
        "MVTec/carpet/test/thread/005.png",
        "MVTec/carpet/test/thread/006.png",
        "MVTec/carpet/test/thread/007.png",
        "MVTec/carpet/test/thread/008.png",
        "MVTec/carpet/test/thread/009.png",
        "MVTec/carpet/test/thread/010.png",
