{
    "shared_fpr_metric": "mean-per-image-fpr",
    "fpr_lower_bound": 1e-05,
    "fpr_upper_bound": 0.0001,
    "num_threshs": 5920,
    "thresh_lower_bound": 218.13882446289062,
    "thresh_upper_bound": 268.2808532714844,
    "aupimos": [
        NaN,
        NaN,
        NaN,
        NaN,
        NaN,
        NaN,
        NaN,
        NaN,
        NaN,
        NaN,
        NaN,
        NaN,
        NaN,
        NaN,
        NaN,
        NaN,
        NaN,
        NaN,
        NaN,
        NaN,
        NaN,
        NaN,
        NaN,
        NaN,
        NaN,
        NaN,
        NaN,
        NaN,
        NaN,
        NaN,
        NaN,
        NaN,
        NaN,
        NaN,
        NaN,
        NaN,
        NaN,
        NaN,
        NaN,
        NaN,
        NaN,
        0.0,
        0.0,
        0.0,
        0.08843420011792119,
        0.16871580116971804,
        0.13429905110037246,
        0.0,
        0.0,
        0.0,
        0.0,
        0.0013651473360015228,
        0.0,
        0.0,
        0.0,
        0.010991307019522232,
        0.0031919163420949482,
        0.08189199730337934,
        0.0025654353065692934,
        0.0,
        0.0,
        0.0,
        0.0,
        0.0,
        0.0,
        0.0,
        0.0,
        0.03319745945182931,
        0.0,
        0.09727960576420722,
        0.0,
        0.0,
        0.05809482077249408,
        0.0,
        0.0,
        0.0,
        0.42146884773439763,
        0.03673540242079889,
        0.10306585272789892,
        0.0,
        0.051151887676878886,
        0.15627847603842573,
        0.06504530802248268,
        0.0,
        0.06412748582095135,
        0.0,
        0.0,
        0.0,
        0.0,
        0.0,
        0.007936128957977542,
        0.0,
        0.46738044076075136,
        0.0,
        0.0,
        0.061484029826559275,
        0.7332706846456785,
        0.3571769692682766,
        0.26714245977168444,
        0.0,
        0.0,
        0.0,
        0.0,
        0.0,
        0.37889040423898007,
        0.37137525197522026,
        0.03740925657456699,
        0.08142353471983388,
        0.046095263139141265,
        0.0347609269614979,
        0.0,
        0.6354884416284236,
        0.0,
        0.1867218498186236,
        0.0,
        0.0,
        0.0,
        0.0,
        0.0,
        0.0,
        0.0,
        0.0,
        0.0,
        0.0,
        0.0,
        0.0,
        0.0,
        0.0,
        0.0,
        0.0,
        0.0,
        0.0,
        0.0,
        0.0,
        0.0,
        0.0,
        0.0,
        0.0,
        0.0,
        0.0,
        0.0,
        0.0,
        0.0,
        0.0020542418552681263,
        0.0,
        0.0,
        0.0,
        0.0,
        0.02847798164800356,
        0.0,
        0.0,
        0.0,
        0.0,
        0.0,
        0.0,
        0.0,
        0.0,
        0.004682317502614804,
        0.0,
        0.07388491851235043
    ],
    "paths": [
        "MVTec/screw/test/good/000.png",
        "MVTec/screw/test/good/001.png",
        "MVTec/screw/test/good/002.png",
        "MVTec/screw/test/good/003.png",
        "MVTec/screw/test/good/004.png",
        "MVTec/screw/test/good/005.png",
        "MVTec/screw/test/good/006.png",
        "MVTec/screw/test/good/007.png",
        "MVTec/screw/test/good/008.png",
        "MVTec/screw/test/good/009.png",
        "MVTec/screw/test/good/010.png",
        "MVTec/screw/test/good/011.png",
        "MVTec/screw/test/good/012.png",
        "MVTec/screw/test/good/013.png",
        "MVTec/screw/test/good/014.png",
        "MVTec/screw/test/good/015.png",
        "MVTec/screw/test/good/016.png",
        "MVTec/screw/test/good/017.png",
        "MVTec/screw/test/good/018.png",
        "MVTec/screw/test/good/019.png",
        "MVTec/screw/test/good/020.png",
        "MVTec/screw/test/good/021.png",
        "MVTec/screw/test/good/022.png",
        "MVTec/screw/test/good/023.png",
        "MVTec/screw/test/good/024.png",
        "MVTec/screw/test/good/025.png",
        "MVTec/screw/test/good/026.png",
        "MVTec/screw/test/good/027.png",
        "MVTec/screw/test/good/028.png",
        "MVTec/screw/test/good/029.png",
        "MVTec/screw/test/good/030.png",
        "MVTec/screw/test/good/031.png",
        "MVTec/screw/test/good/032.png",
        "MVTec/screw/test/good/033.png",
        "MVTec/screw/test/good/034.png",
        "MVTec/screw/test/good/035.png",
        "MVTec/screw/test/good/036.png",
        "MVTec/screw/test/good/037.png",
        "MVTec/screw/test/good/038.png",
        "MVTec/screw/test/good/039.png",
        "MVTec/screw/test/good/040.png",
        "MVTec/screw/test/manipulated_front/000.png",
        "MVTec/screw/test/manipulated_front/001.png",
        "MVTec/screw/test/manipulated_front/002.png",
        "MVTec/screw/test/manipulated_front/003.png",
        "MVTec/screw/test/manipulated_front/004.png",
        "MVTec/screw/test/manipulated_front/005.png",
        "MVTec/screw/test/manipulated_front/006.png",
        "MVTec/screw/test/manipulated_front/007.png",
        "MVTec/screw/test/manipulated_front/008.png",
        "MVTec/screw/test/manipulated_front/009.png",
        "MVTec/screw/test/manipulated_front/010.png",
        "MVTec/screw/test/manipulated_front/011.png",
        "MVTec/screw/test/manipulated_front/012.png",
        "MVTec/screw/test/manipulated_front/013.png",
        "MVTec/screw/test/manipulated_front/014.png",
        "MVTec/screw/test/manipulated_front/015.png",
        "MVTec/screw/test/manipulated_front/016.png",
        "MVTec/screw/test/manipulated_front/017.png",
        "MVTec/screw/test/manipulated_front/018.png",
        "MVTec/screw/test/manipulated_front/019.png",
        "MVTec/screw/test/manipulated_front/020.png",
        "MVTec/screw/test/manipulated_front/021.png",
        "MVTec/screw/test/manipulated_front/022.png",
        "MVTec/screw/test/manipulated_front/023.png",
        "MVTec/screw/test/scratch_head/000.png",
        "MVTec/screw/test/scratch_head/001.png",
        "MVTec/screw/test/scratch_head/002.png",
        "MVTec/screw/test/scratch_head/003.png",
        "MVTec/screw/test/scratch_head/004.png",
        "MVTec/screw/test/scratch_head/005.png",
        "MVTec/screw/test/scratch_head/006.png",
        "MVTec/screw/test/scratch_head/007.png",
        "MVTec/screw/test/scratch_head/008.png",
        "MVTec/screw/test/scratch_head/009.png",
        "MVTec/screw/test/scratch_head/010.png",
        "MVTec/screw/test/scratch_head/011.png",
        "MVTec/screw/test/scratch_head/012.png",
        "MVTec/screw/test/scratch_head/013.png",
        "MVTec/screw/test/scratch_head/014.png",
        "MVTec/screw/test/scratch_head/015.png",
        "MVTec/screw/test/scratch_head/016.png",
        "MVTec/screw/test/scratch_head/017.png",
        "MVTec/screw/test/scratch_head/018.png",
        "MVTec/screw/test/scratch_head/019.png",
        "MVTec/screw/test/scratch_head/020.png",
        "MVTec/screw/test/scratch_head/021.png",
        "MVTec/screw/test/scratch_head/022.png",
        "MVTec/screw/test/scratch_head/023.png",
        "MVTec/screw/test/scratch_neck/000.png",
        "MVTec/screw/test/scratch_neck/001.png",
        "MVTec/screw/test/scratch_neck/002.png",
        "MVTec/screw/test/scratch_neck/003.png",
        "MVTec/screw/test/scratch_neck/004.png",
        "MVTec/screw/test/scratch_neck/005.png",
        "MVTec/screw/test/scratch_neck/006.png",
        "MVTec/screw/test/scratch_neck/007.png",
        "MVTec/screw/test/scratch_neck/008.png",
        "MVTec/screw/test/scratch_neck/009.png",
        "MVTec/screw/test/scratch_neck/010.png",
        "MVTec/screw/test/scratch_neck/011.png",
        "MVTec/screw/test/scratch_neck/012.png",
        "MVTec/screw/test/scratch_neck/013.png",
        "MVTec/screw/test/scratch_neck/014.png",
        "MVTec/screw/test/scratch_neck/015.png",
        "MVTec/screw/test/scratch_neck/016.png",
        "MVTec/screw/test/scratch_neck/017.png",
