{
    "shared_fpr_metric": "mean-per-image-fpr",
    "fpr_lower_bound": 1e-05,
    "fpr_upper_bound": 0.0001,
    "num_threshs": 8837,
    "thresh_lower_bound": 2.6337757110595703,
    "thresh_upper_bound": 3.956087827682495,
    "aupimos": [
        0.0,
        0.0,
        0.0025007906200452874,
        0.0,
        0.0,
        0.0,
        0.009573710325889448,
        0.0,
        0.22804773619527993,
        0.0,
        0.3424585434149918,
        0.5972404029644138,
        0.21314170587675413,
        0.021094425768808385,
        0.0,
        0.5783652868480603,
        0.04182947649663236,
        0.256175611589141,
        0.23060247337651113,
        0.09681889784525276,
        0.0,
        0.0,
        0.0,
        0.0,
        0.39610516608549434,
        0.21647327965519378,
        0.05113999676174036,
        0.18941465388814388,
        0.09164784557554817,
        0.0,
        0.04425090171694386,
        0.0025437186899898655,
        0.9610120138018955,
        0.0,
        0.0,
        0.23132019749815289,
        0.9725183685894309,
        0.0024632717672816965,
        0.0,
        0.16582067255106658,
        0.003359629456193247,
        0.9111005693259818,
        0.0,
        0.8797426417954861,
        0.09494381712963461,
        0.07839331667663522,
        0.0,
        0.0,
        0.007212931462558891,
        0.047660901913841376,
        0.0006071958031132744,
        0.0,
        0.016662866287583414,
        0.060773242635419535,
        0.0,
        0.0013609371199111066,
        0.0,
        0.05170469890425643,
        0.0,
        0.0,
        0.00023318398958931575,
        0.0,
        0.04845716299258328,
        0.0,
        0.0,
        0.037905370334209106,
        0.0,
        0.006087985962355241,
        0.08521827585995957,
        0.004156526567238378,
        0.0,
        0.0,
        0.0,
        0.049655229448508205,
        0.0,
        0.0,
        0.0,
        0.0,
        0.0,
        0.0,
        0.05411350797513523,
        0.0,
        0.034763529914227015,
        0.3119999223237445,
        0.018653019170904256,
        0.0,
        0.15031644132451796,
        0.13363790432446937,
        0.0,
        0.1862388490561043,
        0.0014669762613845167,
        0.4245284351106959,
        0.0,
        0.4999689252810935,
        0.011048588968556778,
        0.06750093102266647,
        0.14079654685338636,
        0.025216376270690788,
        0.0,
        0.9318290252685978,
        NaN,
        NaN,
        NaN,
        NaN,
        NaN,
        NaN,
        NaN,
        NaN,
        NaN,
        NaN,
        NaN,
        NaN,
        NaN,
        NaN,
        NaN,
        NaN,
        NaN,
        NaN,
        NaN,
        NaN,
        NaN,
        NaN,
        NaN,
        NaN,
        NaN,
        NaN,
        NaN,
        NaN,
        NaN,
        NaN,
        NaN,
        NaN,
        NaN,
        NaN,
        NaN,
        NaN,
        NaN,
        NaN,
        NaN,
        NaN,
        NaN,
        NaN,
        NaN,
        NaN,
        NaN,
        NaN,
        NaN,
        NaN,
        NaN,
        NaN,
        NaN,
        NaN,
        NaN,
        NaN,
        NaN,
        NaN,
        NaN,
        NaN,
        NaN,
        NaN,
        NaN,
        NaN,
        NaN,
        NaN,
        NaN,
        NaN,
        NaN,
        NaN,
        NaN,
        NaN,
        NaN,
        NaN,
        NaN,
        NaN,
        NaN,
        NaN,
        NaN,
        NaN,
        NaN,
        NaN,
        NaN,
        NaN,
        NaN,
        NaN,
        NaN,
        NaN,
        NaN,
        NaN,
        NaN,
        NaN,
        NaN,
        NaN,
        NaN,
        NaN,
        NaN,
        NaN,
        NaN,
        NaN,
        NaN,
        NaN,
        NaN
    ],
    "paths": [
        "VisA/visa_pytorch/pcb4/test/bad/000.JPG",
        "VisA/visa_pytorch/pcb4/test/bad/001.JPG",
        "VisA/visa_pytorch/pcb4/test/bad/002.JPG",
        "VisA/visa_pytorch/pcb4/test/bad/003.JPG",
        "VisA/visa_pytorch/pcb4/test/bad/004.JPG",
        "VisA/visa_pytorch/pcb4/test/bad/005.JPG",
        "VisA/visa_pytorch/pcb4/test/bad/006.JPG",
        "VisA/visa_pytorch/pcb4/test/bad/007.JPG",
        "VisA/visa_pytorch/pcb4/test/bad/008.JPG",
        "VisA/visa_pytorch/pcb4/test/bad/009.JPG",
        "VisA/visa_pytorch/pcb4/test/bad/010.JPG",
        "VisA/visa_pytorch/pcb4/test/bad/011.JPG",
        "VisA/visa_pytorch/pcb4/test/bad/012.JPG",
        "VisA/visa_pytorch/pcb4/test/bad/013.JPG",
        "VisA/visa_pytorch/pcb4/test/bad/014.JPG",
        "VisA/visa_pytorch/pcb4/test/bad/015.JPG",
        "VisA/visa_pytorch/pcb4/test/bad/016.JPG",
        "VisA/visa_pytorch/pcb4/test/bad/017.JPG",
        "VisA/visa_pytorch/pcb4/test/bad/018.JPG",
        "VisA/visa_pytorch/pcb4/test/bad/019.JPG",
        "VisA/visa_pytorch/pcb4/test/bad/020.JPG",
        "VisA/visa_pytorch/pcb4/test/bad/021.JPG",
        "VisA/visa_pytorch/pcb4/test/bad/022.JPG",
        "VisA/visa_pytorch/pcb4/test/bad/023.JPG",
        "VisA/visa_pytorch/pcb4/test/bad/024.JPG",
        "VisA/visa_pytorch/pcb4/test/bad/025.JPG",
        "VisA/visa_pytorch/pcb4/test/bad/026.JPG",
        "VisA/visa_pytorch/pcb4/test/bad/027.JPG",
        "VisA/visa_pytorch/pcb4/test/bad/028.JPG",
        "VisA/visa_pytorch/pcb4/test/bad/029.JPG",
        "VisA/visa_pytorch/pcb4/test/bad/030.JPG",
        "VisA/visa_pytorch/pcb4/test/bad/031.JPG",
        "VisA/visa_pytorch/pcb4/test/bad/032.JPG",
        "VisA/visa_pytorch/pcb4/test/bad/033.JPG",
        "VisA/visa_pytorch/pcb4/test/bad/034.JPG",
        "VisA/visa_pytorch/pcb4/test/bad/035.JPG",
        "VisA/visa_pytorch/pcb4/test/bad/036.JPG",
        "VisA/visa_pytorch/pcb4/test/bad/037.JPG",
        "VisA/visa_pytorch/pcb4/test/bad/038.JPG",
        "VisA/visa_pytorch/pcb4/test/bad/039.JPG",
        "VisA/visa_pytorch/pcb4/test/bad/040.JPG",
        "VisA/visa_pytorch/pcb4/test/bad/041.JPG",
        "VisA/visa_pytorch/pcb4/test/bad/042.JPG",
        "VisA/visa_pytorch/pcb4/test/bad/043.JPG",
        "VisA/visa_pytorch/pcb4/test/bad/044.JPG",
        "VisA/visa_pytorch/pcb4/test/bad/045.JPG",
        "VisA/visa_pytorch/pcb4/test/bad/046.JPG",
        "VisA/visa_pytorch/pcb4/test/bad/047.JPG",
        "VisA/visa_pytorch/pcb4/test/bad/048.JPG",
        "VisA/visa_pytorch/pcb4/test/bad/049.JPG",
        "VisA/visa_pytorch/pcb4/test/bad/050.JPG",
        "VisA/visa_pytorch/pcb4/test/bad/051.JPG",
        "VisA/visa_pytorch/pcb4/test/bad/052.JPG",
        "VisA/visa_pytorch/pcb4/test/bad/053.JPG",
        "VisA/visa_pytorch/pcb4/test/bad/054.JPG",
        "VisA/visa_pytorch/pcb4/test/bad/055.JPG",
        "VisA/visa_pytorch/pcb4/test/bad/056.JPG",
        "VisA/visa_pytorch/pcb4/test/bad/057.JPG",
        "VisA/visa_pytorch/pcb4/test/bad/058.JPG",
        "VisA/visa_pytorch/pcb4/test/bad/059.JPG",
        "VisA/visa_pytorch/pcb4/test/bad/060.JPG",
        "VisA/visa_pytorch/pcb4/test/bad/061.JPG",
        "VisA/visa_pytorch/pcb4/test/bad/062.JPG",
        "VisA/visa_pytorch/pcb4/test/bad/063.JPG",
        "VisA/visa_pytorch/pcb4/test/bad/064.JPG",
        "VisA/visa_pytorch/pcb4/test/bad/065.JPG",
        "VisA/visa_pytorch/pcb4/test/bad/066.JPG",
        "VisA/visa_pytorch/pcb4/test/bad/067.JPG",
        "VisA/visa_pytorch/pcb4/test/bad/068.JPG",
        "VisA/visa_pytorch/pcb4/test/bad/069.JPG",
        "VisA/visa_pytorch/pcb4/test/bad/070.JPG",
        "VisA/visa_pytorch/pcb4/test/bad/071.JPG",
        "VisA/visa_pytorch/pcb4/test/bad/072.JPG",
        "VisA/visa_pytorch/pcb4/test/bad/073.JPG",
        "VisA/visa_pytorch/pcb4/test/bad/074.JPG",
        "VisA/visa_pytorch/pcb4/test/bad/075.JPG",
        "VisA/visa_pytorch/pcb4/test/bad/076.JPG",
        "VisA/visa_pytorch/pcb4/test/bad/077.JPG",
        "VisA/visa_pytorch/pcb4/test/bad/078.JPG",
        "VisA/visa_pytorch/pcb4/test/bad/079.JPG",
        "VisA/visa_pytorch/pcb4/test/bad/080.JPG",
