{
    "shared_fpr_metric": "mean-per-image-fpr",
    "fpr_lower_bound": 1e-05,
    "fpr_upper_bound": 0.0001,
    "num_threshs": 10071,
    "thresh_lower_bound": 0.5425660610198975,
    "thresh_upper_bound": 0.9532294273376465,
    "aupimos": [
        0.0013222421106446841,
        0.2564401900289925,
        0.9479088198136107,
        0.9999999999999997,
        0.3322866042478258,
        0.9659937879624226,
        0.03571979409035898,
        0.22690736618734755,
        0.945423180016968,
        0.9999260048339741,
        0.8550621522514795,
        0.9144246567920722,
        0.33617212357766285,
        0.7310314196188273,
        0.9702089042607734,
        0.00013317544025059715,
        0.9936208134727408,
        0.03849587343144637,
        0.0,
        0.22019989761458794,
        0.12185773345512982,
        0.9901904124612623,
        0.004922177678898155,
        0.8973598392314527,
        0.0,
        0.0,
        0.0,
        0.018435990735733106,
        0.7235160747618786,
        0.03483992028449353,
        0.8037445564446207,
        0.556360319304051,
        0.9104112820542491,
        0.16024656729519768,
        0.18270019232199036,
        0.0069764001228570655,
        0.5567339666744681,
        0.0,
        0.498542591796918,
        0.6757568732519617,
        0.8823573474356339,
        0.9928083659542942,
        0.6710136201935077,
        0.9933533785632932,
        0.9961508089934499,
        0.9880398909159663,
        0.9906714378805416,
        0.5725139993737222,
        0.321264957014891,
        0.9382491380985112,
        0.9912686742654158,
        0.8583560511106595,
        0.15616875393512467,
        0.08373226268694436,
        0.997641207622577,
        0.9952470303371601,
        0.041803082317292,
        0.8977404823731355,
        0.5173329736602854,
        0.9963009797405842,
        0.032275015967520054,
        0.17441493998135646,
        0.6475280094296622,
        0.030742605660640004,
        0.6553525762627008,
        0.8113043478260866,
        0.06319179627695226,
        0.00035409033796034693,
        0.20880975894376508,
        0.2542500146585556,
        0.7235408694726467,
        0.9414155861327227,
        0.8352941176470585,
        0.0,
        0.0004849576911889684,
        0.013786266961457922,
        0.00010527521071386927,
        0.011922382392699875,
        0.06695330634996587,
        0.1328799319860022,
        0.0,
        0.006688494516362477,
        0.5527913096872266,
        0.0,
        0.04550320516999385,
        0.0,
        0.6714135987723377,
        0.23368069859917825,
        0.12819902534276892,
        0.08674780717478321,
        0.2676307185879654,
        0.054126998758175573,
        0.5560319359443616,
        0.3904866531524136,
        0.03739284805173149,
        0.47283812418503895,
        0.17151494400859862,
        0.0,
        0.1783262611146817,
        0.8341121763370029,
        NaN,
        NaN,
        NaN,
        NaN,
        NaN,
        NaN,
        NaN,
        NaN,
        NaN,
        NaN,
        NaN,
        NaN,
        NaN,
        NaN,
        NaN,
        NaN,
        NaN,
        NaN,
        NaN,
        NaN,
        NaN,
        NaN,
        NaN,
        NaN,
        NaN,
        NaN,
        NaN,
        NaN,
        NaN,
        NaN,
        NaN,
        NaN,
        NaN,
        NaN,
        NaN,
        NaN,
        NaN,
        NaN,
        NaN,
        NaN,
        NaN,
        NaN,
        NaN,
        NaN,
        NaN,
        NaN,
        NaN,
        NaN,
        NaN,
        NaN,
        NaN,
        NaN,
        NaN,
        NaN,
        NaN,
        NaN,
        NaN,
        NaN,
        NaN,
        NaN,
        NaN,
        NaN,
        NaN,
        NaN,
        NaN,
        NaN,
        NaN,
        NaN,
        NaN,
        NaN,
        NaN,
        NaN,
        NaN,
        NaN,
        NaN,
        NaN,
        NaN,
        NaN,
        NaN,
        NaN,
        NaN,
        NaN,
        NaN,
        NaN,
        NaN,
        NaN,
        NaN,
        NaN,
        NaN,
        NaN,
        NaN,
        NaN,
        NaN,
        NaN,
        NaN,
        NaN,
        NaN,
        NaN,
        NaN,
        NaN
    ],