{
    "shared_fpr_metric": "mean-per-image-fpr",
    "fpr_lower_bound": 1e-05,
    "fpr_upper_bound": 0.0001,
    "num_threshs": null,
    "thresh_lower_bound": -0.318999707698822,
    "thresh_upper_bound": -0.21991406381130219,
    "aupimos": [
        0.7346758561377552,
        0.9275547068975832,
        0.6813868595878008,
        0.9367452507513462,
        1.0,
        0.9194205196794523,
        0.9656335218688914,
        0.9756518408630764,
        0.419245487641232,
        0.9973602004888575,
        0.9998022027020518,
        0.9940589126850914,
        0.9829394060469975,
        0.23553345552493826,
        0.2462943545475549,
        0.6147472427360726,
        0.4972900073435854,
        0.03748839703469665,
        0.4253716399730295,
        0.2487969822707958,
        0.07204047721691462,
        0.5088308269051512,
        0.3135236706964778,
        0.3399898531225659,
        0.03385089459725999,
        0.6646635827414411,
        0.9061821316694199,
        0.5740098113194637,
        0.602415860762346,
        0.21462412708098275,
        0.6921375708065595,
        0.855641833856978,
        0.4926130864484108,
        0.9223484084761286,
        0.36953312038116615,
        0.8871813369482033,
        0.1754421732624333,
        0.618595827394491,
        0.5166829907750217,
        0.32112424003038187,
        0.8279573680950293,
        0.006593482467436416,
        0.2991999306773051,
        0.15671062970921565,
        0.11487045636065235,
        0.32637181153413103,
        0.2926104033742041,
        0.2950547594061422,
        0.3827133913898835,
        0.3773379074557739,
        0.506981929179691,
        0.9736438701077565,
        0.1903535904121316,
        0.43336261359605327,
        0.00028695080836664257,
        0.5535718192829058,
        0.8846241162160742,
        0.24101127517379795,
        0.0010496504646463525,
        0.18833409524860767,
        NaN,
        NaN,
        NaN,
        NaN,
        NaN,
        NaN,
        NaN,
        NaN,
        NaN,
        NaN,
        NaN,
        NaN,
        NaN,
        NaN,
        NaN,
        NaN,
        NaN,
        NaN,
        NaN,
        NaN,
        NaN,
        NaN,
        NaN,
        NaN,
        NaN,
        NaN,
        NaN,
        NaN,
        NaN,
        NaN,
        NaN,
        NaN,
        NaN,
        NaN,
        NaN,
        NaN,
        NaN,
        NaN,
        NaN,
        NaN,
        NaN,
        NaN,
        NaN,
        NaN,
        NaN,
        NaN,
        NaN,
        NaN,
        NaN,
        NaN,
        NaN,
        NaN,
        NaN,
        NaN,
        NaN,
        NaN,
        NaN,
        NaN,
        0.9291238998670337,
        0.9865618246877692,
        0.9760078497478929,
        0.9673607105287396,
        0.9105016944099567,
        0.8673963675118198,
        0.9999004287109362,
        0.9923913807396102,
        0.9561874877228776,
        0.9737147919499629,
        0.8387983655331887,
        0.9461469237242909,
        0.0016601867772917213,
        0.746962619361087,
        0.3877663558695309,
        0.8777032777274975,
        0.8357362681871998,
        0.3331433228350826,
        0.3011432322767079,
        0.306910512757213,
        0.25731108793358776,
        0.9254139244928016,
        0.7084097674214839,
        0.6241026860077719,
        0.9823990661127567,
        0.059116273479998434,
        0.0,
        0.9949931448148206,
        0.01331504444826007,
        0.1929251673550201,
        0.12772219909949983,
        0.008050115021349741
    ],
    "paths": [
        "MVTec/cable/test/bent_wire/000.png",
        "MVTec/cable/test/bent_wire/001.png",
        "MVTec/cable/test/bent_wire/002.png",
        "MVTec/cable/test/bent_wire/003.png",
        "MVTec/cable/test/bent_wire/004.png",
        "MVTec/cable/test/bent_wire/005.png",
        "MVTec/cable/test/bent_wire/006.png",
        "MVTec/cable/test/bent_wire/007.png",
        "MVTec/cable/test/bent_wire/008.png",
        "MVTec/cable/test/bent_wire/009.png",
        "MVTec/cable/test/bent_wire/010.png",
        "MVTec/cable/test/bent_wire/011.png",
        "MVTec/cable/test/bent_wire/012.png",
        "MVTec/cable/test/cable_swap/000.png",
        "MVTec/cable/test/cable_swap/001.png",
        "MVTec/cable/test/cable_swap/002.png",
        "MVTec/cable/test/cable_swap/003.png",
        "MVTec/cable/test/cable_swap/004.png",
        "MVTec/cable/test/cable_swap/005.png",
        "MVTec/cable/test/cable_swap/006.png",
        "MVTec/cable/test/cable_swap/007.png",
        "MVTec/cable/test/cable_swap/008.png",
        "MVTec/cable/test/cable_swap/009.png",
        "MVTec/cable/test/cable_swap/010.png",
        "MVTec/cable/test/cable_swap/011.png",
        "MVTec/cable/test/combined/000.png",
        "MVTec/cable/test/combined/001.png",
        "MVTec/cable/test/combined/002.png",
        "MVTec/cable/test/combined/003.png",
        "MVTec/cable/test/combined/004.png",
        "MVTec/cable/test/combined/005.png",
        "MVTec/cable/test/combined/006.png",
        "MVTec/cable/test/combined/007.png",
        "MVTec/cable/test/combined/008.png",
        "MVTec/cable/test/combined/009.png",
        "MVTec/cable/test/combined/010.png",
        "MVTec/cable/test/cut_inner_insulation/000.png",
        "MVTec/cable/test/cut_inner_insulation/001.png",
        "MVTec/cable/test/cut_inner_insulation/002.png",
        "MVTec/cable/test/cut_inner_insulation/003.png",
        "MVTec/cable/test/cut_inner_insulation/004.png",
        "MVTec/cable/test/cut_inner_insulation/005.png",
        "MVTec/cable/test/cut_inner_insulation/006.png",
        "MVTec/cable/test/cut_inner_insulation/007.png",
        "MVTec/cable/test/cut_inner_insulation/008.png",
        "MVTec/cable/test/cut_inner_insulation/009.png",
        "MVTec/cable/test/cut_inner_insulation/010.png",
        "MVTec/cable/test/cut_inner_insulation/011.png",
        "MVTec/cable/test/cut_inner_insulation/012.png",
        "MVTec/cable/test/cut_inner_insulation/013.png",
        "MVTec/cable/test/cut_outer_insulation/000.png",
        "MVTec/cable/test/cut_outer_insulation/001.png",
        "MVTec/cable/test/cut_outer_insulation/002.png",
        "MVTec/cable/test/cut_outer_insulation/003.png",
        "MVTec/cable/test/cut_outer_insulation/004.png",
        "MVTec/cable/test/cut_outer_insulation/005.png",
        "MVTec/cable/test/cut_outer_insulation/006.png",
        "MVTec/cable/test/cut_outer_insulation/007.png",
        "MVTec/cable/test/cut_outer_insulation/008.png",
        "MVTec/cable/test/cut_outer_insulation/009.png",
        "MVTec/cable/test/good/000.png",
        "MVTec/cable/test/good/001.png",
        "MVTec/cable/test/good/002.png",
        "MVTec/cable/test/good/003.png",
        "MVTec/cable/test/good/004.png",
        "MVTec/cable/test/good/005.png",
        "MVTec/cable/test/good/006.png",
        "MVTec/cable/test/good/007.png",
        "MVTec/cable/test/good/008.png",
        "MVTec/cable/test/good/009.png",
        "MVTec/cable/test/good/010.png",
        "MVTec/cable/test/good/011.png",
        "MVTec/cable/test/good/012.png",
        "MVTec/cable/test/good/013.png",
        "MVTec/cable/test/good/014.png",
        "MVTec/cable/test/good/015.png",
        "MVTec/cable/test/good/016.png",
        "MVTec/cable/test/good/017.png",
        "MVTec/cable/test/good/018.png",
        "MVTec/cable/test/good/019.png",
        "MVTec/cable/test/good/020.png",
        "MVTec/cable/test/good/021.png",
        "MVTec/cable/test/good/022.png",
        "MVTec/cable/test/good/023.png",
        "MVTec/cable/test/good/024.png",
        "MVTec/cable/test/good/025.png",
        "MVTec/cable/test/good/026.png",
        "MVTec/cable/test/good/027.png",
        "MVTec/cable/test/good/028.png",
        "MVTec/cable/test/good/029.png",
        "MVTec/cable/test/good/030.png",
        "MVTec/cable/test/good/031.png",
        "MVTec/cable/test/good/032.png",
