{
    "shared_fpr_metric": "mean-per-image-fpr",
    "fpr_lower_bound": 1e-05,
    "fpr_upper_bound": 0.0001,
    "num_threshs": null,
    "thresh_lower_bound": 0.6553535461425781,
    "thresh_upper_bound": 0.7328208684921265,
    "aupimos": [
        0.21915689282110967,
        0.8557593486833275,
        1.0,
        0.07709630796322506,
        1.0,
        0.5176421238314286,
        0.7518371655219779,
        0.9836757180082368,
        0.942890526288365,
        0.23282157711323628,
        0.0,
        0.963221898867058,
        0.0,
        0.9999618101670743,
        0.3031636530516633,
        0.6621177085677504,
        0.3376231590010231,
        0.048106848072936595,
        0.7768062263432238,
        0.39447502022522035,
        0.7386493895172493,
        0.7900068416170801,
        0.0,
        0.06998988357292048,
        0.1893935435696501,
        0.14801712962107183,
        0.7103800388583267,
        0.8180603212170722,
        0.8774998990959488,
        0.5733771003350474,
        0.0,
        0.0012175815175954614,
        0.7020177898718192,
        0.38465227594436946,
        0.8657640168712932,
        0.006468399700379687,
        0.0,
        0.6784754115347206,
        0.004471612345721437,
        0.8844515001168205,
        0.9969554154107392,
        0.9726525920830305,
        0.6814253512303391,
        0.5207357809592088,
        0.7673312321836759,
        0.001372413431520331,
        0.9991737266222698,
        0.7021514575782909,
        0.27450432580760653,
        0.28050908569078103,
        0.0,
        0.0,
        0.25705839419227583,
        0.0,
        0.586331697941709,
        0.0,
        0.0,
        0.0,
        0.0,
        0.12762178940946067,
        0.03777802397665353,
        1.0,
        0.0,
        0.0,
        0.7277253836219271,
        0.5341025260791283,
        0.17663580566084805,
        0.0,
        0.25018089625880363,
        0.0,
        0.0,
        0.7864552335539895,
        0.0,
        0.0,
        0.514033044836091,
        0.00537543347906496,
        0.001779977759808481,
        0.0,
        0.4594159582984413,
        0.5250241107183632,
        0.0,
        0.4462035917267257,
        0.0,
        0.0,
        0.4130940254409254,
        0.6111692145339787,
        0.9285815218233254,
        0.9813569559021647,
        0.6027939384092493,
        0.6265334866609279,
        0.338622909436681,
        0.9020597286841929,
        0.27288546543044623,
        0.8700379016848996,
        0.3487562439499362,
        0.872538643842717,
        0.004762511314620896,
        0.7593645228754803,
        0.6261079934034209,
        0.9462020213490709,
        NaN,
        NaN,
        NaN,
        NaN,
        NaN,
        NaN,
        NaN,
        NaN,
        NaN,
        NaN,
        NaN,
        NaN,
        NaN,
        NaN,
        NaN,
        NaN,
        NaN,
        NaN,
        NaN,
        NaN,
        NaN,
        NaN,
        NaN,
        NaN,
        NaN,
        NaN,
        NaN,
        NaN,
        NaN,
        NaN,
        NaN,
        NaN,
        NaN,
        NaN,
        NaN,
        NaN,
        NaN,
        NaN,
        NaN,
        NaN,
        NaN,
        NaN,
        NaN,
        NaN,
        NaN,
        NaN,
        NaN,
        NaN,
        NaN,
        NaN,
        NaN,
        NaN,
        NaN,
        NaN,
        NaN,
        NaN,
        NaN,
        NaN,
        NaN,
        NaN,
        NaN,
        NaN,
        NaN,
        NaN,
        NaN,
        NaN,
        NaN,
        NaN,
        NaN,
        NaN,
        NaN,
        NaN,
        NaN,
        NaN,
        NaN,
        NaN,
        NaN,
        NaN,
        NaN,
        NaN,
        NaN,
        NaN,
        NaN,
        NaN,
        NaN,
        NaN,
        NaN,
        NaN,
        NaN,
        NaN,
        NaN,
        NaN,
        NaN,
        NaN,
        NaN,
        NaN,
        NaN,
        NaN,
        NaN,
        NaN
    ],
    "paths": [
        "VisA/visa_pytorch/pcb2/test/bad/000.JPG",
        "VisA/visa_pytorch/pcb2/test/bad/001.JPG",
        "VisA/visa_pytorch/pcb2/test/bad/002.JPG",
        "VisA/visa_pytorch/pcb2/test/bad/003.JPG",
        "VisA/visa_pytorch/pcb2/test/bad/004.JPG",
        "VisA/visa_pytorch/pcb2/test/bad/005.JPG",
        "VisA/visa_pytorch/pcb2/test/bad/006.JPG",
        "VisA/visa_pytorch/pcb2/test/bad/007.JPG",
        "VisA/visa_pytorch/pcb2/test/bad/008.JPG",
        "VisA/visa_pytorch/pcb2/test/bad/009.JPG",
        "VisA/visa_pytorch/pcb2/test/bad/010.JPG",
        "VisA/visa_pytorch/pcb2/test/bad/011.JPG",
        "VisA/visa_pytorch/pcb2/test/bad/012.JPG",
        "VisA/visa_pytorch/pcb2/test/bad/013.JPG",
        "VisA/visa_pytorch/pcb2/test/bad/014.JPG",
        "VisA/visa_pytorch/pcb2/test/bad/015.JPG",
        "VisA/visa_pytorch/pcb2/test/bad/016.JPG",
        "VisA/visa_pytorch/pcb2/test/bad/017.JPG",
        "VisA/visa_pytorch/pcb2/test/bad/018.JPG",
        "VisA/visa_pytorch/pcb2/test/bad/019.JPG",
        "VisA/visa_pytorch/pcb2/test/bad/020.JPG",
        "VisA/visa_pytorch/pcb2/test/bad/021.JPG",
        "VisA/visa_pytorch/pcb2/test/bad/022.JPG",
        "VisA/visa_pytorch/pcb2/test/bad/023.JPG",
        "VisA/visa_pytorch/pcb2/test/bad/024.JPG",
        "VisA/visa_pytorch/pcb2/test/bad/025.JPG",
        "VisA/visa_pytorch/pcb2/test/bad/026.JPG",
        "VisA/visa_pytorch/pcb2/test/bad/027.JPG",
        "VisA/visa_pytorch/pcb2/test/bad/028.JPG",
        "VisA/visa_pytorch/pcb2/test/bad/029.JPG",
        "VisA/visa_pytorch/pcb2/test/bad/030.JPG",
        "VisA/visa_pytorch/pcb2/test/bad/031.JPG",
        "VisA/visa_pytorch/pcb2/test/bad/032.JPG",
        "VisA/visa_pytorch/pcb2/test/bad/033.JPG",
        "VisA/visa_pytorch/pcb2/test/bad/034.JPG",
        "VisA/visa_pytorch/pcb2/test/bad/035.JPG",
        "VisA/visa_pytorch/pcb2/test/bad/036.JPG",
        "VisA/visa_pytorch/pcb2/test/bad/037.JPG",
        "VisA/visa_pytorch/pcb2/test/bad/038.JPG",
        "VisA/visa_pytorch/pcb2/test/bad/039.JPG",
        "VisA/visa_pytorch/pcb2/test/bad/040.JPG",
        "VisA/visa_pytorch/pcb2/test/bad/041.JPG",
        "VisA/visa_pytorch/pcb2/test/bad/042.JPG",
        "VisA/visa_pytorch/pcb2/test/bad/043.JPG",
        "VisA/visa_pytorch/pcb2/test/bad/044.JPG",
        "VisA/visa_pytorch/pcb2/test/bad/045.JPG",
        "VisA/visa_pytorch/pcb2/test/bad/046.JPG",
        "VisA/visa_pytorch/pcb2/test/bad/047.JPG",
        "VisA/visa_pytorch/pcb2/test/bad/048.JPG",
        "VisA/visa_pytorch/pcb2/test/bad/049.JPG",
        "VisA/visa_pytorch/pcb2/test/bad/050.JPG",
        "VisA/visa_pytorch/pcb2/test/bad/051.JPG",
        "VisA/visa_pytorch/pcb2/test/bad/052.JPG",
        "VisA/visa_pytorch/pcb2/test/bad/053.JPG",
        "VisA/visa_pytorch/pcb2/test/bad/054.JPG",
        "VisA/visa_pytorch/pcb2/test/bad/055.JPG",
        "VisA/visa_pytorch/pcb2/test/bad/056.JPG",
        "VisA/visa_pytorch/pcb2/test/bad/057.JPG",
        "VisA/visa_pytorch/pcb2/test/bad/058.JPG",
        "VisA/visa_pytorch/pcb2/test/bad/059.JPG",
        "VisA/visa_pytorch/pcb2/test/bad/060.JPG",
        "VisA/visa_pytorch/pcb2/test/bad/061.JPG",
        "VisA/visa_pytorch/pcb2/test/bad/062.JPG",
        "VisA/visa_pytorch/pcb2/test/bad/063.JPG",
        "VisA/visa_pytorch/pcb2/test/bad/064.JPG",
        "VisA/visa_pytorch/pcb2/test/bad/065.JPG",
        "VisA/visa_pytorch/pcb2/test/bad/066.JPG",
        "VisA/visa_pytorch/pcb2/test/bad/067.JPG",
        "VisA/visa_pytorch/pcb2/test/bad/068.JPG",
        "VisA/visa_pytorch/pcb2/test/bad/069.JPG",
        "VisA/visa_pytorch/pcb2/test/bad/070.JPG",
        "VisA/visa_pytorch/pcb2/test/bad/071.JPG",
        "VisA/visa_pytorch/pcb2/test/bad/072.JPG",
        "VisA/visa_pytorch/pcb2/test/bad/073.JPG",
        "VisA/visa_pytorch/pcb2/test/bad/074.JPG",
        "VisA/visa_pytorch/pcb2/test/bad/075.JPG",
        "VisA/visa_pytorch/pcb2/test/bad/076.JPG",
        "VisA/visa_pytorch/pcb2/test/bad/077.JPG",
