{
    "shared_fpr_metric": "mean-per-image-fpr",
    "fpr_lower_bound": 1e-05,
    "fpr_upper_bound": 0.0001,
    "num_threshs": 1589,
    "thresh_lower_bound": 0.3406006693840027,
    "thresh_upper_bound": 0.35567399859428406,
    "aupimos": [
        0.0,
        0.0,
        0.0,
        0.03656075950590092,
        0.0,
        0.004253547495043177,
        0.0,
        0.0,
        0.0,
        0.001492302306011617,
        0.001537502617299741,
        0.0,
        0.0,
        0.0,
        0.0,
        0.0,
        9.825376464001736e-05,
        0.0,
        0.0,
        0.0,
        0.0,
        0.0,
        0.0,
        0.0,
        0.0,
        0.14486072200277997,
        0.009914418864032019,
        0.0,
        0.0,
        0.0,
        0.0,
        0.0,
        0.0,
        0.0020604638248924675,
        0.0,
        0.0,
        0.020336864747836317,
        0.0,
        0.0,
        0.0,
        0.2355775984067789,
        0.5404211888256674,
        0.33272915994430674,
        0.7130821583992113,
        0.3166942839492763,
        0.21311405020700802,
        0.5974706375223903,
        0.0,
        0.0,
        0.0,
        0.7163943501599821,
        0.0,
        0.0,
        0.0,
        0.2946080672802342,
        0.3780955481120652,
        0.0,
        0.0,
        0.0,
        0.21816496767329466,
        0.0,
        0.0006078175261891263,
        0.0,
        0.010767260996041347,
        0.008318531148766272,
        0.0,
        0.0,
        0.0,
        0.0,
        0.04027018552973873,
        0.17614219103401918,
        0.18602336450540163,
        0.0,
        0.0003152981781459207,
        0.0,
        0.0,
        0.00031397470829388883,
        0.06223430249424849,
        0.0,
        0.0,
        0.0,
        0.0003763643933532596,
        0.03237545207751746,
        0.0,
        0.017189351315562602,
        0.0,
        0.03376550117609967,
        0.0,
        0.0066211946878642755,
        0.006139828522404622,
        0.0,
        5.634491489418005e-05,
        1.803862700759135e-05,
        0.0,
        0.0,
        0.012836018877802469,
        0.0,
        0.0,
        0.002829419286614709,
        0.006391403462967484,
        NaN,
        NaN,
        NaN,
        NaN,
        NaN,
        NaN,
        NaN,
        NaN,
        NaN,
        NaN,
        NaN,
        NaN,
        NaN,
        NaN,
        NaN,
        NaN,
        NaN,
        NaN,
        NaN,
        NaN,
        NaN,
        NaN,
        NaN,
        NaN,
        NaN,
        NaN,
        NaN,
        NaN,
        NaN,
        NaN,
        NaN,
        NaN,
        NaN,
        NaN,
        NaN,
        NaN,
        NaN,
        NaN,
        NaN,
        NaN,
        NaN,
        NaN,
        NaN,
        NaN,
        NaN,
        NaN,
        NaN,
        NaN,
        NaN,
        NaN,
        NaN,
        NaN,
        NaN,
        NaN,
        NaN,
        NaN,
        NaN,
        NaN,
        NaN,
        NaN,
        NaN,
        NaN,
        NaN,
        NaN,
        NaN,
        NaN,
        NaN,
        NaN,
        NaN,
        NaN,
        NaN,
        NaN,
        NaN,
        NaN,
        NaN,
        NaN,
        NaN,
        NaN,
        NaN,
        NaN,
        NaN,
        NaN,
        NaN,
        NaN,
        NaN,
        NaN,
        NaN,
        NaN,
        NaN,
        NaN,
        NaN,
        NaN,
        NaN,
        NaN,
        NaN,
        NaN,
        NaN,
        NaN,
        NaN,
        NaN
    ],
    "paths": [
        "VisA/visa_pytorch/pcb1/test/bad/000.JPG",
        "VisA/visa_pytorch/pcb1/test/bad/001.JPG",
        "VisA/visa_pytorch/pcb1/test/bad/002.JPG",
        "VisA/visa_pytorch/pcb1/test/bad/003.JPG",
        "VisA/visa_pytorch/pcb1/test/bad/004.JPG",
        "VisA/visa_pytorch/pcb1/test/bad/005.JPG",
        "VisA/visa_pytorch/pcb1/test/bad/006.JPG",
        "VisA/visa_pytorch/pcb1/test/bad/007.JPG",
        "VisA/visa_pytorch/pcb1/test/bad/008.JPG",
        "VisA/visa_pytorch/pcb1/test/bad/009.JPG",
        "VisA/visa_pytorch/pcb1/test/bad/010.JPG",
        "VisA/visa_pytorch/pcb1/test/bad/011.JPG",
        "VisA/visa_pytorch/pcb1/test/bad/012.JPG",
        "VisA/visa_pytorch/pcb1/test/bad/013.JPG",
        "VisA/visa_pytorch/pcb1/test/bad/014.JPG",
        "VisA/visa_pytorch/pcb1/test/bad/015.JPG",
        "VisA/visa_pytorch/pcb1/test/bad/016.JPG",
        "VisA/visa_pytorch/pcb1/test/bad/017.JPG",
        "VisA/visa_pytorch/pcb1/test/bad/018.JPG",
        "VisA/visa_pytorch/pcb1/test/bad/019.JPG",
        "VisA/visa_pytorch/pcb1/test/bad/020.JPG",
        "VisA/visa_pytorch/pcb1/test/bad/021.JPG",
        "VisA/visa_pytorch/pcb1/test/bad/022.JPG",
        "VisA/visa_pytorch/pcb1/test/bad/023.JPG",
        "VisA/visa_pytorch/pcb1/test/bad/024.JPG",
        "VisA/visa_pytorch/pcb1/test/bad/025.JPG",
        "VisA/visa_pytorch/pcb1/test/bad/026.JPG",
        "VisA/visa_pytorch/pcb1/test/bad/027.JPG",
        "VisA/visa_pytorch/pcb1/test/bad/028.JPG",
        "VisA/visa_pytorch/pcb1/test/bad/029.JPG",
        "VisA/visa_pytorch/pcb1/test/bad/030.JPG",
        "VisA/visa_pytorch/pcb1/test/bad/031.JPG",
        "VisA/visa_pytorch/pcb1/test/bad/032.JPG",
        "VisA/visa_pytorch/pcb1/test/bad/033.JPG",
        "VisA/visa_pytorch/pcb1/test/bad/034.JPG",
        "VisA/visa_pytorch/pcb1/test/bad/035.JPG",
        "VisA/visa_pytorch/pcb1/test/bad/036.JPG",
        "VisA/visa_pytorch/pcb1/test/bad/037.JPG",
        "VisA/visa_pytorch/pcb1/test/bad/038.JPG",
        "VisA/visa_pytorch/pcb1/test/bad/039.JPG",
        "VisA/visa_pytorch/pcb1/test/bad/040.JPG",
        "VisA/visa_pytorch/pcb1/test/bad/041.JPG",
        "VisA/visa_pytorch/pcb1/test/bad/042.JPG",
        "VisA/visa_pytorch/pcb1/test/bad/043.JPG",
        "VisA/visa_pytorch/pcb1/test/bad/044.JPG",
        "VisA/visa_pytorch/pcb1/test/bad/045.JPG",
        "VisA/visa_pytorch/pcb1/test/bad/046.JPG",
        "VisA/visa_pytorch/pcb1/test/bad/047.JPG",
        "VisA/visa_pytorch/pcb1/test/bad/048.JPG",
        "VisA/visa_pytorch/pcb1/test/bad/049.JPG",
        "VisA/visa_pytorch/pcb1/test/bad/050.JPG",
        "VisA/visa_pytorch/pcb1/test/bad/051.JPG",
        "VisA/visa_pytorch/pcb1/test/bad/052.JPG",
        "VisA/visa_pytorch/pcb1/test/bad/053.JPG",
        "VisA/visa_pytorch/pcb1/test/bad/054.JPG",
        "VisA/visa_pytorch/pcb1/test/bad/055.JPG",
        "VisA/visa_pytorch/pcb1/test/bad/056.JPG",
        "VisA/visa_pytorch/pcb1/test/bad/057.JPG",
        "VisA/visa_pytorch/pcb1/test/bad/058.JPG",
        "VisA/visa_pytorch/pcb1/test/bad/059.JPG",
        "VisA/visa_pytorch/pcb1/test/bad/060.JPG",
        "VisA/visa_pytorch/pcb1/test/bad/061.JPG",
        "VisA/visa_pytorch/pcb1/test/bad/062.JPG",
        "VisA/visa_pytorch/pcb1/test/bad/063.JPG",
        "VisA/visa_pytorch/pcb1/test/bad/064.JPG",
        "VisA/visa_pytorch/pcb1/test/bad/065.JPG",
        "VisA/visa_pytorch/pcb1/test/bad/066.JPG",
        "VisA/visa_pytorch/pcb1/test/bad/067.JPG",
        "VisA/visa_pytorch/pcb1/test/bad/068.JPG",
        "VisA/visa_pytorch/pcb1/test/bad/069.JPG",
        "VisA/visa_pytorch/pcb1/test/bad/070.JPG",
        "VisA/visa_pytorch/pcb1/test/bad/071.JPG",
        "VisA/visa_pytorch/pcb1/test/bad/072.JPG",
        "VisA/visa_pytorch/pcb1/test/bad/073.JPG",
        "VisA/visa_pytorch/pcb1/test/bad/074.JPG",
        "VisA/visa_pytorch/pcb1/test/bad/075.JPG",
        "VisA/visa_pytorch/pcb1/test/bad/076.JPG",
        "VisA/visa_pytorch/pcb1/test/bad/077.JPG",
        "VisA/visa_pytorch/pcb1/test/bad/078.JPG",
        "VisA/visa_pytorch/pcb1/test/bad/079.JPG",
        "VisA/visa_pytorch/pcb1/test/bad/080.JPG",
        "VisA/visa_pytorch/pcb1/test/bad/081.JPG",
        "VisA/visa_pytorch/pcb1/test/bad/082.JPG",
        "VisA/visa_pytorch/pcb1/test/bad/083.JPG",
        "VisA/visa_pytorch/pcb1/test/bad/084.JPG",
        "VisA/visa_pytorch/pcb1/test/bad/085.JPG",
        "VisA/visa_pytorch/pcb1/test/bad/086.JPG",
