{
    "shared_fpr_metric": "mean-per-image-fpr",
    "fpr_lower_bound": 1e-05,
    "fpr_upper_bound": 0.0001,
    "num_threshs": null,
    "thresh_lower_bound": 0.49249589443206787,
    "thresh_upper_bound": 0.6636375188827515,
    "aupimos": [
        0.9056437139357424,
        0.999026180929132,
        0.7177421809782729,
        0.16285898059681156,
        0.9750184817489743,
        0.999026180929132,
        0.8591800392710434,
        0.923493044583406,
        0.8164604909645405,
        0.9895883058862235,
        0.999026180929132,
        0.9726728542672299,
        0.9730938540973894,
        0.9668629762415212,
        0.5971146862516619,
        0.7310294514973582,
        0.8129379293010328,
        0.890826710567671,
        0.9289049479099126,
        0.988815991711592,
        0.45864103433606523,
        0.0,
        0.0,
        0.0,
        0.4479396558341096,
        0.4348886093221905,
        0.8084915318385918,
        0.710418544975151,
        0.8808066537424372,
        0.6559497963866524,
        0.0,
        0.3795571115051098,
        0.3390051571628269,
        0.38087993037385504,
        0.06923350619781615,
        0.11482886760394219,
        0.43462850411698745,
        0.0840282295360631,
        0.35902078208855065,
        0.5778322864359255,
        0.7942973672495193,
        0.0,
        0.0,
        0.7415242968080469,
        0.9793060435849393,
        0.0,
        0.0,
        0.924362127877127,
        0.9029247820211581,
        0.0,
        0.9281839288120464,
        0.9688547087540778,
        0.8205678840088545,
        0.999026180929132,
        0.999026180929132,
        0.7598261583471767,
        0.0,
        0.7524441289920075,
        0.0,
        0.006812126070799318,
        0.10254868739343655,
        0.3929234881627215,
        0.5768740087078351,
        0.44152428941065397,
        0.0,
        0.020711110110493126,
        0.16598019738896594,
        0.9364601888979991,
        0.0,
        0.10598700127274317,
        0.7894344711759438,
        0.5441102994683571,
        0.0,
        0.7049614854766618,
        0.8952947327644721,
        0.3758724754429928,
        0.34061132418869644,
        0.40313026982388334,
        0.2744646115976523,
        0.019618164124642637,
        0.19674791718444845,
        0.9208245061425613,
        0.5930599607889314,
        0.5690675070505811,
        0.6403123087543722,
        0.3462033740342737,
        0.17198209617384277,
        0.8399174701430884,
        0.6079939498746489,
        0.6447972513375463,
        0.6680567205116501,
        0.6671288074811317,
        0.005506488964759733,
        0.00651243258951345,
        0.5286483546285206,
        0.9078708376070682,
        0.8722769843827324,
        0.8267083980955888,
        0.16222002177366182,
        0.9814507729113271,
        NaN,
        NaN,
        NaN,
        NaN,
        NaN,
        NaN,
        NaN,
        NaN,
        NaN,
        NaN,
        NaN,
        NaN,
        NaN,
        NaN,
        NaN,
        NaN,
        NaN,
        NaN,
        NaN,
        NaN,
        NaN,
        NaN,
        NaN,
        NaN,
        NaN,
        NaN,
        NaN,
        NaN,
        NaN,
        NaN,
        NaN,
        NaN,
        NaN,
        NaN,
        NaN,
        NaN,
        NaN,
        NaN,
        NaN,
        NaN,
        NaN,
        NaN,
        NaN,
        NaN,
        NaN,
        NaN,
        NaN,
        NaN,
        NaN,
        NaN,
        NaN,
        NaN,
        NaN,
        NaN,
        NaN,
        NaN,
        NaN,
        NaN,
        NaN,
        NaN,
        NaN,
        NaN,
        NaN,
        NaN,
        NaN,
        NaN,
        NaN,
        NaN,
        NaN,
        NaN,
        NaN,
        NaN,
        NaN,
        NaN,
        NaN,
        NaN,
        NaN,
        NaN,
        NaN,
        NaN,
        NaN,
        NaN,
        NaN,
        NaN,
        NaN,
        NaN,
        NaN,
        NaN,
        NaN,
        NaN,
        NaN,
        NaN,
        NaN,
        NaN,
        NaN,
        NaN,
        NaN,
        NaN,
        NaN,
        NaN,
        NaN
    ],