{
    "avg_iou": 0.1119224154126005,
    "thresh": 0.2332557886838913,
    "ious_at_thresh": [
        0.13188752994578237,
        0.0969040677495488,
        0.10757831551303695,
        0.23601895734597156,
        0.12852290461764435,
        0.15942311440265056,
        0.13725490196078433,
        0.06634093376764387,
        0.08197702249880326,
        0.16862025137692416,
        0.24750830564784054,
        0.1492023205221175,
        0.17064439140811455,
        0.20382409177820268,
        0.24217391304347827,
        0.1894108873974646,
        0.12869486130059118,
        0.1515748031496063,
        0.3673257023933403,
        0.46134152585765487,
        0.1884635832004253,
        0.12065950537097177,
        0.33315421816227836,
        0.27675675675675676,
        0.1332813717848792,
        0.15476469210957622,
        0.0,
        0.3713592233009709,
        0.0,
        0.2623592755751346,
        0.031155291550490967,
        0.04840006431902235,
        0.027373935821872954,
        0.02363832464497573,
        0.04154045867589788,
        0.033242043630182266,
        0.04681808442254125,
        0.030742204655248132,
        0.031192660550458717,
        0.06780104712041884,
        0.0228636536270414,
        0.08962892483349191,
        0.08262462383880675,
        0.08104111209701272,
        0.016652381535447534,
        0.0,
        0.09333333333333334,
        0.0,
        0.0,
        0.4268463423171159,
        0.0,
        0.0,
        0.1546505228398459,
        0.0,
        0.4262807978099335,
        0.0,
        0.6252220248667851,
        0.19193548387096773,
        0.0,
        0.0,
        0.3861082737487232,
        0.5283018867924528,
        0.0,
        0.0,
        0.0,
        0.0,
        0.0,
        0.023554603854389723,
        0.0,
        0.0,
        0.22349336057201225,
        0.0957938613111027,
        0.015860634425377017,
        0.0,
        0.03125904486251809,
        0.0,
        0.0,
        0.2001854795972443,
        0.0,
        0.08128308938025537,
        0.0,
        0.0,
        0.024862825788751715,
        0.07884086125951109,
        0.09057301293900184,
        0.08836539450673798,
        0.0,
        0.0,
        0.12864918357248886,
        0.04923206395960446,
        0.10619636547198384,
        0.12877718158712229,
        0.13496932515337423,
        0.12118585298196949,
        0.07947805456702253,
        0.1459608323133415,
        0.09657506969334927,
        0.19810379241516965,
        0.07462074620746208,
        0.0,
        NaN,
        NaN,
        NaN,
        NaN,
        NaN,
        NaN,
        NaN,
        NaN,
        NaN,
        NaN,
        NaN,
        NaN,
        NaN,
        NaN,
        NaN,
        NaN,
        NaN,
        NaN,
        NaN,
        NaN,
        NaN,
        NaN,
        NaN,
        NaN,
        NaN,
        NaN,
        NaN,
        NaN,
        NaN,
        NaN,
        NaN,
        NaN,
        NaN,
        NaN,
        NaN,
        NaN,
        NaN,
        NaN,
        NaN,
        NaN,
        NaN,
        NaN,
        NaN,
        NaN,
        NaN,
        NaN,
        NaN,
        NaN,
        NaN,
        NaN,
        NaN,
        NaN,
        NaN,
        NaN,
        NaN,
        NaN,
        NaN,
        NaN,
        NaN,
        NaN,
        NaN,
        NaN,
        NaN,
        NaN,
        NaN,
        NaN,
        NaN,
        NaN,
        NaN,
        NaN,
        NaN,
        NaN,
        NaN,
        NaN,
        NaN,
        NaN,
        NaN,
        NaN,
        NaN,
        NaN,
        NaN,
        NaN,
        NaN,
        NaN,
        NaN,
        NaN,
        NaN,
        NaN,
        NaN,
        NaN,
        NaN,
        NaN,
        NaN,
        NaN,
        NaN,
        NaN,
        NaN,
        NaN,
        NaN,
        NaN
    ],
    "image_classes": [
        1,
        1,
        1,
        1,
        1,
        1,
        1,
        1,
        1,
        1,
        1,
        1,
        1,
        1,
        1,
        1,
        1,
        1,
        1,
        1,
        1,
        1,
        1,
        1,
        1,
        1,
        1,
        1,
        1,
        1,
        1,
        1,
        1,
        1,
        1,
        1,
        1,
        1,
        1,
        1,
        1,
        1,
        1,
        1,
        1,
        1,
        1,
        1,
        1,
        1,
        1,
        1,
        1,
        1,
        1,
        1,
        1,
        1,
        1,
        1,
        1,
        1,
        1,
        1,
        1,
        1,
        1,
        1,
        1,
        1,
        1,
        1,
        1,
        1,
        1,
        1,
        1,
        1,
        1,
        1,
        1,
        1,
        1,
        1,
        1,
        1,
        1,
        1,
        1,
        1,
        1,
        1,
        1,
        1,
        1,
        1,
        1,
        1,
        1,
        1,
        0,
        0,
        0,
        0,
        0,
        0,
        0,
        0,
        0,
        0,
        0,
        0,
        0,
        0,
        0,
        0,
        0,
        0,
        0,
        0,
        0,
        0,
        0,
        0,
        0,
        0,
        0,
        0,
        0,
        0,
        0,
        0,
        0,
        0,
        0,
        0,
        0,
        0,
        0,
        0,
        0,
        0,
        0,
        0,
        0,
        0,
        0,
        0,
        0,
        0,
        0,
        0,
        0,
        0,
        0,
        0,
        0,
        0,
        0,
        0,
        0,
        0,
        0,
        0,
        0,
        0,
        0,
        0,
        0,
        0,
        0,
        0,
        0,
        0,
        0,
        0,
        0,
        0,
        0,
        0,
        0,
        0,
        0,
        0,
        0,
        0,
        0,
        0,
        0,
        0,
        0,
        0,
        0,
        0,
        0,
        0,
        0,
        0,
        0,
        0
    ],