{
    "shared_fpr_metric": "mean-per-image-fpr",
    "fpr_lower_bound": 1e-05,
    "fpr_upper_bound": 0.0001,
    "num_threshs": 1972,
    "thresh_lower_bound": -0.29504698514938354,
    "thresh_upper_bound": -0.26179826259613037,
    "aupimos": [
        0.0,
        0.9695944219379424,
        0.8334189311814455,
        0.9944160921111962,
        0.9354202348576413,
        0.7855863030437675,
        0.7198793763837424,
        0.0,
        0.7963740712201125,
        0.8822630659563511,
        0.7635165108265953,
        0.22417113427220461,
        0.4558090373538316,
        1.0,
        0.0,
        0.03436478962059662,
        0.05414958398969342,
        0.0,
        0.5330817249552422,
        0.7782946495338304,
        0.025389815911802026,
        0.5752405931571525,
        1.0,
        0.9907808203817051,
        0.4894025421865141,
        0.039208346647306346,
        0.18847185267607403,
        0.9628849940082119,
        0.16196105789351767,
        0.10989701308171064,
        0.3253914218924076,
        0.1066027735441985,
        0.1596082805015282,
        0.2818394449371303,
        0.2545809553650869,
        0.12360218216412759,
        0.3709099263856081,
        0.8415189361740327,
        0.6192924071172388,
        0.7626242225007296,
        0.04574763044550909,
        0.4953566614479292,
        0.0,
        0.11713998977695336,
        0.04490352508547639,
        0.7877494658698866,
        0.0,
        0.008947938806958673,
        0.6333404339667595,
        0.11833225333954656,
        0.0,
        0.1447714689356376,
        0.0,
        0.4478201318313178,
        0.002036534658925204,
        0.0,
        0.04117869590533671,
        0.27347131996573676,
        0.28715974975097447,
        0.003935059736883706,
        0.8203581880423538,
        0.3731865188260326,
        0.004382964522390937,
        0.05316333254200964,
        0.0,
        0.021392343902629653,
        0.5373468462461061,
        0.18864226955928023,
        0.5792046850289567,
        0.08084753099128929,
        0.5174769992893103,
        0.0,
        0.004328525356845185,
        0.0,
        0.29475415105373937,
        0.9915939640969864,
        0.12712480980514682,
        0.155000447493161,
        0.0,
        4.684876627854397e-05,
        0.029600521249305567,
        0.29496026924424346,
        0.5123082422413179,
        0.0,
        0.6258210281390938,
        0.0,
        0.0017525626650672045,
        0.0,
        0.23725095300700402,
        0.2314281011276404,
        0.08935133869897259,
        0.10691764663021829,
        0.0003033531763864812,
        0.034938782253623055,
        0.0,
        0.018238890244034602,
        0.26382232310277437,
        0.12013702590541755,
        0.23811709649444163,
        0.4536522740146487,
        0.054858617924835186,
        0.0,
        0.16117525128346624,
        0.0,
        0.370375965236792,
        0.1723007881591195,
        0.1291743578486617,
        0.3254214073675099,
        NaN,
        NaN,
        NaN,
        NaN,
        NaN,
        NaN,
        NaN,
        NaN,
        NaN,
        NaN,
        NaN,
        NaN,
        NaN,
        NaN,
        NaN,
        NaN,
        NaN,
        NaN,
        NaN,
        NaN,
        NaN,
        NaN,
        NaN,
        NaN,
        NaN,
        NaN,
        0.3293960335454795,
        0.4131990278092386,
        0.09379111525675206,
        0.08433768897573655,
        0.07786088140158463,
        0.22858362461183615,
        0.42278973427636796,
        0.08283684125690394,
        0.0985323080968952,
        0.1738514782506471,
        0.0012210138007772826,
        0.0,
        0.31334919034692865,
        0.017293125669581678,
        0.0,
        0.09939107591327757,
        0.0,
        0.0,
        0.010050752854251416,
        0.421593249011662,
        0.31758222949479153,
        0.0,
        0.0,
        0.00045308712926414845,
        0.0,
        0.0,
        0.0,
        5.202032982119753e-07,
        0.0,
        0.0,
        0.17840532365935816,
        0.0,
        0.08901465428657773
    ],