{
    "ious": [
        0.7298903956901356,
        0.16975505857294995,
        0.3552217453505007,
        0.3168307548054384,
        0.5100020206102243,
        0.3180019347462844,
        0.49762425522286746,
        0.40022765081866735,
        0.6219062001845792,
        0.3992056354916067,
        0.05526707079949674,
        0.48386830596583874,
        0.3398738612473721,
        0.27553812006400663,
        0.4789319102374599,
        0.44624531106235404,
        0.33141645254700436,
        0.31645569620253167,
        0.4534433353276443,
        0.5066333633609041,
        0.4979577017336843,
        0.7345604679167383,
        0.17554953327311051,
        0.45120745657393024,
        0.44449365219958664,
        0.2894473995958282,
        0.4634771842943049,
        0.6268438238937056,
        0.6298890750476631,
        0.7664662591151754,
        NaN,
        NaN,
        NaN,
        NaN,
        NaN,
        NaN,
        NaN,
        NaN,
        NaN,
        NaN,
        NaN,
        NaN,
        NaN,
        NaN,
        NaN,
        NaN,
        NaN,
        NaN,
        NaN,
        NaN,
        NaN,
        NaN,
        NaN,
        NaN,
        NaN,
        NaN,
        NaN,
        NaN,
        NaN,
        NaN,
        NaN,
        NaN,
        NaN,
        NaN,
        NaN,
        NaN,
        NaN,
        NaN,
        NaN,
        NaN,
        NaN,
        NaN,
        NaN,
        NaN,
        NaN,
        NaN,
        NaN,
        NaN,
        NaN,
        NaN,
        NaN,
        NaN,
        NaN,
        NaN,
        NaN,
        NaN,
        NaN,
        NaN,
        NaN,
        NaN,
        0.3790150784453866,
        0.4722799985717091,
        0.7106257030126809,
        0.7015579430166762,
        0.6472570461786219,
        0.6365269378154187,
        0.4254970608475232,
        0.7101271258921195,
        0.6987929093926096,
        0.4515810370765334
    ],
    "threshs": [
        0.4852447807788849,
        0.33634528517723083,
        0.28947514295578003,
        0.2679537534713745,
        0.5811417102813721,
        0.5186554789543152,
        0.3432064950466156,
        0.2678477168083191,
        0.32342642545700073,
        0.3904958963394165,
        0.3935289978981018,
        0.2678549587726593,
        0.26797255873680115,
        0.624987781047821,
        0.2757987976074219,
        0.2679290175437927,
        0.2678529918193817,
        0.2678971588611603,
        0.26809197664260864,
        0.27576103806495667,
        0.2782711982727051,
        0.3754030764102936,
        0.26786544919013977,
        0.2678651511669159,
        0.2810859680175781,
        0.26786381006240845,
        0.26789602637290955,
        0.2680724561214447,
        0.31948378682136536,
        0.42524874210357666,
        NaN,
        NaN,
        NaN,
        NaN,
        NaN,
        NaN,
        NaN,
        NaN,
        NaN,
        NaN,
        NaN,
        NaN,
        NaN,
        NaN,
        NaN,
        NaN,
        NaN,
        NaN,
        NaN,
        NaN,
        NaN,
        NaN,
        NaN,
        NaN,
        NaN,
        NaN,
        NaN,
        NaN,
        NaN,
        NaN,
        NaN,
        NaN,
        NaN,
        NaN,
        NaN,
        NaN,
        NaN,
        NaN,
        NaN,
        NaN,
        NaN,
        NaN,
        NaN,
        NaN,
        NaN,
        NaN,
        NaN,
        NaN,
        NaN,
        NaN,
        NaN,
        NaN,
        NaN,
        NaN,
        NaN,
        NaN,
        NaN,
        NaN,
        NaN,
        NaN,
        0.2678510248661041,
        0.26791641116142273,
        0.2678738832473755,
        0.26788440346717834,
        0.26796361804008484,
        0.26792168617248535,
        0.2678598165512085,
        0.2679673135280609,
        0.26795095205307007,
        0.26786375045776367
    ],
    "image_classes": [
        1,
        1,
        1,
        1,
        1,
        1,
        1,
        1,
        1,
        1,
        1,
        1,
        1,
        1,
        1,
        1,
        1,
        1,
        1,
        1,
        1,
        1,
        1,
        1,
        1,
        1,
        1,
        1,
        1,
        1,
        0,
        0,
        0,
        0,
        0,
        0,
        0,
        0,
        0,
        0,
        0,
        0,
        0,
        0,
        0,
        0,
        0,
        0,
        0,
        0,
        0,
        0,
        0,
        0,
        0,
        0,
        0,
        0,
        0,
        0,
        0,
        0,
        0,
        0,
        0,
        0,
        0,
        0,
        0,
        0,
        0,
        0,
        0,
        0,
        0,
        0,
        0,
        0,
        0,
        0,
        0,
        0,
        0,
        0,
        0,
        0,
        0,
        0,
        0,
        0,
        1,
        1,
        1,
        1,
        1,
        1,
        1,
        1,
        1,
        1
    ],