{
    "shared_fpr_metric": "mean-per-image-fpr",
    "fpr_lower_bound": 1e-05,
    "fpr_upper_bound": 0.0001,
    "num_threshs": 12020,
    "thresh_lower_bound": 0.8031210899353027,
    "thresh_upper_bound": 1.5440607070922852,
    "aupimos": [
        0.3277045847167945,
        0.8504022082764668,
        0.5385698400273045,
        0.9638927330159173,
        0.562562738750385,
        0.8967036538726985,
        0.6647540504696787,
        0.7218796722112546,
        0.6359378921150783,
        0.580870415568676,
        0.17831673988722618,
        0.9410013387187278,
        0.9483418968662599,
        0.5629008269066652,
        0.9643200769416274,
        0.6087725391995978,
        0.439232512731419,
        0.9975738274590011,
        0.7208465426040185,
        NaN,
        NaN,
        NaN,
        NaN,
        NaN,
        NaN,
        NaN,
        NaN,
        NaN,
        NaN,
        NaN,
        NaN,
        NaN,
        NaN,
        NaN,
        NaN,
        NaN,
        NaN,
        NaN,
        0.9122135188357435,
        0.9933045009370098,
        1.0,
        0.9807577331429334,
        0.5170336210553536,
        0.19123654419520808,
        0.6245516365234519,
        0.9701506829454823,
        1.0,
        1.0,
        0.6037911612649243,
        0.5870190569969487,
        0.21989977446386735,
        0.10619377079287781,
        0.3218436597557642,
        0.18018675643712423,
        0.1347394215462613,
        0.5818738691026403,
        0.8486163507193089,
        0.7233502588422335,
        0.2880686424699668,
        0.0,
        0.8118490280923745,
        0.7200133447601023,
        0.41997202619062896,
        0.4975109777987794,
        0.16076137416296366,
        0.8892802766517358,
        0.9142874518653631,
        0.6779648862995977,
        0.3565772867916266,
        0.228514151753679,
        0.6440618611090452,
        0.8948010640059907,
        0.7457497333200894,
        0.6937126411837606,
        0.20826364578077006,
        0.20959097218164557,
        0.23355952812581102,
        0.6642816516732705,
        0.5806949931464168
    ],
    "paths": [
        "MVTec/wood/test/color/000.png",
        "MVTec/wood/test/color/001.png",
        "MVTec/wood/test/color/002.png",
        "MVTec/wood/test/color/003.png",
        "MVTec/wood/test/color/004.png",
        "MVTec/wood/test/color/005.png",
        "MVTec/wood/test/color/006.png",
        "MVTec/wood/test/color/007.png",
        "MVTec/wood/test/combined/000.png",
        "MVTec/wood/test/combined/001.png",
        "MVTec/wood/test/combined/002.png",
        "MVTec/wood/test/combined/003.png",
        "MVTec/wood/test/combined/004.png",
        "MVTec/wood/test/combined/005.png",
        "MVTec/wood/test/combined/006.png",
        "MVTec/wood/test/combined/007.png",
        "MVTec/wood/test/combined/008.png",
        "MVTec/wood/test/combined/009.png",
        "MVTec/wood/test/combined/010.png",
        "MVTec/wood/test/good/000.png",
        "MVTec/wood/test/good/001.png",
        "MVTec/wood/test/good/002.png",
        "MVTec/wood/test/good/003.png",
        "MVTec/wood/test/good/004.png",
        "MVTec/wood/test/good/005.png",
        "MVTec/wood/test/good/006.png",
        "MVTec/wood/test/good/007.png",
        "MVTec/wood/test/good/008.png",
        "MVTec/wood/test/good/009.png",
        "MVTec/wood/test/good/010.png",
        "MVTec/wood/test/good/011.png",
        "MVTec/wood/test/good/012.png",
        "MVTec/wood/test/good/013.png",
        "MVTec/wood/test/good/014.png",
        "MVTec/wood/test/good/015.png",
        "MVTec/wood/test/good/016.png",
        "MVTec/wood/test/good/017.png",
        "MVTec/wood/test/good/018.png",
        "MVTec/wood/test/hole/000.png",
        "MVTec/wood/test/hole/001.png",
        "MVTec/wood/test/hole/002.png",
        "MVTec/wood/test/hole/003.png",
        "MVTec/wood/test/hole/004.png",
        "MVTec/wood/test/hole/005.png",
        "MVTec/wood/test/hole/006.png",
        "MVTec/wood/test/hole/007.png",
        "MVTec/wood/test/hole/008.png",
        "MVTec/wood/test/hole/009.png",
        "MVTec/wood/test/liquid/000.png",
        "MVTec/wood/test/liquid/001.png",
        "MVTec/wood/test/liquid/002.png",
        "MVTec/wood/test/liquid/003.png",
        "MVTec/wood/test/liquid/004.png",
        "MVTec/wood/test/liquid/005.png",
        "MVTec/wood/test/liquid/006.png",
        "MVTec/wood/test/liquid/007.png",
        "MVTec/wood/test/liquid/008.png",
        "MVTec/wood/test/liquid/009.png",
        "MVTec/wood/test/scratch/000.png",
        "MVTec/wood/test/scratch/001.png",
        "MVTec/wood/test/scratch/002.png",
        "MVTec/wood/test/scratch/003.png",
        "MVTec/wood/test/scratch/004.png",
        "MVTec/wood/test/scratch/005.png",
        "MVTec/wood/test/scratch/006.png",
        "MVTec/wood/test/scratch/007.png",
        "MVTec/wood/test/scratch/008.png",
        "MVTec/wood/test/scratch/009.png",
        "MVTec/wood/test/scratch/010.png",
        "MVTec/wood/test/scratch/011.png",
        "MVTec/wood/test/scratch/012.png",
        "MVTec/wood/test/scratch/013.png",
        "MVTec/wood/test/scratch/014.png",
        "MVTec/wood/test/scratch/015.png",
        "MVTec/wood/test/scratch/016.png",
        "MVTec/wood/test/scratch/017.png",
        "MVTec/wood/test/scratch/018.png",
        "MVTec/wood/test/scratch/019.png",
        "MVTec/wood/test/scratch/020.png"
    ]
}