{
    "shared_fpr_metric": "mean-per-image-fpr",
    "fpr_lower_bound": 1e-05,
    "fpr_upper_bound": 0.0001,
    "num_threshs": null,
    "thresh_lower_bound": 1.8105849027633667,
    "thresh_upper_bound": 1.8381680250167847,
    "aupimos": [
        1.0,
        1.0,
        1.0,
        0.989444027157808,
        1.0,
        1.0,
        1.0,
        1.0,
        1.0,
        1.0,
        1.0,
        0.9948174663585444,
        1.0,
        1.0,
        0.9747221891814752,
        0.9899396035401089,
        1.0,
        1.0,
        1.0,
        1.0,
        1.0,
        1.0,
        1.0,
        1.0,
        0.9945462778498226,
        1.0,
        0.9962154225260924,
        0.9985975834105959,
        1.0,
        1.0,
        1.0,
        0.9879625825451006,
        1.0,
        1.0,
        1.0,
        1.0,
        1.0,
        1.0,
        0.9964644490625916,
        1.0,
        0.9932930104692849,
        1.0,
        1.0,
        1.0,
        1.0,
        0.9900399893594789,
        1.0,
        1.0,
        1.0,
        1.0,
        0.9578343976723034,
        0.9007812472006463,
        1.0,
        1.0,
        1.0,
        1.0,
        1.0,
        1.0,
        0.9834332474191906,
        0.988977378921155,
        1.0,
        0.8867084509732253,
        1.0,
        NaN,
        NaN,
        NaN,
        NaN,
        NaN,
        NaN,
        NaN,
        NaN,
        NaN,
        NaN,
        NaN,
        NaN,
        NaN,
        NaN,
        NaN,
        NaN,
        NaN,
        NaN,
        NaN,
        NaN
    ],
    "paths": [
        "MVTec/bottle/test/broken_large/000.png",
        "MVTec/bottle/test/broken_large/001.png",
        "MVTec/bottle/test/broken_large/002.png",
        "MVTec/bottle/test/broken_large/003.png",
        "MVTec/bottle/test/broken_large/004.png",
        "MVTec/bottle/test/broken_large/005.png",
        "MVTec/bottle/test/broken_large/006.png",
        "MVTec/bottle/test/broken_large/007.png",
        "MVTec/bottle/test/broken_large/008.png",
        "MVTec/bottle/test/broken_large/009.png",
        "MVTec/bottle/test/broken_large/010.png",
        "MVTec/bottle/test/broken_large/011.png",
        "MVTec/bottle/test/broken_large/012.png",
        "MVTec/bottle/test/broken_large/013.png",
        "MVTec/bottle/test/broken_large/014.png",
        "MVTec/bottle/test/broken_large/015.png",
        "MVTec/bottle/test/broken_large/016.png",
        "MVTec/bottle/test/broken_large/017.png",
        "MVTec/bottle/test/broken_large/018.png",
        "MVTec/bottle/test/broken_large/019.png",
        "MVTec/bottle/test/broken_small/000.png",
        "MVTec/bottle/test/broken_small/001.png",
        "MVTec/bottle/test/broken_small/002.png",
        "MVTec/bottle/test/broken_small/003.png",
        "MVTec/bottle/test/broken_small/004.png",
        "MVTec/bottle/test/broken_small/005.png",
        "MVTec/bottle/test/broken_small/006.png",
        "MVTec/bottle/test/broken_small/007.png",
        "MVTec/bottle/test/broken_small/008.png",
        "MVTec/bottle/test/broken_small/009.png",
        "MVTec/bottle/test/broken_small/010.png",
        "MVTec/bottle/test/broken_small/011.png",
        "MVTec/bottle/test/broken_small/012.png",
        "MVTec/bottle/test/broken_small/013.png",
        "MVTec/bottle/test/broken_small/014.png",
        "MVTec/bottle/test/broken_small/015.png",
        "MVTec/bottle/test/broken_small/016.png",
        "MVTec/bottle/test/broken_small/017.png",
        "MVTec/bottle/test/broken_small/018.png",
        "MVTec/bottle/test/broken_small/019.png",
        "MVTec/bottle/test/broken_small/020.png",
        "MVTec/bottle/test/broken_small/021.png",
        "MVTec/bottle/test/contamination/000.png",
        "MVTec/bottle/test/contamination/001.png",
        "MVTec/bottle/test/contamination/002.png",
        "MVTec/bottle/test/contamination/003.png",
        "MVTec/bottle/test/contamination/004.png",
        "MVTec/bottle/test/contamination/005.png",
        "MVTec/bottle/test/contamination/006.png",
        "MVTec/bottle/test/contamination/007.png",
        "MVTec/bottle/test/contamination/008.png",
        "MVTec/bottle/test/contamination/009.png",
        "MVTec/bottle/test/contamination/010.png",
        "MVTec/bottle/test/contamination/011.png",
        "MVTec/bottle/test/contamination/012.png",
        "MVTec/bottle/test/contamination/013.png",
        "MVTec/bottle/test/contamination/014.png",
        "MVTec/bottle/test/contamination/015.png",
        "MVTec/bottle/test/contamination/016.png",
        "MVTec/bottle/test/contamination/017.png",
        "MVTec/bottle/test/contamination/018.png",
        "MVTec/bottle/test/contamination/019.png",
        "MVTec/bottle/test/contamination/020.png",
        "MVTec/bottle/test/good/000.png",
        "MVTec/bottle/test/good/001.png",
        "MVTec/bottle/test/good/002.png",
        "MVTec/bottle/test/good/003.png",
        "MVTec/bottle/test/good/004.png",
        "MVTec/bottle/test/good/005.png",
        "MVTec/bottle/test/good/006.png",
        "MVTec/bottle/test/good/007.png",
        "MVTec/bottle/test/good/008.png",
        "MVTec/bottle/test/good/009.png",
        "MVTec/bottle/test/good/010.png",
        "MVTec/bottle/test/good/011.png",
        "MVTec/bottle/test/good/012.png",
        "MVTec/bottle/test/good/013.png",
        "MVTec/bottle/test/good/014.png",
        "MVTec/bottle/test/good/015.png",
        "MVTec/bottle/test/good/016.png",
        "MVTec/bottle/test/good/017.png",
        "MVTec/bottle/test/good/018.png",
        "MVTec/bottle/test/good/019.png"
    ]
}