{
    "shared_fpr_metric": "mean-per-image-fpr",
    "fpr_lower_bound": 1e-05,
    "fpr_upper_bound": 0.0001,
    "num_threshs": 6362,
    "thresh_lower_bound": 0.1367296278476715,
    "thresh_upper_bound": 0.20452997088432312,
    "aupimos": [
        0.9593741209508908,
        0.999310095991687,
        0.9665879378242719,
        0.9413063288002826,
        0.7630035191588289,
        0.9150359833419464,
        0.5182769721851087,
        0.9817776027824578,
        0.9375525314726231,
        0.999310095991687,
        0.8049504630676885,
        0.999310095991687,
        0.9849784073425314,
        0.9971567971674995,
        0.9712635572904575,
        0.7070782115448724,
        0.9992310747227989,
        0.9742863819280523,
        0.9482905301542421,
        0.8095750799617546,
        0.9982728852828764,
        0.999310095991687,
        0.9719565648169751,
        0.9898136118699636,
        0.999310095991687,
        0.9964849550773119,
        0.999310095991687,
        0.9874377764534287,
        0.8139844948772321,
        0.9992926969558629,
        NaN,
        NaN,
        NaN,
        NaN,
        NaN,
        NaN,
        NaN,
        NaN,
        NaN,
        NaN,
        NaN,
        NaN
    ],
    "paths": [
        "MVTec/toothbrush/test/defective/000.png",
        "MVTec/toothbrush/test/defective/001.png",
        "MVTec/toothbrush/test/defective/002.png",
        "MVTec/toothbrush/test/defective/003.png",
        "MVTec/toothbrush/test/defective/004.png",
        "MVTec/toothbrush/test/defective/005.png",
        "MVTec/toothbrush/test/defective/006.png",
        "MVTec/toothbrush/test/defective/007.png",
        "MVTec/toothbrush/test/defective/008.png",
        "MVTec/toothbrush/test/defective/009.png",
        "MVTec/toothbrush/test/defective/010.png",
        "MVTec/toothbrush/test/defective/011.png",
        "MVTec/toothbrush/test/defective/012.png",
        "MVTec/toothbrush/test/defective/013.png",
        "MVTec/toothbrush/test/defective/014.png",
        "MVTec/toothbrush/test/defective/015.png",
        "MVTec/toothbrush/test/defective/016.png",
        "MVTec/toothbrush/test/defective/017.png",
        "MVTec/toothbrush/test/defective/018.png",
        "MVTec/toothbrush/test/defective/019.png",
        "MVTec/toothbrush/test/defective/020.png",
        "MVTec/toothbrush/test/defective/021.png",
        "MVTec/toothbrush/test/defective/022.png",
        "MVTec/toothbrush/test/defective/023.png",
        "MVTec/toothbrush/test/defective/024.png",
        "MVTec/toothbrush/test/defective/025.png",
        "MVTec/toothbrush/test/defective/026.png",
        "MVTec/toothbrush/test/defective/027.png",
        "MVTec/toothbrush/test/defective/028.png",
        "MVTec/toothbrush/test/defective/029.png",
        "MVTec/toothbrush/test/good/000.png",
        "MVTec/toothbrush/test/good/001.png",
        "MVTec/toothbrush/test/good/002.png",
        "MVTec/toothbrush/test/good/003.png",
        "MVTec/toothbrush/test/good/004.png",
        "MVTec/toothbrush/test/good/005.png",
        "MVTec/toothbrush/test/good/006.png",
        "MVTec/toothbrush/test/good/007.png",
        "MVTec/toothbrush/test/good/008.png",
        "MVTec/toothbrush/test/good/009.png",
        "MVTec/toothbrush/test/good/010.png",
        "MVTec/toothbrush/test/good/011.png"
    ]
}