{
    "avg_iou": 0.3184587381546512,
    "thresh": -0.9459047913551331,
    "ious_at_thresh": [
        0.21125524778426885,
        0.2796865803413773,
        0.42634872113294964,
        0.2145632673308255,
        0.1542873786225331,
        0.17679687426799218,
        0.3735210174845521,
        0.3138665249908047,
        0.3289111754825832,
        0.2591881458162303,
        0.2079179285694797,
        0.32815450076788005,
        0.4049260091147763,
        0.09191055789708644,
        0.16555965213475557,
        0.22376797081753808,
        0.19926936318957134,
        0.17651410534622214,
        0.10079657453661736,
        0.03822151740745635,
        0.07292145153881488,
        0.13520696207760732,
        0.32006730649383025,
        0.21512038177708143,
        0.24687511256799108,
        0.3164263386104669,
        0.2718535839289391,
        0.24607337513919006,
        0.3157492257299805,
        0.22399251187823663,
        0.5727650374937591,
        0.5768612917098839,
        0.2929175005559262,
        0.2666941619678428,
        0.31542224530773944,
        0.5062994636100292,
        0.07647430307039967,
        0.3452622609828835,
        0.2111766500559341,
        0.3699968663646982,
        0.4458585301794718,
        0.3468635349974822,
        0.1457577661148149,
        0.26184288171556996,
        0.13580866000959316,
        0.41871998329505117,
        0.423148821269083,
        0.2748392177451109,
        0.38297814541651387,
        0.28921094033643957,
        0.13910089023763195,
        0.1394803049078142,
        0.1988225803683298,
        0.15009477453022255,
        0.07400441277534633,
        0.07738680077936352,
        0.20324854720396304,
        0.005629243072165446,
        0.061630422074126036,
        0.20361360079669938,
        NaN,
        NaN,
        NaN,
        NaN,
        NaN,
        NaN,
        NaN,
        NaN,
        NaN,
        NaN,
        NaN,
        NaN,
        NaN,
        NaN,
        NaN,
        NaN,
        NaN,
        NaN,
        NaN,
        NaN,
        NaN,
        NaN,
        NaN,
        NaN,
        NaN,
        NaN,
        NaN,
        NaN,
        NaN,
        NaN,
        NaN,
        NaN,
        NaN,
        NaN,
        NaN,
        NaN,
        NaN,
        NaN,
        NaN,
        NaN,
        NaN,
        NaN,
        NaN,
        NaN,
        NaN,
        NaN,
        NaN,
        NaN,
        NaN,
        NaN,
        NaN,
        NaN,
        NaN,
        NaN,
        NaN,
        NaN,
        NaN,
        NaN,
        0.6273198403249527,
        0.7561758866479338,
        0.7803796237787392,
        0.753350959173635,
        0.6999056595132763,
        0.6777792603693021,
        0.7439122768419408,
        0.7189186743581043,
        0.6337070153940415,
        0.7718265432002374,
        0.6388914129940936,
        0.6764817462865147,
        0.17333403240182457,
        0.2934289296625285,
        0.25457251753456167,
        0.3841423100432868,
        0.4090682492581602,
        0.38117756597162666,
        0.48580566554980203,
        0.2957159677565438,
        0.4295356371490281,
        0.6100964566276642,
        0.41911463314660474,
        0.47205696773030464,
        0.18912816950329975,
        0.018710799557265588,
        0.19105269012569986,
        0.11419320208474018,
        0.34799057305879433,
        0.1776846535841533,
        0.1727189302569481,
        0.04836785862077359
    ],
    "image_classes": [
        1,
        1,
        1,
        1,
        1,
        1,
        1,
        1,
        1,
        1,
        1,
        1,
        1,
        1,
        1,
        1,
        1,
        1,
        1,
        1,
        1,
        1,
        1,
        1,
        1,
        1,
        1,
        1,
        1,
        1,
        1,
        1,
        1,
        1,
        1,
        1,
        1,
        1,
        1,
        1,
        1,
        1,
        1,
        1,
        1,
        1,
        1,
        1,
        1,
        1,
        1,
        1,
        1,
        1,
        1,
        1,
        1,
        1,
        1,
        1,
        0,
        0,
        0,
        0,
        0,
        0,
        0,
        0,
        0,
        0,
        0,
        0,
        0,
        0,
        0,
        0,
        0,
        0,
        0,
        0,
        0,
        0,
        0,
        0,
        0,
        0,
        0,
        0,
        0,
        0,
        0,
        0,
        0,
        0,
        0,
        0,
        0,
        0,
        0,
        0,
        0,
        0,
        0,
        0,
        0,
        0,
        0,
        0,
        0,
        0,
        0,
        0,
        0,
        0,
        0,
        0,
        0,
        0,
        1,
        1,
        1,
        1,
        1,
        1,
        1,
        1,
        1,
        1,
        1,
        1,
        1,
        1,
        1,
        1,
        1,
        1,
        1,
        1,
        1,
        1,
        1,
        1,
        1,
        1,
        1,
        1,
        1,
        1,
        1,
        1
    ],