{
    "shared_fpr_metric": "mean-per-image-fpr",
    "fpr_lower_bound": 1e-05,
    "fpr_upper_bound": 0.0001,
    "num_threshs": null,
    "thresh_lower_bound": 1.8640962839126587,
    "thresh_upper_bound": 1.8766804933547974,
    "aupimos": [
        0.9964141149484267,
        0.9964141149484267,
        0.9964141149484267,
        0.9964141149484267,
        0.9964141149484267,
        0.9955174076879367,
        0.9964141149484267,
        0.5738758709644268,
        0.9964141149484267,
        0.9964141149484267,
        0.6833229915976798,
        0.9964141149484267,
        0.6825467308604924,
        0.8641752212016349,
        0.9964141149484267,
        0.005218523992617446,
        0.9964141149484267,
        0.8014712746627588,
        0.9921534268576442,
        0.9964141149484267,
        0.9823120764245098,
        0.9924664498899849,
        0.0,
        0.9734081816005818,
        0.0069771431686625526,
        0.07293996362075907,
        0.0,
        0.8702722891378205,
        0.0,
        0.9964141149484267,
        0.9736649342418415,
        0.9964141149484267,
        0.9964141149484267,
        0.9964141149484267,
        0.0,
        0.0,
        0.9964141149484267,
        0.0,
        0.0,
        0.9964141149484267,
        0.19739606871088586,
        0.9799195926742549,
        0.865746340469189,
        0.4622243882963802,
        0.9297002444824282,
        0.6535770669758222,
        0.39616622714284583,
        0.8165875650440776,
        0.6654226941929249,
        0.5121933101603974,
        0.7733919087756621,
        0.6019806252929824,
        0.6634182300176659,
        0.8024256289114771,
        0.6226261992740083,
        0.4118003599863287,
        0.4434050896351751,
        0.4098747598733635,
        0.7369282038934064,
        0.6216542527372962,
        0.9964141149484267,
        0.9964141149484267,
        0.9964141149484267,
        0.9964141149484267,
        0.9964141149484267,
        0.9845628949170183,
        0.9577114688738025,
        0.9964141149484267,
        0.9964141149484267,
        0.9964141149484267,
        0.9964141149484267,
        0.9964141149484267,
        0.9964141149484267,
        0.9964141149484267,
        0.9964141149484267,
        0.9964141149484267,
        0.9964141149484267,
        0.9964141149484267,
        0.9964141149484267,
        0.9964141149484267,
        0.14886221947529504,
        0.11728134093277343,
        0.711472786212733,
        0.9110390932412111,
        0.9964141149484267,
        0.0,
        0.9102006425218018,
        0.9789331655633666,
        0.0583682064708874,
        0.8779231799026123,
        0.0,
        0.0,
        0.0,
        0.0803346323560929,
        0.0,
        0.0,
        0.019128155722143783,
        0.0,
        0.0,
        0.0,
        NaN,
        NaN,
        NaN,
        NaN,
        NaN,
        NaN,
        NaN,
        NaN,
        NaN,
        NaN,
        NaN,
        NaN,
        NaN,
        NaN,
        NaN,
        NaN,
        NaN,
        NaN,
        NaN,
        NaN,
        NaN,
        NaN,
        NaN,
        NaN,
        NaN,
        NaN,
        NaN,
        NaN,
        NaN,
        NaN,
        NaN,
        NaN,
        NaN,
        NaN,
        NaN,
        NaN,
        NaN,
        NaN,
        NaN,
        NaN,
        NaN,
        NaN,
        NaN,
        NaN,
        NaN,
        NaN,
        NaN,
        NaN,
        NaN,
        NaN
    ],
    "paths": [
        "VisA/visa_pytorch/fryum/test/bad/000.JPG",
        "VisA/visa_pytorch/fryum/test/bad/001.JPG",
        "VisA/visa_pytorch/fryum/test/bad/002.JPG",
        "VisA/visa_pytorch/fryum/test/bad/003.JPG",
        "VisA/visa_pytorch/fryum/test/bad/004.JPG",
        "VisA/visa_pytorch/fryum/test/bad/005.JPG",
        "VisA/visa_pytorch/fryum/test/bad/006.JPG",
        "VisA/visa_pytorch/fryum/test/bad/007.JPG",
        "VisA/visa_pytorch/fryum/test/bad/008.JPG",
        "VisA/visa_pytorch/fryum/test/bad/009.JPG",
        "VisA/visa_pytorch/fryum/test/bad/010.JPG",
        "VisA/visa_pytorch/fryum/test/bad/011.JPG",
        "VisA/visa_pytorch/fryum/test/bad/012.JPG",
        "VisA/visa_pytorch/fryum/test/bad/013.JPG",
        "VisA/visa_pytorch/fryum/test/bad/014.JPG",
        "VisA/visa_pytorch/fryum/test/bad/015.JPG",
        "VisA/visa_pytorch/fryum/test/bad/016.JPG",
        "VisA/visa_pytorch/fryum/test/bad/017.JPG",
        "VisA/visa_pytorch/fryum/test/bad/018.JPG",
        "VisA/visa_pytorch/fryum/test/bad/019.JPG",
        "VisA/visa_pytorch/fryum/test/bad/020.JPG",
        "VisA/visa_pytorch/fryum/test/bad/021.JPG",
        "VisA/visa_pytorch/fryum/test/bad/022.JPG",
        "VisA/visa_pytorch/fryum/test/bad/023.JPG",
        "VisA/visa_pytorch/fryum/test/bad/024.JPG",
        "VisA/visa_pytorch/fryum/test/bad/025.JPG",
        "VisA/visa_pytorch/fryum/test/bad/026.JPG",
        "VisA/visa_pytorch/fryum/test/bad/027.JPG",
        "VisA/visa_pytorch/fryum/test/bad/028.JPG",
        "VisA/visa_pytorch/fryum/test/bad/029.JPG",
        "VisA/visa_pytorch/fryum/test/bad/030.JPG",
        "VisA/visa_pytorch/fryum/test/bad/031.JPG",
        "VisA/visa_pytorch/fryum/test/bad/032.JPG",
        "VisA/visa_pytorch/fryum/test/bad/033.JPG",
        "VisA/visa_pytorch/fryum/test/bad/034.JPG",
        "VisA/visa_pytorch/fryum/test/bad/035.JPG",
        "VisA/visa_pytorch/fryum/test/bad/036.JPG",
        "VisA/visa_pytorch/fryum/test/bad/037.JPG",
        "VisA/visa_pytorch/fryum/test/bad/038.JPG",
        "VisA/visa_pytorch/fryum/test/bad/039.JPG",
        "VisA/visa_pytorch/fryum/test/bad/040.JPG",
        "VisA/visa_pytorch/fryum/test/bad/041.JPG",
        "VisA/visa_pytorch/fryum/test/bad/042.JPG",
        "VisA/visa_pytorch/fryum/test/bad/043.JPG",
        "VisA/visa_pytorch/fryum/test/bad/044.JPG",
        "VisA/visa_pytorch/fryum/test/bad/045.JPG",
        "VisA/visa_pytorch/fryum/test/bad/046.JPG",
        "VisA/visa_pytorch/fryum/test/bad/047.JPG",
        "VisA/visa_pytorch/fryum/test/bad/048.JPG",
        "VisA/visa_pytorch/fryum/test/bad/049.JPG",
        "VisA/visa_pytorch/fryum/test/bad/050.JPG",
        "VisA/visa_pytorch/fryum/test/bad/051.JPG",
        "VisA/visa_pytorch/fryum/test/bad/052.JPG",
        "VisA/visa_pytorch/fryum/test/bad/053.JPG",
        "VisA/visa_pytorch/fryum/test/bad/054.JPG",
        "VisA/visa_pytorch/fryum/test/bad/055.JPG",
        "VisA/visa_pytorch/fryum/test/bad/056.JPG",
        "VisA/visa_pytorch/fryum/test/bad/057.JPG",
        "VisA/visa_pytorch/fryum/test/bad/058.JPG",
        "VisA/visa_pytorch/fryum/test/bad/059.JPG",
        "VisA/visa_pytorch/fryum/test/bad/060.JPG",
        "VisA/visa_pytorch/fryum/test/bad/061.JPG",
        "VisA/visa_pytorch/fryum/test/bad/062.JPG",
        "VisA/visa_pytorch/fryum/test/bad/063.JPG",
        "VisA/visa_pytorch/fryum/test/bad/064.JPG",
        "VisA/visa_pytorch/fryum/test/bad/065.JPG",
        "VisA/visa_pytorch/fryum/test/bad/066.JPG",
        "VisA/visa_pytorch/fryum/test/bad/067.JPG",
        "VisA/visa_pytorch/fryum/test/bad/068.JPG",
        "VisA/visa_pytorch/fryum/test/bad/069.JPG",
        "VisA/visa_pytorch/fryum/test/bad/070.JPG",
        "VisA/visa_pytorch/fryum/test/bad/071.JPG",
        "VisA/visa_pytorch/fryum/test/bad/072.JPG",
        "VisA/visa_pytorch/fryum/test/bad/073.JPG",
        "VisA/visa_pytorch/fryum/test/bad/074.JPG",
        "VisA/visa_pytorch/fryum/test/bad/075.JPG",
        "VisA/visa_pytorch/fryum/test/bad/076.JPG",
        "VisA/visa_pytorch/fryum/test/bad/077.JPG",
        "VisA/visa_pytorch/fryum/test/bad/078.JPG",
        "VisA/visa_pytorch/fryum/test/bad/079.JPG",
        "VisA/visa_pytorch/fryum/test/bad/080.JPG",
        "VisA/visa_pytorch/fryum/test/bad/081.JPG",
        "VisA/visa_pytorch/fryum/test/bad/082.JPG",
        "VisA/visa_pytorch/fryum/test/bad/083.JPG",
        "VisA/visa_pytorch/fryum/test/bad/084.JPG",
        "VisA/visa_pytorch/fryum/test/bad/085.JPG",
