{
    "shared_fpr_metric": "mean-per-image-fpr",
    "fpr_lower_bound": 1e-05,
    "fpr_upper_bound": 0.0001,
    "num_threshs": 7520,
    "thresh_lower_bound": 0.2720911204814911,
    "thresh_upper_bound": 0.3910295367240906,
    "aupimos": [
        NaN,
        NaN,
        NaN,
        NaN,
        NaN,
        NaN,
        NaN,
        NaN,
        NaN,
        NaN,
        NaN,
        NaN,
        NaN,
        NaN,
        NaN,
        NaN,
        NaN,
        NaN,
        NaN,
        NaN,
        NaN,
        NaN,
        NaN,
        NaN,
        NaN,
        NaN,
        NaN,
        NaN,
        NaN,
        NaN,
        NaN,
        NaN,
        NaN,
        NaN,
        NaN,
        NaN,
        NaN,
        NaN,
        NaN,
        NaN,
        NaN,
        0.6642803977911251,
        0.21436195337488095,
        0.0,
        0.7513808543635321,
        0.1411264351353584,
        0.044622886953761286,
        0.0,
        0.4642173777062751,
        0.012383330140362553,
        0.0015553997257746204,
        0.19048590020391204,
        0.0,
        0.0,
        0.06536606122346186,
        0.3867338314135278,
        0.1334280382793104,
        0.6285183177610411,
        0.0,
        4.316219816827488e-05,
        0.0,
        0.0,
        0.0,
        0.2686691723071028,
        0.0,
        0.0032699405047441517,
        0.42123663042212,
        0.9456186100139874,
        0.0,
        0.9521535372981492,
        0.1194578172561335,
        0.33080043614219384,
        0.6738901446357285,
        0.32495887260470635,
        0.17376453752425894,
        0.7568015824982077,
        0.9998989895374208,
        0.7493223481429206,
        0.9472950331418083,
        0.9154836663814706,
        0.8977254233285273,
        0.9579870441359066,
        0.09956476894567938,
        0.03359202149767816,
        0.41534494366498087,
        0.604870702925289,
        0.44759005992593903,
        0.05527152108200177,
        0.2864505276786731,
        0.9756369873759071,
        0.9998989895374208,
        0.85112289775875,
        0.9558530744877677,
        0.8108934012183964,
        0.41521090842914327,
        0.7467348984838962,
        0.9998989895374208,
        0.9998989895374208,
        0.9998989895374208,
        0.7563711834444249,
        0.7630253396478843,
        0.9998989895374208,
        0.9998989895374208,
        0.9998989895374208,
        0.9998989895374208,
        0.9998989895374208,
        0.989571234343414,
        0.9998989895374208,
        0.8517897456198499,
        0.9998989895374208,
        0.9998989895374208,
        0.9998989895374208,
        0.7773149745706047,
        0.9919389853341225,
        0.0,
        0.0039589244896166215,
        0.0,
        0.0,
        0.0,
        0.0,
        0.009064672087364072,
        0.17323350003938137,
        0.08620795014354724,
        0.0,
        0.0,
        0.0,
        0.0,
        0.0,
        0.00980257725648915,
        0.0,
        0.023616243312538227,
        0.05393089639044604,
        0.0,
        0.0,
        0.0,
        0.021687768717552812,
        0.0,
        0.8692910495781283,
        0.8794071400168215,
        0.9663630260775331,
        0.535861791326416,
        0.8795259727299406,
        0.8627199639037846,
        0.9853519714076414,
        0.9802796246498593,
        0.7393678715681258,
        0.8731137162653797,
        0.9402122451518465,
        0.9956539262656404,
        0.009254189549187318,
        0.8555010980677638,
        0.8747311642130712,
        0.3127040197031456,
        0.07466020500708516,
        0.9998989895374208,
        0.8423548167635448,
        0.8450420919165891,
        0.977089688352009,
        0.9798446180491707,
        0.0
    ],
    "paths": [
        "MVTec/screw/test/good/000.png",
        "MVTec/screw/test/good/001.png",
        "MVTec/screw/test/good/002.png",
        "MVTec/screw/test/good/003.png",
        "MVTec/screw/test/good/004.png",
        "MVTec/screw/test/good/005.png",
        "MVTec/screw/test/good/006.png",
        "MVTec/screw/test/good/007.png",
        "MVTec/screw/test/good/008.png",
        "MVTec/screw/test/good/009.png",
        "MVTec/screw/test/good/010.png",
        "MVTec/screw/test/good/011.png",
        "MVTec/screw/test/good/012.png",
        "MVTec/screw/test/good/013.png",
        "MVTec/screw/test/good/014.png",
        "MVTec/screw/test/good/015.png",
        "MVTec/screw/test/good/016.png",
        "MVTec/screw/test/good/017.png",
        "MVTec/screw/test/good/018.png",
        "MVTec/screw/test/good/019.png",
        "MVTec/screw/test/good/020.png",
        "MVTec/screw/test/good/021.png",
        "MVTec/screw/test/good/022.png",
        "MVTec/screw/test/good/023.png",
        "MVTec/screw/test/good/024.png",
        "MVTec/screw/test/good/025.png",
        "MVTec/screw/test/good/026.png",
        "MVTec/screw/test/good/027.png",
        "MVTec/screw/test/good/028.png",
        "MVTec/screw/test/good/029.png",
        "MVTec/screw/test/good/030.png",
        "MVTec/screw/test/good/031.png",
        "MVTec/screw/test/good/032.png",
        "MVTec/screw/test/good/033.png",
        "MVTec/screw/test/good/034.png",
        "MVTec/screw/test/good/035.png",
        "MVTec/screw/test/good/036.png",
        "MVTec/screw/test/good/037.png",
        "MVTec/screw/test/good/038.png",
        "MVTec/screw/test/good/039.png",
        "MVTec/screw/test/good/040.png",
        "MVTec/screw/test/manipulated_front/000.png",
        "MVTec/screw/test/manipulated_front/001.png",
        "MVTec/screw/test/manipulated_front/002.png",
        "MVTec/screw/test/manipulated_front/003.png",
        "MVTec/screw/test/manipulated_front/004.png",
        "MVTec/screw/test/manipulated_front/005.png",
        "MVTec/screw/test/manipulated_front/006.png",
        "MVTec/screw/test/manipulated_front/007.png",
        "MVTec/screw/test/manipulated_front/008.png",
        "MVTec/screw/test/manipulated_front/009.png",
        "MVTec/screw/test/manipulated_front/010.png",
        "MVTec/screw/test/manipulated_front/011.png",
        "MVTec/screw/test/manipulated_front/012.png",
        "MVTec/screw/test/manipulated_front/013.png",
        "MVTec/screw/test/manipulated_front/014.png",
        "MVTec/screw/test/manipulated_front/015.png",
        "MVTec/screw/test/manipulated_front/016.png",
        "MVTec/screw/test/manipulated_front/017.png",
        "MVTec/screw/test/manipulated_front/018.png",
        "MVTec/screw/test/manipulated_front/019.png",
        "MVTec/screw/test/manipulated_front/020.png",
        "MVTec/screw/test/manipulated_front/021.png",
        "MVTec/screw/test/manipulated_front/022.png",
        "MVTec/screw/test/manipulated_front/023.png",
        "MVTec/screw/test/scratch_head/000.png",
        "MVTec/screw/test/scratch_head/001.png",
        "MVTec/screw/test/scratch_head/002.png",
        "MVTec/screw/test/scratch_head/003.png",
        "MVTec/screw/test/scratch_head/004.png",
        "MVTec/screw/test/scratch_head/005.png",
        "MVTec/screw/test/scratch_head/006.png",
        "MVTec/screw/test/scratch_head/007.png",
        "MVTec/screw/test/scratch_head/008.png",
        "MVTec/screw/test/scratch_head/009.png",
        "MVTec/screw/test/scratch_head/010.png",
        "MVTec/screw/test/scratch_head/011.png",
        "MVTec/screw/test/scratch_head/012.png",
        "MVTec/screw/test/scratch_head/013.png",
        "MVTec/screw/test/scratch_head/014.png",
        "MVTec/screw/test/scratch_head/015.png",
        "MVTec/screw/test/scratch_head/016.png",
        "MVTec/screw/test/scratch_head/017.png",
        "MVTec/screw/test/scratch_head/018.png",
        "MVTec/screw/test/scratch_head/019.png",
        "MVTec/screw/test/scratch_head/020.png",
        "MVTec/screw/test/scratch_head/021.png",
        "MVTec/screw/test/scratch_head/022.png",
        "MVTec/screw/test/scratch_head/023.png",
        "MVTec/screw/test/scratch_neck/000.png",
