{
    "shared_fpr_metric": "mean-per-image-fpr",
    "fpr_lower_bound": 1e-05,
    "fpr_upper_bound": 0.0001,
    "num_threshs": 2029,
    "thresh_lower_bound": 17.821731567382812,
    "thresh_upper_bound": 19.016998291015625,
    "aupimos": [
        0.0,
        0.0,
        0.0,
        0.0,
        0.0,
        0.0,
        0.0,
        0.033194050616285914,
        0.0,
        0.0,
        0.0,
        0.0,
        0.0,
        0.0789567816532082,
        0.0,
        0.0,
        0.0,
        0.15267135998184336,
        0.09484314459681975,
        0.010086227337522374,
        0.0,
        0.0,
        0.045335462475757836,
        0.0,
        0.11720662205603032,
        0.40795468526482237,
        0.0,
        0.0,
        0.0,
        0.10881441056377573,
        0.1568667916139984,
        0.0,
        0.0,
        0.0,
        0.05440788108202916,
        0.34337637515932556,
        0.5575819010584535,
        0.010290206363761217,
        0.8541866385634614,
        0.7386466706596488,
        0.5324436148114994,
        0.10602939418304029,
        0.1361196033989503,
        0.005631072081383624,
        0.41944233135905584,
        0.46820355813764775,
        0.07604071247536547,
        0.01298209889360879,
        0.451472662497484,
        0.009810955038226642,
        0.2088757627015518,
        0.15633652401148485,
        0.0,
        0.0,
        0.0,
        0.0,
        0.0,
        0.0,
        0.0,
        0.0,
        0.0,
        0.0,
        0.0,
        0.0,
        0.0,
        0.0,
        0.0,
        0.0,
        NaN,
        NaN,
        NaN,
        NaN,
        NaN,
        NaN,
        NaN,
        NaN,
        NaN,
        NaN,
        NaN,
        NaN,
        NaN,
        NaN,
        NaN,
        NaN,
        NaN,
        NaN,
        NaN,
        NaN,
        NaN,
        NaN,
        NaN,
        NaN,
        NaN,
        NaN,
        NaN,
        NaN,
        NaN,
        NaN,
        NaN,
        NaN,
        0.0,
        0.01599030828677332,
        0.0,
        0.0014984887612001332,
        0.0,
        0.0,
        0.0,
        0.0,
        0.0,
        0.0,
        0.0,
        0.0,
        0.0,
        0.0,
        0.0,
        0.1483365669427201,
        0.0,
        0.0,
        0.0,
        0.0,
        0.0,
        0.0011535726879151505,
        0.0,
        0.0,
        0.0,
        0.0,
        0.0,
        0.0,
        0.0,
        0.0,
        0.0,
        0.0,
        0.0,
        0.0,
        0.0,
        0.0,
        0.0,
        0.0,
        0.0,
        0.0,
        0.0,
        0.0,
        0.0,
        0.0,
        0.0,
        0.0,
        0.0,
        0.0,
        0.0,
        0.0,
        0.0
    ],
    "paths": [
        "MVTec/zipper/test/broken_teeth/000.png",
        "MVTec/zipper/test/broken_teeth/001.png",
        "MVTec/zipper/test/broken_teeth/002.png",
        "MVTec/zipper/test/broken_teeth/003.png",
        "MVTec/zipper/test/broken_teeth/004.png",
        "MVTec/zipper/test/broken_teeth/005.png",
        "MVTec/zipper/test/broken_teeth/006.png",
        "MVTec/zipper/test/broken_teeth/007.png",
        "MVTec/zipper/test/broken_teeth/008.png",
        "MVTec/zipper/test/broken_teeth/009.png",
        "MVTec/zipper/test/broken_teeth/010.png",
        "MVTec/zipper/test/broken_teeth/011.png",
        "MVTec/zipper/test/broken_teeth/012.png",
        "MVTec/zipper/test/broken_teeth/013.png",
        "MVTec/zipper/test/broken_teeth/014.png",
        "MVTec/zipper/test/broken_teeth/015.png",
        "MVTec/zipper/test/broken_teeth/016.png",
        "MVTec/zipper/test/broken_teeth/017.png",
        "MVTec/zipper/test/broken_teeth/018.png",
        "MVTec/zipper/test/combined/000.png",
        "MVTec/zipper/test/combined/001.png",
        "MVTec/zipper/test/combined/002.png",
        "MVTec/zipper/test/combined/003.png",
        "MVTec/zipper/test/combined/004.png",
        "MVTec/zipper/test/combined/005.png",
        "MVTec/zipper/test/combined/006.png",
        "MVTec/zipper/test/combined/007.png",
        "MVTec/zipper/test/combined/008.png",
        "MVTec/zipper/test/combined/009.png",
        "MVTec/zipper/test/combined/010.png",
        "MVTec/zipper/test/combined/011.png",
        "MVTec/zipper/test/combined/012.png",
        "MVTec/zipper/test/combined/013.png",
        "MVTec/zipper/test/combined/014.png",
        "MVTec/zipper/test/combined/015.png",
        "MVTec/zipper/test/fabric_border/000.png",
        "MVTec/zipper/test/fabric_border/001.png",
        "MVTec/zipper/test/fabric_border/002.png",
        "MVTec/zipper/test/fabric_border/003.png",
        "MVTec/zipper/test/fabric_border/004.png",
        "MVTec/zipper/test/fabric_border/005.png",
        "MVTec/zipper/test/fabric_border/006.png",
        "MVTec/zipper/test/fabric_border/007.png",
        "MVTec/zipper/test/fabric_border/008.png",
        "MVTec/zipper/test/fabric_border/009.png",
        "MVTec/zipper/test/fabric_border/010.png",
        "MVTec/zipper/test/fabric_border/011.png",
        "MVTec/zipper/test/fabric_border/012.png",
        "MVTec/zipper/test/fabric_border/013.png",
        "MVTec/zipper/test/fabric_border/014.png",
        "MVTec/zipper/test/fabric_border/015.png",
        "MVTec/zipper/test/fabric_border/016.png",
        "MVTec/zipper/test/fabric_interior/000.png",
        "MVTec/zipper/test/fabric_interior/001.png",
        "MVTec/zipper/test/fabric_interior/002.png",
        "MVTec/zipper/test/fabric_interior/003.png",
        "MVTec/zipper/test/fabric_interior/004.png",
        "MVTec/zipper/test/fabric_interior/005.png",
        "MVTec/zipper/test/fabric_interior/006.png",
        "MVTec/zipper/test/fabric_interior/007.png",
        "MVTec/zipper/test/fabric_interior/008.png",
        "MVTec/zipper/test/fabric_interior/009.png",
        "MVTec/zipper/test/fabric_interior/010.png",
        "MVTec/zipper/test/fabric_interior/011.png",
        "MVTec/zipper/test/fabric_interior/012.png",
        "MVTec/zipper/test/fabric_interior/013.png",
        "MVTec/zipper/test/fabric_interior/014.png",
        "MVTec/zipper/test/fabric_interior/015.png",
        "MVTec/zipper/test/good/000.png",
        "MVTec/zipper/test/good/001.png",
        "MVTec/zipper/test/good/002.png",
        "MVTec/zipper/test/good/003.png",
        "MVTec/zipper/test/good/004.png",
        "MVTec/zipper/test/good/005.png",
        "MVTec/zipper/test/good/006.png",
        "MVTec/zipper/test/good/007.png",
        "MVTec/zipper/test/good/008.png",
        "MVTec/zipper/test/good/009.png",
        "MVTec/zipper/test/good/010.png",
        "MVTec/zipper/test/good/011.png",
        "MVTec/zipper/test/good/012.png",
        "MVTec/zipper/test/good/013.png",
        "MVTec/zipper/test/good/014.png",
        "MVTec/zipper/test/good/015.png",
        "MVTec/zipper/test/good/016.png",
        "MVTec/zipper/test/good/017.png",
        "MVTec/zipper/test/good/018.png",
        "MVTec/zipper/test/good/019.png",
        "MVTec/zipper/test/good/020.png",
        "MVTec/zipper/test/good/021.png",
        "MVTec/zipper/test/good/022.png",
        "MVTec/zipper/test/good/023.png",
        "MVTec/zipper/test/good/024.png",
        "MVTec/zipper/test/good/025.png",
        "MVTec/zipper/test/good/026.png",
        "MVTec/zipper/test/good/027.png",
        "MVTec/zipper/test/good/028.png",
        "MVTec/zipper/test/good/029.png",
        "MVTec/zipper/test/good/030.png",
        "MVTec/zipper/test/good/031.png",
        "MVTec/zipper/test/rough/000.png",
        "MVTec/zipper/test/rough/001.png",
        "MVTec/zipper/test/rough/002.png",
        "MVTec/zipper/test/rough/003.png",
        "MVTec/zipper/test/rough/004.png",
        "MVTec/zipper/test/rough/005.png",
        "MVTec/zipper/test/rough/006.png",
        "MVTec/zipper/test/rough/007.png",
        "MVTec/zipper/test/rough/008.png",
        "MVTec/zipper/test/rough/009.png",
        "MVTec/zipper/test/rough/010.png",
        "MVTec/zipper/test/rough/011.png",
