{
    "shared_fpr_metric": "mean-per-image-fpr",
    "fpr_lower_bound": 1e-05,
    "fpr_upper_bound": 0.0001,
    "num_threshs": null,
    "thresh_lower_bound": -0.002859253203496337,
    "thresh_upper_bound": -2.3436501578544267e-05,
    "aupimos": [
        0.0,
        0.0,
        0.0,
        0.0,
        0.0,
        0.0,
        0.0,
        0.0,
        0.08309366509047379,
        0.023791634389550103,
        0.0007313854427968554,
        0.0,
        0.0,
        0.0,
        0.0,
        0.0,
        0.0,
        0.0,
        0.0,
        0.0,
        0.0,
        0.0,
        0.0,
        0.0,
        0.0,
        0.0,
        0.0,
        0.0,
        0.0,
        0.0,
        0.0,
        0.0,
        0.0,
        0.0,
        0.0,
        NaN,
        NaN,
        NaN,
        NaN,
        NaN,
        NaN,
        NaN,
        NaN,
        NaN,
        NaN,
        NaN,
        NaN,
        NaN,
        NaN,
        NaN,
        NaN,
        NaN,
        NaN,
        NaN,
        NaN,
        NaN,
        NaN,
        NaN,
        NaN,
        NaN,
        NaN,
        NaN,
        NaN,
        NaN,
        NaN,
        NaN,
        NaN,
        NaN,
        NaN,
        NaN,
        NaN,
        NaN,
        NaN,
        NaN,
        NaN,
        0.0,
        0.0,
        0.0,
        0.0,
        0.0,
        0.0,
        0.0,
        0.0,
        0.0,
        0.0,
        0.0,
        0.0,
        0.0,
        0.0,
        0.0,
        0.0,
        0.0,
        0.0,
        0.7485748749244964,
        0.7809622513107732,
        0.7558275807300966,
        0.18455191613481245,
        0.801427954363909,
        0.5167678177949496,
        0.6521681836225686,
        0.6604673130000526,
        0.8173484322452793,
        0.22928454177951788,
        0.816531966989142,
        0.7454606080825398,
        0.7119264299991134,
        0.05141590867462773,
        0.5969749974720854,
        0.2925804051258715,
        0.7141728050947469
    ],
    "paths": [
        "MVTec/hazelnut/test/crack/000.png",
        "MVTec/hazelnut/test/crack/001.png",
        "MVTec/hazelnut/test/crack/002.png",
        "MVTec/hazelnut/test/crack/003.png",
        "MVTec/hazelnut/test/crack/004.png",
        "MVTec/hazelnut/test/crack/005.png",
        "MVTec/hazelnut/test/crack/006.png",
        "MVTec/hazelnut/test/crack/007.png",
        "MVTec/hazelnut/test/crack/008.png",
        "MVTec/hazelnut/test/crack/009.png",
        "MVTec/hazelnut/test/crack/010.png",
        "MVTec/hazelnut/test/crack/011.png",
        "MVTec/hazelnut/test/crack/012.png",
        "MVTec/hazelnut/test/crack/013.png",
        "MVTec/hazelnut/test/crack/014.png",
        "MVTec/hazelnut/test/crack/015.png",
        "MVTec/hazelnut/test/crack/016.png",
        "MVTec/hazelnut/test/crack/017.png",
        "MVTec/hazelnut/test/cut/000.png",
        "MVTec/hazelnut/test/cut/001.png",
        "MVTec/hazelnut/test/cut/002.png",
        "MVTec/hazelnut/test/cut/003.png",
        "MVTec/hazelnut/test/cut/004.png",
        "MVTec/hazelnut/test/cut/005.png",
        "MVTec/hazelnut/test/cut/006.png",
        "MVTec/hazelnut/test/cut/007.png",
        "MVTec/hazelnut/test/cut/008.png",
        "MVTec/hazelnut/test/cut/009.png",
        "MVTec/hazelnut/test/cut/010.png",
        "MVTec/hazelnut/test/cut/011.png",
        "MVTec/hazelnut/test/cut/012.png",
        "MVTec/hazelnut/test/cut/013.png",
        "MVTec/hazelnut/test/cut/014.png",
        "MVTec/hazelnut/test/cut/015.png",
        "MVTec/hazelnut/test/cut/016.png",
        "MVTec/hazelnut/test/good/000.png",
        "MVTec/hazelnut/test/good/001.png",
        "MVTec/hazelnut/test/good/002.png",
        "MVTec/hazelnut/test/good/003.png",
        "MVTec/hazelnut/test/good/004.png",
        "MVTec/hazelnut/test/good/005.png",
        "MVTec/hazelnut/test/good/006.png",
        "MVTec/hazelnut/test/good/007.png",
        "MVTec/hazelnut/test/good/008.png",
        "MVTec/hazelnut/test/good/009.png",
        "MVTec/hazelnut/test/good/010.png",
        "MVTec/hazelnut/test/good/011.png",
        "MVTec/hazelnut/test/good/012.png",
        "MVTec/hazelnut/test/good/013.png",
        "MVTec/hazelnut/test/good/014.png",
        "MVTec/hazelnut/test/good/015.png",
        "MVTec/hazelnut/test/good/016.png",
        "MVTec/hazelnut/test/good/017.png",
        "MVTec/hazelnut/test/good/018.png",
        "MVTec/hazelnut/test/good/019.png",
        "MVTec/hazelnut/test/good/020.png",
        "MVTec/hazelnut/test/good/021.png",
        "MVTec/hazelnut/test/good/022.png",
        "MVTec/hazelnut/test/good/023.png",
        "MVTec/hazelnut/test/good/024.png",
        "MVTec/hazelnut/test/good/025.png",
        "MVTec/hazelnut/test/good/026.png",
        "MVTec/hazelnut/test/good/027.png",
        "MVTec/hazelnut/test/good/028.png",
        "MVTec/hazelnut/test/good/029.png",
        "MVTec/hazelnut/test/good/030.png",
        "MVTec/hazelnut/test/good/031.png",
        "MVTec/hazelnut/test/good/032.png",
        "MVTec/hazelnut/test/good/033.png",
        "MVTec/hazelnut/test/good/034.png",
        "MVTec/hazelnut/test/good/035.png",
        "MVTec/hazelnut/test/good/036.png",
        "MVTec/hazelnut/test/good/037.png",
        "MVTec/hazelnut/test/good/038.png",
        "MVTec/hazelnut/test/good/039.png",
        "MVTec/hazelnut/test/hole/000.png",
        "MVTec/hazelnut/test/hole/001.png",
        "MVTec/hazelnut/test/hole/002.png",
        "MVTec/hazelnut/test/hole/003.png",
        "MVTec/hazelnut/test/hole/004.png",
        "MVTec/hazelnut/test/hole/005.png",
        "MVTec/hazelnut/test/hole/006.png",
        "MVTec/hazelnut/test/hole/007.png",
        "MVTec/hazelnut/test/hole/008.png",
        "MVTec/hazelnut/test/hole/009.png",
        "MVTec/hazelnut/test/hole/010.png",
        "MVTec/hazelnut/test/hole/011.png",
        "MVTec/hazelnut/test/hole/012.png",
        "MVTec/hazelnut/test/hole/013.png",
        "MVTec/hazelnut/test/hole/014.png",
        "MVTec/hazelnut/test/hole/015.png",
        "MVTec/hazelnut/test/hole/016.png",
        "MVTec/hazelnut/test/hole/017.png",
        "MVTec/hazelnut/test/print/000.png",
        "MVTec/hazelnut/test/print/001.png",
        "MVTec/hazelnut/test/print/002.png",
        "MVTec/hazelnut/test/print/003.png",
        "MVTec/hazelnut/test/print/004.png",
        "MVTec/hazelnut/test/print/005.png",
        "MVTec/hazelnut/test/print/006.png",
        "MVTec/hazelnut/test/print/007.png",
        "MVTec/hazelnut/test/print/008.png",
        "MVTec/hazelnut/test/print/009.png",
        "MVTec/hazelnut/test/print/010.png",
        "MVTec/hazelnut/test/print/011.png",
        "MVTec/hazelnut/test/print/012.png",
        "MVTec/hazelnut/test/print/013.png",
        "MVTec/hazelnut/test/print/014.png",
        "MVTec/hazelnut/test/print/015.png",
        "MVTec/hazelnut/test/print/016.png"
    ]
}