{
    "shared_fpr_metric": "mean-per-image-fpr",
    "fpr_lower_bound": 1e-05,
    "fpr_upper_bound": 0.0001,
    "num_threshs": null,
    "thresh_lower_bound": -0.5872039198875427,
    "thresh_upper_bound": 0.2504732310771942,
    "aupimos": [
        0.021709490475465516,
        1.0,
        0.7723476241831307,
        0.9678738067601842,
        0.9999259538117531,
        0.7337054357836152,
        0.8655091189315961,
        0.9759739039679569,
        0.7893426415370911,
        0.9992440644757906,
        0.0034151404097624914,
        0.0,
        0.6339698408028209,
        5.901208650646671e-05,
        0.0,
        0.0,
        0.0,
        0.0,
        0.0,
        0.0,
        0.8668721013764163,
        0.0,
        0.0,
        0.039248271853409095,
        0.0011194545550412063,
        0.29529351116180924,
        0.003459548668653478,
        0.0,
        0.0,
        0.0,
        1.0,
        0.0,
        0.0,
        0.0,
        0.12214934374874623,
        0.6666671407254665,
        0.0,
        0.0,
        0.18300402390265028,
        0.0,
        1.0,
        0.8120300585642961,
        1.0,
        0.6486935269116613,
        0.17114259817191618,
        1.0,
        0.4412917682593046,
        0.06443759012816219,
        0.8276776115780784,
        0.14739092902255643,
        0.0,
        0.0,
        0.10045656493967982,
        0.03585776741879685,
        0.13477258721838611,
        0.0,
        0.0,
        0.7653859543698859,
        0.0,
        0.0,
        0.0,
        0.8573320861115982,
        0.032474124863134675,
        1.0,
        1.0,
        0.9980012768475732,
        0.9996286822235448,
        0.5915318904682522,
        0.9177255876590312,
        0.0,
        0.9927783313638583,
        0.08002501624230535,
        0.6437977380044184,
        0.8521194257420462,
        0.9566922303316202,
        0.4702878156980661,
        0.40209806735436,
        0.877036507154634,
        0.987653812783714,
        0.9433894729887067,
        0.8156246120194914,
        0.9379155541589272,
        0.5687744602021376,
        0.8492086962578385,
        0.8753616137707898,
        0.9017339740963053,
        0.6468238465803189,
        0.9356925983334583,
        0.7555419589914967,
        0.4867579786304369,
        0.706623726189536,
        0.30900849572305905,
        1.0,
        1.0,
        0.4305045005877654,
        0.7320972022950827,
        0.9976097827976816,
        0.6428767648347176,
        0.5379877133296477,
        0.9413113911440776,
        NaN,
        NaN,
        NaN,
        NaN,
        NaN,
        NaN,
        NaN,
        NaN,
        NaN,
        NaN,
        NaN,
        NaN,
        NaN,
        NaN,
        NaN,
        NaN,
        NaN,
        NaN,
        NaN,
        NaN,
        NaN,
        NaN,
        NaN,
        NaN,
        NaN,
        NaN,
        NaN,
        NaN,
        NaN,
        NaN,
        NaN,
        NaN,
        NaN,
        NaN,
        NaN,
        NaN,
        NaN,
        NaN,
        NaN,
        NaN,
        NaN,
        NaN,
        NaN,
        NaN,
        NaN,
        NaN,
        NaN,
        NaN,
        NaN,
        NaN,
        NaN,
        NaN,
        NaN,
        NaN,
        NaN,
        NaN,
        NaN,
        NaN,
        NaN,
        NaN,
        NaN,
        NaN,
        NaN,
        NaN,
        NaN,
        NaN,
        NaN,
        NaN,
        NaN,
        NaN,
        NaN,
        NaN,
        NaN,
        NaN,
        NaN,
        NaN,
        NaN,
        NaN,
        NaN,
        NaN,
        NaN,
        NaN,
        NaN,
        NaN,
        NaN,
        NaN,
        NaN,
        NaN,
        NaN,
        NaN,
        NaN,
        NaN,
        NaN,
        NaN,
        NaN,
        NaN,
        NaN,
        NaN,
        NaN,
        NaN
    ],
    "paths": [
        "VisA/visa_pytorch/candle/test/bad/000.JPG",
        "VisA/visa_pytorch/candle/test/bad/001.JPG",
        "VisA/visa_pytorch/candle/test/bad/002.JPG",
        "VisA/visa_pytorch/candle/test/bad/003.JPG",
        "VisA/visa_pytorch/candle/test/bad/004.JPG",
        "VisA/visa_pytorch/candle/test/bad/005.JPG",
        "VisA/visa_pytorch/candle/test/bad/006.JPG",
        "VisA/visa_pytorch/candle/test/bad/007.JPG",
        "VisA/visa_pytorch/candle/test/bad/008.JPG",
        "VisA/visa_pytorch/candle/test/bad/009.JPG",
        "VisA/visa_pytorch/candle/test/bad/010.JPG",
        "VisA/visa_pytorch/candle/test/bad/011.JPG",
        "VisA/visa_pytorch/candle/test/bad/012.JPG",
        "VisA/visa_pytorch/candle/test/bad/013.JPG",
        "VisA/visa_pytorch/candle/test/bad/014.JPG",
        "VisA/visa_pytorch/candle/test/bad/015.JPG",
        "VisA/visa_pytorch/candle/test/bad/016.JPG",
        "VisA/visa_pytorch/candle/test/bad/017.JPG",
        "VisA/visa_pytorch/candle/test/bad/018.JPG",
        "VisA/visa_pytorch/candle/test/bad/019.JPG",
        "VisA/visa_pytorch/candle/test/bad/020.JPG",
        "VisA/visa_pytorch/candle/test/bad/021.JPG",
        "VisA/visa_pytorch/candle/test/bad/022.JPG",
        "VisA/visa_pytorch/candle/test/bad/023.JPG",
        "VisA/visa_pytorch/candle/test/bad/024.JPG",
        "VisA/visa_pytorch/candle/test/bad/025.JPG",
        "VisA/visa_pytorch/candle/test/bad/026.JPG",
        "VisA/visa_pytorch/candle/test/bad/027.JPG",
        "VisA/visa_pytorch/candle/test/bad/028.JPG",
        "VisA/visa_pytorch/candle/test/bad/029.JPG",
        "VisA/visa_pytorch/candle/test/bad/030.JPG",
        "VisA/visa_pytorch/candle/test/bad/031.JPG",
        "VisA/visa_pytorch/candle/test/bad/032.JPG",
        "VisA/visa_pytorch/candle/test/bad/033.JPG",
        "VisA/visa_pytorch/candle/test/bad/034.JPG",
        "VisA/visa_pytorch/candle/test/bad/035.JPG",
        "VisA/visa_pytorch/candle/test/bad/036.JPG",
        "VisA/visa_pytorch/candle/test/bad/037.JPG",
        "VisA/visa_pytorch/candle/test/bad/038.JPG",
        "VisA/visa_pytorch/candle/test/bad/039.JPG",
        "VisA/visa_pytorch/candle/test/bad/040.JPG",
        "VisA/visa_pytorch/candle/test/bad/041.JPG",
        "VisA/visa_pytorch/candle/test/bad/042.JPG",
        "VisA/visa_pytorch/candle/test/bad/043.JPG",
        "VisA/visa_pytorch/candle/test/bad/044.JPG",
        "VisA/visa_pytorch/candle/test/bad/045.JPG",
        "VisA/visa_pytorch/candle/test/bad/046.JPG",
        "VisA/visa_pytorch/candle/test/bad/047.JPG",
        "VisA/visa_pytorch/candle/test/bad/048.JPG",
        "VisA/visa_pytorch/candle/test/bad/049.JPG",
        "VisA/visa_pytorch/candle/test/bad/050.JPG",
        "VisA/visa_pytorch/candle/test/bad/051.JPG",
        "VisA/visa_pytorch/candle/test/bad/052.JPG",
        "VisA/visa_pytorch/candle/test/bad/053.JPG",
        "VisA/visa_pytorch/candle/test/bad/054.JPG",
        "VisA/visa_pytorch/candle/test/bad/055.JPG",
        "VisA/visa_pytorch/candle/test/bad/056.JPG",
        "VisA/visa_pytorch/candle/test/bad/057.JPG",
        "VisA/visa_pytorch/candle/test/bad/058.JPG",
        "VisA/visa_pytorch/candle/test/bad/059.JPG",
        "VisA/visa_pytorch/candle/test/bad/060.JPG",
        "VisA/visa_pytorch/candle/test/bad/061.JPG",
        "VisA/visa_pytorch/candle/test/bad/062.JPG",
        "VisA/visa_pytorch/candle/test/bad/063.JPG",
        "VisA/visa_pytorch/candle/test/bad/064.JPG",
        "VisA/visa_pytorch/candle/test/bad/065.JPG",
        "VisA/visa_pytorch/candle/test/bad/066.JPG",
        "VisA/visa_pytorch/candle/test/bad/067.JPG",
        "VisA/visa_pytorch/candle/test/bad/068.JPG",
        "VisA/visa_pytorch/candle/test/bad/069.JPG",
        "VisA/visa_pytorch/candle/test/bad/070.JPG",
        "VisA/visa_pytorch/candle/test/bad/071.JPG",
        "VisA/visa_pytorch/candle/test/bad/072.JPG",
        "VisA/visa_pytorch/candle/test/bad/073.JPG",
        "VisA/visa_pytorch/candle/test/bad/074.JPG",
        "VisA/visa_pytorch/candle/test/bad/075.JPG",
        "VisA/visa_pytorch/candle/test/bad/076.JPG",
        "VisA/visa_pytorch/candle/test/bad/077.JPG",
