{
    "shared_fpr_metric": "mean-per-image-fpr",
    "fpr_lower_bound": 1e-05,
    "fpr_upper_bound": 0.0001,
    "num_threshs": 1351,
    "thresh_lower_bound": 1.619734287261963,
    "thresh_upper_bound": 1.6653043031692505,
    "aupimos": [
        0.2512273778406858,
        1.0,
        1.0,
        0.9897341748791281,
        1.0,
        0.6700945616070119,
        1.0,
        1.0,
        0.8304960279615813,
        0.8904912120159193,
        1.0,
        1.0,
        1.0,
        1.0,
        1.0,
        1.0,
        0.0,
        1.0,
        1.0,
        0.9866723723721633,
        1.0,
        0.0,
        0.6797162637436678,
        0.996116367660132,
        0.4638011385746153,
        0.9836626927281774,
        0.5975334104975581,
        0.9956786727657473,
        0.9990104327399604,
        0.8777810787871803,
        1.0,
        1.0,
        1.0,
        1.0,
        0.7357155984976851,
        0.9391019169633595,
        0.9560971940494504,
        1.0,
        0.9075778060680287,
        1.0,
        0.6631353574692843,
        0.0,
        0.0,
        1.0,
        0.9881985826178898,
        NaN,
        NaN,
        NaN,
        NaN,
        NaN,
        NaN,
        NaN,
        NaN,
        NaN,
        NaN,
        NaN,
        NaN,
        NaN,
        NaN,
        NaN,
        NaN,
        NaN,
        NaN,
        NaN,
        NaN,
        NaN,
        NaN,
        NaN,
        1.0,
        1.0,
        0.3053950659338254,
        0.8884340691486586,
        0.9330271213688238,
        0.6457682217135313,
        0.4509271079580792,
        1.0,
        0.9962909910880271,
        0.7156135529920963,
        0.0,
        1.0,
        1.0,
        1.0,
        1.0,
        0.7259455302224659,
        1.0,
        1.0,
        0.9826525921086807,
        0.966128346844127,
        0.977174654648706,
        0.0,
        0.5977785867953794,
        0.7027008928435127,
        0.0,
        0.43590064886044055,
        0.0,
        0.6565387933803589,
        1.0,
        0.9701693590977865,
        0.24773580505176362,
        0.9685629243026773,
        0.9899756622477054,
        0.5510955572247047,
        0.0,
        1.0,
        0.5908714907334527,
        0.6224238415293395,
        0.0,
        1.0,
        0.9804179287526051,
        0.9065632512618523,
        0.5009773238063656,
        0.2866960361026175,
        1.0,
        0.9931363428087977,
        0.9070202921676016,
        1.0,
        0.9767518868478036,
        0.818469948881423,
        0.9857860218041137,
        1.0,
        0.8245451750610774,
        0.8112662953325669,
        1.0,
        0.9467634157036686,
        0.8415292980207798,
        0.9015123230989667,
        0.9358315158711343,
        0.9543946145244911,
        1.0,
        0.9562771343086052,
        0.9351335815455692,
        0.8570890956481185
    ],
    "paths": [
        "MVTec/capsule/test/crack/000.png",
        "MVTec/capsule/test/crack/001.png",
        "MVTec/capsule/test/crack/002.png",
        "MVTec/capsule/test/crack/003.png",
        "MVTec/capsule/test/crack/004.png",
        "MVTec/capsule/test/crack/005.png",
        "MVTec/capsule/test/crack/006.png",
        "MVTec/capsule/test/crack/007.png",
        "MVTec/capsule/test/crack/008.png",
        "MVTec/capsule/test/crack/009.png",
        "MVTec/capsule/test/crack/010.png",
        "MVTec/capsule/test/crack/011.png",
        "MVTec/capsule/test/crack/012.png",
        "MVTec/capsule/test/crack/013.png",
        "MVTec/capsule/test/crack/014.png",
        "MVTec/capsule/test/crack/015.png",
        "MVTec/capsule/test/crack/016.png",
        "MVTec/capsule/test/crack/017.png",
        "MVTec/capsule/test/crack/018.png",
        "MVTec/capsule/test/crack/019.png",
        "MVTec/capsule/test/crack/020.png",
        "MVTec/capsule/test/crack/021.png",
        "MVTec/capsule/test/crack/022.png",
        "MVTec/capsule/test/faulty_imprint/000.png",
        "MVTec/capsule/test/faulty_imprint/001.png",
        "MVTec/capsule/test/faulty_imprint/002.png",
        "MVTec/capsule/test/faulty_imprint/003.png",
        "MVTec/capsule/test/faulty_imprint/004.png",
        "MVTec/capsule/test/faulty_imprint/005.png",
        "MVTec/capsule/test/faulty_imprint/006.png",
        "MVTec/capsule/test/faulty_imprint/007.png",
        "MVTec/capsule/test/faulty_imprint/008.png",
        "MVTec/capsule/test/faulty_imprint/009.png",
        "MVTec/capsule/test/faulty_imprint/010.png",
        "MVTec/capsule/test/faulty_imprint/011.png",
        "MVTec/capsule/test/faulty_imprint/012.png",
        "MVTec/capsule/test/faulty_imprint/013.png",
        "MVTec/capsule/test/faulty_imprint/014.png",
        "MVTec/capsule/test/faulty_imprint/015.png",
        "MVTec/capsule/test/faulty_imprint/016.png",
        "MVTec/capsule/test/faulty_imprint/017.png",
        "MVTec/capsule/test/faulty_imprint/018.png",
        "MVTec/capsule/test/faulty_imprint/019.png",
        "MVTec/capsule/test/faulty_imprint/020.png",
        "MVTec/capsule/test/faulty_imprint/021.png",
        "MVTec/capsule/test/good/000.png",
        "MVTec/capsule/test/good/001.png",
        "MVTec/capsule/test/good/002.png",
        "MVTec/capsule/test/good/003.png",
        "MVTec/capsule/test/good/004.png",
        "MVTec/capsule/test/good/005.png",
        "MVTec/capsule/test/good/006.png",
        "MVTec/capsule/test/good/007.png",
        "MVTec/capsule/test/good/008.png",
        "MVTec/capsule/test/good/009.png",
        "MVTec/capsule/test/good/010.png",
        "MVTec/capsule/test/good/011.png",
        "MVTec/capsule/test/good/012.png",
        "MVTec/capsule/test/good/013.png",
        "MVTec/capsule/test/good/014.png",
        "MVTec/capsule/test/good/015.png",
        "MVTec/capsule/test/good/016.png",
        "MVTec/capsule/test/good/017.png",
        "MVTec/capsule/test/good/018.png",
        "MVTec/capsule/test/good/019.png",
        "MVTec/capsule/test/good/020.png",
        "MVTec/capsule/test/good/021.png",
        "MVTec/capsule/test/good/022.png",
        "MVTec/capsule/test/poke/000.png",
        "MVTec/capsule/test/poke/001.png",
        "MVTec/capsule/test/poke/002.png",
        "MVTec/capsule/test/poke/003.png",
        "MVTec/capsule/test/poke/004.png",
        "MVTec/capsule/test/poke/005.png",
        "MVTec/capsule/test/poke/006.png",
        "MVTec/capsule/test/poke/007.png",
        "MVTec/capsule/test/poke/008.png",
        "MVTec/capsule/test/poke/009.png",
        "MVTec/capsule/test/poke/010.png",
        "MVTec/capsule/test/poke/011.png",
        "MVTec/capsule/test/poke/012.png",
        "MVTec/capsule/test/poke/013.png",
        "MVTec/capsule/test/poke/014.png",
        "MVTec/capsule/test/poke/015.png",
        "MVTec/capsule/test/poke/016.png",
        "MVTec/capsule/test/poke/017.png",
        "MVTec/capsule/test/poke/018.png",
        "MVTec/capsule/test/poke/019.png",
        "MVTec/capsule/test/poke/020.png",
        "MVTec/capsule/test/scratch/000.png",
        "MVTec/capsule/test/scratch/001.png",
        "MVTec/capsule/test/scratch/002.png",
        "MVTec/capsule/test/scratch/003.png",
        "MVTec/capsule/test/scratch/004.png",
        "MVTec/capsule/test/scratch/005.png",
        "MVTec/capsule/test/scratch/006.png",
        "MVTec/capsule/test/scratch/007.png",
        "MVTec/capsule/test/scratch/008.png",
        "MVTec/capsule/test/scratch/009.png",
        "MVTec/capsule/test/scratch/010.png",
        "MVTec/capsule/test/scratch/011.png",
        "MVTec/capsule/test/scratch/012.png",
        "MVTec/capsule/test/scratch/013.png",
        "MVTec/capsule/test/scratch/014.png",
        "MVTec/capsule/test/scratch/015.png",
        "MVTec/capsule/test/scratch/016.png",
        "MVTec/capsule/test/scratch/017.png",
        "MVTec/capsule/test/scratch/018.png",
        "MVTec/capsule/test/scratch/019.png",
        "MVTec/capsule/test/scratch/020.png",
        "MVTec/capsule/test/scratch/021.png",
