{
    "ious": [
        0.4605428266022215,
        0.18711213125903256,
        0.25295902883156296,
        0.2514760551060573,
        0.17761806981519507,
        0.5101263554081907,
        0.34445068313681454,
        0.17231382496829137,
        0.5865670952699739,
        0.15528977051730844,
        0.5433178153741343,
        0.16962054738799465,
        0.49039399465626193,
        0.2109617807643847,
        0.36185450433471544,
        0.12590412111017663,
        0.3986724964441869,
        0.43482654746866195,
        0.1359955935004131,
        0.2238477355023018,
        0.36050529872523424,
        0.35821545157780194,
        0.6407543907543908,
        0.5992537122702993,
        0.34818652849740933,
        0.48265435743295226,
        0.5168457623010423,
        0.15383299110198495,
        0.24353948896631825,
        0.48226972049095707,
        NaN,
        NaN,
        NaN,
        NaN,
        NaN,
        NaN,
        NaN,
        NaN,
        NaN,
        NaN,
        NaN,
        NaN
    ],
    "threshs": [
        43.026023864746094,
        33.42081832885742,
        39.75236892700195,
        34.27301788330078,
        32.183433532714844,
        34.79600524902344,
        34.12731170654297,
        32.96596145629883,
        46.52841567993164,
        45.754966735839844,
        58.126976013183594,
        34.384803771972656,
        55.02109146118164,
        30.46353530883789,
        39.32567596435547,
        48.1536865234375,
        54.964752197265625,
        52.92056655883789,
        30.134111404418945,
        35.446292877197266,
        36.930137634277344,
        37.841697692871094,
        45.43864822387695,
        53.09672927856445,
        39.15093231201172,
        51.91952896118164,
        52.67521286010742,
        33.6319580078125,
        43.0772819519043,
        44.510009765625,
        NaN,
        NaN,
        NaN,
        NaN,
        NaN,
        NaN,
        NaN,
        NaN,
        NaN,
        NaN,
        NaN,
        NaN
    ],
    "image_classes": [
        1,
        1,
        1,
        1,
        1,
        1,
        1,
        1,
        1,
        1,
        1,
        1,
        1,
        1,
        1,
        1,
        1,
        1,
        1,
        1,
        1,
        1,
        1,
        1,
        1,
        1,
        1,
        1,
        1,
        1,
        0,
        0,
        0,
        0,
        0,
        0,
        0,
        0,
        0,
        0,
        0,
        0
    ],
    "paths": [
        "MVTec/toothbrush/test/defective/000.png",
        "MVTec/toothbrush/test/defective/001.png",
        "MVTec/toothbrush/test/defective/002.png",
        "MVTec/toothbrush/test/defective/003.png",
        "MVTec/toothbrush/test/defective/004.png",
        "MVTec/toothbrush/test/defective/005.png",
        "MVTec/toothbrush/test/defective/006.png",
        "MVTec/toothbrush/test/defective/007.png",
        "MVTec/toothbrush/test/defective/008.png",
        "MVTec/toothbrush/test/defective/009.png",
        "MVTec/toothbrush/test/defective/010.png",
        "MVTec/toothbrush/test/defective/011.png",
        "MVTec/toothbrush/test/defective/012.png",
        "MVTec/toothbrush/test/defective/013.png",
        "MVTec/toothbrush/test/defective/014.png",
        "MVTec/toothbrush/test/defective/015.png",
        "MVTec/toothbrush/test/defective/016.png",
        "MVTec/toothbrush/test/defective/017.png",
        "MVTec/toothbrush/test/defective/018.png",
        "MVTec/toothbrush/test/defective/019.png",
        "MVTec/toothbrush/test/defective/020.png",
        "MVTec/toothbrush/test/defective/021.png",
        "MVTec/toothbrush/test/defective/022.png",
        "MVTec/toothbrush/test/defective/023.png",
        "MVTec/toothbrush/test/defective/024.png",
        "MVTec/toothbrush/test/defective/025.png",
        "MVTec/toothbrush/test/defective/026.png",
        "MVTec/toothbrush/test/defective/027.png",
        "MVTec/toothbrush/test/defective/028.png",
        "MVTec/toothbrush/test/defective/029.png",
        "MVTec/toothbrush/test/good/000.png",
        "MVTec/toothbrush/test/good/001.png",
        "MVTec/toothbrush/test/good/002.png",
        "MVTec/toothbrush/test/good/003.png",
        "MVTec/toothbrush/test/good/004.png",
        "MVTec/toothbrush/test/good/005.png",
        "MVTec/toothbrush/test/good/006.png",
        "MVTec/toothbrush/test/good/007.png",
        "MVTec/toothbrush/test/good/008.png",
        "MVTec/toothbrush/test/good/009.png",
        "MVTec/toothbrush/test/good/010.png",
        "MVTec/toothbrush/test/good/011.png"
    ],
    "min_thresh": 28.586380004882812
}