{
    "ious": [
        0.4605428266022215,
        0.0,
        0.13436100406207688,
        0.0,
        0.0,
        0.4745936329083214,
        0.0,
        0.0,
        0.5865670952699739,
        0.15528977051730844,
        0.5433178153741343,
        0.0,
        0.49039399465626193,
        0.0,
        0.3281332763776164,
        0.12590412111017663,
        0.3986724964441869,
        0.43482654746866195,
        0.0,
        0.22064590174387094,
        0.07726465364120781,
        0.0,
        0.6407543907543908,
        0.5992537122702993,
        0.0,
        0.48265435743295226,
        0.5168457623010423,
        0.0,
        0.24353948896631825,
        0.48226972049095707,
        NaN,
        NaN,
        NaN,
        NaN,
        NaN,
        NaN,
        NaN,
        NaN,
        NaN,
        NaN,
        NaN,
        NaN
    ],
    "threshs": [
        43.026023864746094,
        41.676151275634766,
        41.677757263183594,
        41.676151275634766,
        41.676151275634766,
        41.67723083496094,
        41.676151275634766,
        41.676151275634766,
        46.52841567993164,
        45.754966735839844,
        58.126976013183594,
        41.676151275634766,
        55.02109146118164,
        41.676151275634766,
        41.68021011352539,
        48.1536865234375,
        54.964752197265625,
        52.92056655883789,
        41.676151275634766,
        45.252445220947266,
        41.67683029174805,
        41.676151275634766,
        45.43864822387695,
        53.09672927856445,
        41.676151275634766,
        51.91952896118164,
        52.67521286010742,
        41.676151275634766,
        43.0772819519043,
        44.510009765625,
        NaN,
        NaN,
        NaN,
        NaN,
        NaN,
        NaN,
        NaN,
        NaN,
        NaN,
        NaN,
        NaN,
        NaN
    ],
    "image_classes": [
        1,
        1,
        1,
        1,
        1,
        1,
        1,
        1,
        1,
        1,
        1,
        1,
        1,
        1,
        1,
        1,
        1,
        1,
        1,
        1,
        1,
        1,
        1,
        1,
        1,
        1,
        1,
        1,
        1,
        1,
        0,
        0,
        0,
        0,
        0,
        0,
        0,
        0,
        0,
        0,
        0,
        0
    ],
    "paths": [
        "MVTec/toothbrush/test/defective/000.png",
        "MVTec/toothbrush/test/defective/001.png",
        "MVTec/toothbrush/test/defective/002.png",
        "MVTec/toothbrush/test/defective/003.png",
        "MVTec/toothbrush/test/defective/004.png",
        "MVTec/toothbrush/test/defective/005.png",
        "MVTec/toothbrush/test/defective/006.png",
        "MVTec/toothbrush/test/defective/007.png",
        "MVTec/toothbrush/test/defective/008.png",
        "MVTec/toothbrush/test/defective/009.png",
        "MVTec/toothbrush/test/defective/010.png",
        "MVTec/toothbrush/test/defective/011.png",
        "MVTec/toothbrush/test/defective/012.png",
        "MVTec/toothbrush/test/defective/013.png",
        "MVTec/toothbrush/test/defective/014.png",
        "MVTec/toothbrush/test/defective/015.png",
        "MVTec/toothbrush/test/defective/016.png",
        "MVTec/toothbrush/test/defective/017.png",
        "MVTec/toothbrush/test/defective/018.png",
        "MVTec/toothbrush/test/defective/019.png",
        "MVTec/toothbrush/test/defective/020.png",
        "MVTec/toothbrush/test/defective/021.png",
        "MVTec/toothbrush/test/defective/022.png",
        "MVTec/toothbrush/test/defective/023.png",
        "MVTec/toothbrush/test/defective/024.png",
        "MVTec/toothbrush/test/defective/025.png",
        "MVTec/toothbrush/test/defective/026.png",
        "MVTec/toothbrush/test/defective/027.png",
        "MVTec/toothbrush/test/defective/028.png",
        "MVTec/toothbrush/test/defective/029.png",
        "MVTec/toothbrush/test/good/000.png",
        "MVTec/toothbrush/test/good/001.png",
        "MVTec/toothbrush/test/good/002.png",
        "MVTec/toothbrush/test/good/003.png",
        "MVTec/toothbrush/test/good/004.png",
        "MVTec/toothbrush/test/good/005.png",
        "MVTec/toothbrush/test/good/006.png",
        "MVTec/toothbrush/test/good/007.png",
        "MVTec/toothbrush/test/good/008.png",
        "MVTec/toothbrush/test/good/009.png",
        "MVTec/toothbrush/test/good/010.png",
        "MVTec/toothbrush/test/good/011.png"
    ],
    "min_thresh": 41.676151275634766
}