{
    "shared_fpr_metric": "mean-per-image-fpr",
    "fpr_lower_bound": 1e-05,
    "fpr_upper_bound": 0.0001,
    "num_threshs": 1577,
    "thresh_lower_bound": 0.2185390591621399,
    "thresh_upper_bound": 0.22895777225494385,
    "aupimos": [
        0.6000411917816565,
        0.15191132908079633,
        0.2571221944449418,
        0.9569967402390838,
        0.46533566990090114,
        0.6617449106736703,
        0.36741029441667217,
        0.567470198534359,
        0.5105330483210891,
        0.9161910421968894,
        0.5422834554241,
        0.9999999999999997,
        0.11400027033276991,
        0.20061993976265627,
        0.514118928367881,
        0.12374028657174665,
        0.0,
        0.2522128426057314,
        0.024876770313118034,
        0.0,
        0.14002867851040507,
        0.9147777121550618,
        0.429389454707975,
        0.9999999999999997,
        0.9999999999999997,
        0.9999999999999997,
        0.9999999999999997,
        0.9999999999999997,
        0.9999999999999997,
        0.9999999999999997,
        0.9999999999999997,
        0.9998303490790762,
        0.9999999999999997,
        0.7827006647015,
        0.9999999999999997,
        0.9999999999999997,
        0.9867398032093281,
        0.9888268156424577,
        0.9965823950875132,
        0.7023054288664066,
        0.93884210055564,
        0.7540911346622867,
        0.5126131324323924,
        0.761064232938914,
        0.9895143487858717,
        0.7487108765296477,
        0.9786201974651576,
        0.9856032845307402,
        0.0,
        0.07986548256212281,
        0.20250248542529067,
        0.7826004172154319,
        0.8678426181217958,
        0.9765609917918125,
        0.5324533479796314,
        0.8541006762846409,
        0.5096275196195869,
        0.9763875144439782,
        3.3673940729176836e-05,
        0.0,
        0.10382676485660582,
        0.9862478936327431,
        9.181911743706307e-07,
        0.0,
        0.0,
        0.9999999999999997,
        0.9983265347130683,
        0.5401790925513807,
        0.07520163009824835,
        0.012822070272655903,
        0.0028933546661544093,
        0.0,
        0.03159889313809907,
        0.010792159086364645,
        0.0,
        0.0,
        0.0,
        0.0,
        0.011063883386774907,
        0.0,
        0.02922872477987773,
        0.0,
        0.0,
        0.0,
        0.0,
        0.00038338126488009065,
        0.040664489618147955,
        0.09083799641852104,
        0.66581743814822,
        0.0,
        0.07619999727859038,
        2.2434930657299508e-05,
        0.021308542710499954,
        0.32020210206140315,
        0.0,
        0.000498581992873697,
        0.0,
        0.0,
        0.0,
        0.8498900562489783,
        NaN,
        NaN,
        NaN,
        NaN,
        NaN,
        NaN,
        NaN,
        NaN,
        NaN,
        NaN,
        NaN,
        NaN,
        NaN,
        NaN,
        NaN,
        NaN,
        NaN,
        NaN,
        NaN,
        NaN,
        NaN,
        NaN,
        NaN,
        NaN,
        NaN,
        NaN,
        NaN,
        NaN,
        NaN,
        NaN,
        NaN,
        NaN,
        NaN,
        NaN,
        NaN,
        NaN,
        NaN,
        NaN,
        NaN,
        NaN,
        NaN,
        NaN,
        NaN,
        NaN,
        NaN,
        NaN,
        NaN,
        NaN,
        NaN,
        NaN,
        NaN,
        NaN,
        NaN,
        NaN,
        NaN,
        NaN,
        NaN,
        NaN,
        NaN,
        NaN,
        NaN,
        NaN,
        NaN,
        NaN,
        NaN,
        NaN,
        NaN,
        NaN,
        NaN,
        NaN,
        NaN,
        NaN,
        NaN,
        NaN,
        NaN,
        NaN,
        NaN,
        NaN,
        NaN,
        NaN,
        NaN,
        NaN,
        NaN,
        NaN,
        NaN,
        NaN,
        NaN,
        NaN,
        NaN,
        NaN,
        NaN,
        NaN,
        NaN,
        NaN,
        NaN,
        NaN,
        NaN,
        NaN,
        NaN,
        NaN
    ],