{
    "shared_fpr_metric": "mean-per-image-fpr",
    "fpr_lower_bound": 1e-05,
    "fpr_upper_bound": 0.0001,
    "num_threshs": 4090,
    "thresh_lower_bound": 0.19512812793254852,
    "thresh_upper_bound": 0.24652497470378876,
    "aupimos": [
        0.9863234111021729,
        0.9991612597868675,
        1.0,
        0.7298527289640557,
        1.0,
        0.9791569149136283,
        0.929941286127069,
        0.5514553587470151,
        0.9847077398034529,
        0.9877433477071567,
        0.6656195314618668,
        1.0,
        0.6850030731407503,
        0.8033885893078276,
        0.9883576895307348,
        0.14920583337413895,
        1.0,
        0.2837034292996358,
        0.9122225609277145,
        0.9965942954448705,
        1.0,
        1.0,
        0.7609222390237101,
        1.0,
        1.0,
        0.7634939524395169,
        0.0005548101929751266,
        0.9217557251908403,
        0.0,
        1.0,
        0.9771689497716902,
        1.0,
        1.0,
        1.0,
        1.0,
        1.0,
        0.4726629193614119,
        0.0,
        0.0,
        1.0,
        0.1358430511975056,
        0.9562663968492776,
        0.93585841957975,
        0.8224106157906905,
        0.6439109275352307,
        0.46436054553452416,
        0.3243849279797546,
        0.6122890356725944,
        0.6449024101437464,
        0.5478691151863783,
        0.9393582185522331,
        0.29653370104975874,
        0.4692065014420134,
        0.3767662822513353,
        0.29066658276075463,
        0.22634314628690172,
        0.2724265897368879,
        0.15105087155607902,
        0.5540158800682564,
        0.7121700919614752,
        0.9648775143952683,
        1.0,
        1.0,
        1.0,
        1.0,
        0.9881061299176586,
        0.8637979266734999,
        1.0,
        1.0,
        0.9777905582709067,
        1.0,
        0.9961041260846474,
        1.0,
        1.0,
        0.9990175438596498,
        1.0,
        1.0,
        1.0,
        1.0,
        1.0,
        0.180372739890262,
        0.4013504229972006,
        0.7312756813222424,
        0.9067757587415425,
        0.9543158165237078,
        0.8747628083491465,
        0.9545865626250992,
        0.8807017543859653,
        0.4164757641506458,
        0.8673238852699496,
        0.0,
        0.0,
        0.0,
        0.08246720112139411,
        0.0,
        0.0,
        0.7745664739884398,
        0.0,
        0.0,
        0.0,
        NaN,
        NaN,
        NaN,
        NaN,
        NaN,
        NaN,
        NaN,
        NaN,
        NaN,
        NaN,
        NaN,
        NaN,
        NaN,
        NaN,
        NaN,
        NaN,
        NaN,
        NaN,
        NaN,
        NaN,
        NaN,
        NaN,
        NaN,
        NaN,
        NaN,
        NaN,
        NaN,
        NaN,
        NaN,
        NaN,
        NaN,
        NaN,
        NaN,
        NaN,
        NaN,
        NaN,
        NaN,
        NaN,
        NaN,
        NaN,
        NaN,
        NaN,
        NaN,
        NaN,
        NaN,
        NaN,
        NaN,
        NaN,
        NaN,
        NaN
    ],
    "paths": [
        "VisA/visa_pytorch/fryum/test/bad/000.JPG",
        "VisA/visa_pytorch/fryum/test/bad/001.JPG",
        "VisA/visa_pytorch/fryum/test/bad/002.JPG",
        "VisA/visa_pytorch/fryum/test/bad/003.JPG",
        "VisA/visa_pytorch/fryum/test/bad/004.JPG",
        "VisA/visa_pytorch/fryum/test/bad/005.JPG",
        "VisA/visa_pytorch/fryum/test/bad/006.JPG",
        "VisA/visa_pytorch/fryum/test/bad/007.JPG",
        "VisA/visa_pytorch/fryum/test/bad/008.JPG",
        "VisA/visa_pytorch/fryum/test/bad/009.JPG",
        "VisA/visa_pytorch/fryum/test/bad/010.JPG",
        "VisA/visa_pytorch/fryum/test/bad/011.JPG",
        "VisA/visa_pytorch/fryum/test/bad/012.JPG",
        "VisA/visa_pytorch/fryum/test/bad/013.JPG",
        "VisA/visa_pytorch/fryum/test/bad/014.JPG",
        "VisA/visa_pytorch/fryum/test/bad/015.JPG",
        "VisA/visa_pytorch/fryum/test/bad/016.JPG",
        "VisA/visa_pytorch/fryum/test/bad/017.JPG",
        "VisA/visa_pytorch/fryum/test/bad/018.JPG",
        "VisA/visa_pytorch/fryum/test/bad/019.JPG",
        "VisA/visa_pytorch/fryum/test/bad/020.JPG",
        "VisA/visa_pytorch/fryum/test/bad/021.JPG",
        "VisA/visa_pytorch/fryum/test/bad/022.JPG",
        "VisA/visa_pytorch/fryum/test/bad/023.JPG",
        "VisA/visa_pytorch/fryum/test/bad/024.JPG",
        "VisA/visa_pytorch/fryum/test/bad/025.JPG",
        "VisA/visa_pytorch/fryum/test/bad/026.JPG",
        "VisA/visa_pytorch/fryum/test/bad/027.JPG",
        "VisA/visa_pytorch/fryum/test/bad/028.JPG",
        "VisA/visa_pytorch/fryum/test/bad/029.JPG",
        "VisA/visa_pytorch/fryum/test/bad/030.JPG",
        "VisA/visa_pytorch/fryum/test/bad/031.JPG",
        "VisA/visa_pytorch/fryum/test/bad/032.JPG",
        "VisA/visa_pytorch/fryum/test/bad/033.JPG",
        "VisA/visa_pytorch/fryum/test/bad/034.JPG",
        "VisA/visa_pytorch/fryum/test/bad/035.JPG",
        "VisA/visa_pytorch/fryum/test/bad/036.JPG",
        "VisA/visa_pytorch/fryum/test/bad/037.JPG",
        "VisA/visa_pytorch/fryum/test/bad/038.JPG",
        "VisA/visa_pytorch/fryum/test/bad/039.JPG",
        "VisA/visa_pytorch/fryum/test/bad/040.JPG",
        "VisA/visa_pytorch/fryum/test/bad/041.JPG",
        "VisA/visa_pytorch/fryum/test/bad/042.JPG",
        "VisA/visa_pytorch/fryum/test/bad/043.JPG",
        "VisA/visa_pytorch/fryum/test/bad/044.JPG",
        "VisA/visa_pytorch/fryum/test/bad/045.JPG",
        "VisA/visa_pytorch/fryum/test/bad/046.JPG",
        "VisA/visa_pytorch/fryum/test/bad/047.JPG",
        "VisA/visa_pytorch/fryum/test/bad/048.JPG",
        "VisA/visa_pytorch/fryum/test/bad/049.JPG",
        "VisA/visa_pytorch/fryum/test/bad/050.JPG",
        "VisA/visa_pytorch/fryum/test/bad/051.JPG",
        "VisA/visa_pytorch/fryum/test/bad/052.JPG",
        "VisA/visa_pytorch/fryum/test/bad/053.JPG",
        "VisA/visa_pytorch/fryum/test/bad/054.JPG",
        "VisA/visa_pytorch/fryum/test/bad/055.JPG",
        "VisA/visa_pytorch/fryum/test/bad/056.JPG",
        "VisA/visa_pytorch/fryum/test/bad/057.JPG",
        "VisA/visa_pytorch/fryum/test/bad/058.JPG",
        "VisA/visa_pytorch/fryum/test/bad/059.JPG",
        "VisA/visa_pytorch/fryum/test/bad/060.JPG",
        "VisA/visa_pytorch/fryum/test/bad/061.JPG",
        "VisA/visa_pytorch/fryum/test/bad/062.JPG",
        "VisA/visa_pytorch/fryum/test/bad/063.JPG",
        "VisA/visa_pytorch/fryum/test/bad/064.JPG",
        "VisA/visa_pytorch/fryum/test/bad/065.JPG",
        "VisA/visa_pytorch/fryum/test/bad/066.JPG",
        "VisA/visa_pytorch/fryum/test/bad/067.JPG",
        "VisA/visa_pytorch/fryum/test/bad/068.JPG",
        "VisA/visa_pytorch/fryum/test/bad/069.JPG",
        "VisA/visa_pytorch/fryum/test/bad/070.JPG",
        "VisA/visa_pytorch/fryum/test/bad/071.JPG",
        "VisA/visa_pytorch/fryum/test/bad/072.JPG",
        "VisA/visa_pytorch/fryum/test/bad/073.JPG",
        "VisA/visa_pytorch/fryum/test/bad/074.JPG",
        "VisA/visa_pytorch/fryum/test/bad/075.JPG",
        "VisA/visa_pytorch/fryum/test/bad/076.JPG",
        "VisA/visa_pytorch/fryum/test/bad/077.JPG",
        "VisA/visa_pytorch/fryum/test/bad/078.JPG",
        "VisA/visa_pytorch/fryum/test/bad/079.JPG",
        "VisA/visa_pytorch/fryum/test/bad/080.JPG",
        "VisA/visa_pytorch/fryum/test/bad/081.JPG",
        "VisA/visa_pytorch/fryum/test/bad/082.JPG",
        "VisA/visa_pytorch/fryum/test/bad/083.JPG",
        "VisA/visa_pytorch/fryum/test/bad/084.JPG",
        "VisA/visa_pytorch/fryum/test/bad/085.JPG",
        "VisA/visa_pytorch/fryum/test/bad/086.JPG",
        "VisA/visa_pytorch/fryum/test/bad/087.JPG",
        "VisA/visa_pytorch/fryum/test/bad/088.JPG",
        "VisA/visa_pytorch/fryum/test/bad/089.JPG",
        "VisA/visa_pytorch/fryum/test/bad/090.JPG",
        "VisA/visa_pytorch/fryum/test/bad/091.JPG",
        "VisA/visa_pytorch/fryum/test/bad/092.JPG",
