{
    "shared_fpr_metric": "mean-per-image-fpr",
    "fpr_lower_bound": 1e-05,
    "fpr_upper_bound": 0.0001,
    "num_threshs": null,
    "thresh_lower_bound": -0.1533961445093155,
    "thresh_upper_bound": -0.08382833003997803,
    "aupimos": [
        0.0,
        0.0,
        0.062058400263178645,
        0.0,
        0.0,
        0.3100914434521325,
        0.0,
        0.0,
        0.13786948739638386,
        0.0,
        0.08089095186967302,
        0.023130607955124952,
        0.0026660895021156077,
        0.08210077570272052,
        0.25520616266330537,
        0.0,
        0.583468587807962,
        0.0,
        0.0,
        0.0,
        0.0,
        0.18732378996532437,
        0.0,
        0.0,
        0.0,
        0.0,
        0.0,
        0.0,
        0.0,
        0.0,
        0.027987108909853054,
        0.0,
        0.45926997872334274,
        0.0,
        0.0,
        0.0,
        0.0,
        0.0,
        7.287311672040436e-05,
        0.0,
        0.2605311676389812,
        0.6381855404494314,
        0.22948314921728344,
        0.9401500866157996,
        0.31519020232468653,
        0.4227076197960187,
        0.7893753899665301,
        0.0,
        0.0,
        0.0,
        0.8533536946390984,
        0.0,
        0.0,
        0.0002527969636859971,
        0.403385682258761,
        0.2026069050874192,
        0.008931813392718327,
        0.0,
        0.0,
        0.3561862005733969,
        0.0,
        0.23630469246449828,
        0.0,
        0.00015343954031445264,
        0.16981251587938703,
        0.1630556375863826,
        0.0,
        0.0,
        0.1145676917794141,
        0.0,
        0.0023535415254192214,
        0.4944637834341597,
        1.071434516165328e-05,
        0.0,
        0.0049885552290577714,
        0.0,
        0.0,
        0.01164774274959135,
        0.013420953750456743,
        0.0,
        0.0,
        0.0,
        0.0,
        0.0,
        0.0,
        0.0,
        0.5045380688008672,
        0.0051100848504718015,
        0.008968465366468231,
        2.642892535794612e-06,
        0.0,
        0.00019119096170761577,
        0.0024305382379102964,
        0.00043726241808875204,
        0.0,
        0.030007699841016467,
        0.02323807156108869,
        0.0,
        0.0,
        0.13510371425349615,
        NaN,
        NaN,
        NaN,
        NaN,
        NaN,
        NaN,
        NaN,
        NaN,
        NaN,
        NaN,
        NaN,
        NaN,
        NaN,
        NaN,
        NaN,
        NaN,
        NaN,
        NaN,
        NaN,
        NaN,
        NaN,
        NaN,
        NaN,
        NaN,
        NaN,
        NaN,
        NaN,
        NaN,
        NaN,
        NaN,
        NaN,
        NaN,
        NaN,
        NaN,
        NaN,
        NaN,
        NaN,
        NaN,
        NaN,
        NaN,
        NaN,
        NaN,
        NaN,
        NaN,
        NaN,
        NaN,
        NaN,
        NaN,
        NaN,
        NaN,
        NaN,
        NaN,
        NaN,
        NaN,
        NaN,
        NaN,
        NaN,
        NaN,
        NaN,
        NaN,
        NaN,
        NaN,
        NaN,
        NaN,
        NaN,
        NaN,
        NaN,
        NaN,
        NaN,
        NaN,
        NaN,
        NaN,
        NaN,
        NaN,
        NaN,
        NaN,
        NaN,
        NaN,
        NaN,
        NaN,
        NaN,
        NaN,
        NaN,
        NaN,
        NaN,
        NaN,
        NaN,
        NaN,
        NaN,
        NaN,
        NaN,
        NaN,
        NaN,
        NaN,
        NaN,
        NaN,
        NaN,
        NaN,
        NaN,
        NaN
    ],
    "paths": [
        "VisA/visa_pytorch/pcb1/test/bad/000.JPG",
        "VisA/visa_pytorch/pcb1/test/bad/001.JPG",
        "VisA/visa_pytorch/pcb1/test/bad/002.JPG",
        "VisA/visa_pytorch/pcb1/test/bad/003.JPG",
        "VisA/visa_pytorch/pcb1/test/bad/004.JPG",
        "VisA/visa_pytorch/pcb1/test/bad/005.JPG",
        "VisA/visa_pytorch/pcb1/test/bad/006.JPG",
        "VisA/visa_pytorch/pcb1/test/bad/007.JPG",
        "VisA/visa_pytorch/pcb1/test/bad/008.JPG",
        "VisA/visa_pytorch/pcb1/test/bad/009.JPG",
        "VisA/visa_pytorch/pcb1/test/bad/010.JPG",
        "VisA/visa_pytorch/pcb1/test/bad/011.JPG",
        "VisA/visa_pytorch/pcb1/test/bad/012.JPG",
        "VisA/visa_pytorch/pcb1/test/bad/013.JPG",
        "VisA/visa_pytorch/pcb1/test/bad/014.JPG",
        "VisA/visa_pytorch/pcb1/test/bad/015.JPG",
        "VisA/visa_pytorch/pcb1/test/bad/016.JPG",
        "VisA/visa_pytorch/pcb1/test/bad/017.JPG",
        "VisA/visa_pytorch/pcb1/test/bad/018.JPG",
        "VisA/visa_pytorch/pcb1/test/bad/019.JPG",
        "VisA/visa_pytorch/pcb1/test/bad/020.JPG",
        "VisA/visa_pytorch/pcb1/test/bad/021.JPG",
        "VisA/visa_pytorch/pcb1/test/bad/022.JPG",
        "VisA/visa_pytorch/pcb1/test/bad/023.JPG",
        "VisA/visa_pytorch/pcb1/test/bad/024.JPG",
        "VisA/visa_pytorch/pcb1/test/bad/025.JPG",
        "VisA/visa_pytorch/pcb1/test/bad/026.JPG",
        "VisA/visa_pytorch/pcb1/test/bad/027.JPG",
        "VisA/visa_pytorch/pcb1/test/bad/028.JPG",
        "VisA/visa_pytorch/pcb1/test/bad/029.JPG",
        "VisA/visa_pytorch/pcb1/test/bad/030.JPG",
        "VisA/visa_pytorch/pcb1/test/bad/031.JPG",
        "VisA/visa_pytorch/pcb1/test/bad/032.JPG",
        "VisA/visa_pytorch/pcb1/test/bad/033.JPG",
        "VisA/visa_pytorch/pcb1/test/bad/034.JPG",
        "VisA/visa_pytorch/pcb1/test/bad/035.JPG",
        "VisA/visa_pytorch/pcb1/test/bad/036.JPG",
        "VisA/visa_pytorch/pcb1/test/bad/037.JPG",
        "VisA/visa_pytorch/pcb1/test/bad/038.JPG",
        "VisA/visa_pytorch/pcb1/test/bad/039.JPG",
        "VisA/visa_pytorch/pcb1/test/bad/040.JPG",
        "VisA/visa_pytorch/pcb1/test/bad/041.JPG",
        "VisA/visa_pytorch/pcb1/test/bad/042.JPG",
        "VisA/visa_pytorch/pcb1/test/bad/043.JPG",
        "VisA/visa_pytorch/pcb1/test/bad/044.JPG",
        "VisA/visa_pytorch/pcb1/test/bad/045.JPG",
        "VisA/visa_pytorch/pcb1/test/bad/046.JPG",
        "VisA/visa_pytorch/pcb1/test/bad/047.JPG",
        "VisA/visa_pytorch/pcb1/test/bad/048.JPG",
        "VisA/visa_pytorch/pcb1/test/bad/049.JPG",
        "VisA/visa_pytorch/pcb1/test/bad/050.JPG",
        "VisA/visa_pytorch/pcb1/test/bad/051.JPG",
        "VisA/visa_pytorch/pcb1/test/bad/052.JPG",
        "VisA/visa_pytorch/pcb1/test/bad/053.JPG",
        "VisA/visa_pytorch/pcb1/test/bad/054.JPG",
        "VisA/visa_pytorch/pcb1/test/bad/055.JPG",
        "VisA/visa_pytorch/pcb1/test/bad/056.JPG",
        "VisA/visa_pytorch/pcb1/test/bad/057.JPG",
        "VisA/visa_pytorch/pcb1/test/bad/058.JPG",
        "VisA/visa_pytorch/pcb1/test/bad/059.JPG",
        "VisA/visa_pytorch/pcb1/test/bad/060.JPG",
        "VisA/visa_pytorch/pcb1/test/bad/061.JPG",
        "VisA/visa_pytorch/pcb1/test/bad/062.JPG",
        "VisA/visa_pytorch/pcb1/test/bad/063.JPG",
        "VisA/visa_pytorch/pcb1/test/bad/064.JPG",
        "VisA/visa_pytorch/pcb1/test/bad/065.JPG",
        "VisA/visa_pytorch/pcb1/test/bad/066.JPG",
        "VisA/visa_pytorch/pcb1/test/bad/067.JPG",
        "VisA/visa_pytorch/pcb1/test/bad/068.JPG",
        "VisA/visa_pytorch/pcb1/test/bad/069.JPG",
        "VisA/visa_pytorch/pcb1/test/bad/070.JPG",
        "VisA/visa_pytorch/pcb1/test/bad/071.JPG",
        "VisA/visa_pytorch/pcb1/test/bad/072.JPG",
        "VisA/visa_pytorch/pcb1/test/bad/073.JPG",
        "VisA/visa_pytorch/pcb1/test/bad/074.JPG",
        "VisA/visa_pytorch/pcb1/test/bad/075.JPG",
        "VisA/visa_pytorch/pcb1/test/bad/076.JPG",
        "VisA/visa_pytorch/pcb1/test/bad/077.JPG",
        "VisA/visa_pytorch/pcb1/test/bad/078.JPG",
        "VisA/visa_pytorch/pcb1/test/bad/079.JPG",
        "VisA/visa_pytorch/pcb1/test/bad/080.JPG",
        "VisA/visa_pytorch/pcb1/test/bad/081.JPG",
        "VisA/visa_pytorch/pcb1/test/bad/082.JPG",
        "VisA/visa_pytorch/pcb1/test/bad/083.JPG",
        "VisA/visa_pytorch/pcb1/test/bad/084.JPG",
