{
    "shared_fpr_metric": "mean-per-image-fpr",
    "fpr_lower_bound": 1e-05,
    "fpr_upper_bound": 0.0001,
    "num_threshs": null,
    "thresh_lower_bound": 0.38919946551322937,
    "thresh_upper_bound": 0.7089933753013611,
    "aupimos": [
        0.03530795138748627,
        0.5101346585458324,
        0.8897145333985016,
        1.0,
        0.45707730545480807,
        0.9876222133497651,
        0.07794289557282955,
        0.191848597688249,
        0.9359286938417086,
        0.9993186300750936,
        0.939043146713156,
        0.9037975380636025,
        0.5578474112322656,
        0.7744956602297404,
        0.9255072122947184,
        0.0,
        0.9395422939708197,
        0.0552650068488687,
        0.0,
        0.1491390338425715,
        0.22221027691190184,
        0.895410037513889,
        0.10998818752593292,
        0.8967934067034552,
        0.013291584621758702,
        0.0,
        0.0,
        0.025269110154879704,
        0.8045744958289393,
        0.030359687847887565,
        0.7963064103013296,
        0.4123811379178126,
        0.977105130151834,
        0.22871145263772433,
        0.6107803416663199,
        0.0,
        0.6306833676685418,
        0.0,
        0.8762707540928789,
        0.784155572638269,
        0.912854595819853,
        0.9870130489264268,
        0.7905365203249559,
        0.9864365637163509,
        0.9995764410127588,
        0.9880667071006095,
        0.9804607331885149,
        0.7088283302758425,
        0.3478132323570878,
        0.9819988607416397,
        0.9761741338353325,
        0.9105166687456224,
        0.5251596366708807,
        0.24201509373710053,
        0.9922802808242,
        0.9887580292573773,
        0.1572720473212372,
        0.9686109938899411,
        0.5706935073565792,
        0.9996268318577961,
        0.20009763761968585,
        0.5440069067017954,
        0.8614491179543385,
        0.25896185617485074,
        0.6667003001664545,
        0.8389431143956069,
        0.13761186218013147,
        0.153215539724659,
        0.7101470993822029,
        0.3053323478893735,
        0.7703881222995127,
        0.9707692807621201,
        0.8355596928402227,
        0.0,
        2.8734370376881067e-05,
        0.2405810769011477,
        0.08900724150169069,
        0.00014763581778980833,
        0.049528683812856765,
        0.609949884866645,
        0.4609438402849769,
        0.14834552442806218,
        0.5658424075420658,
        0.06402340796655935,
        0.06490508477142393,
        0.0,
        0.6726465807915436,
        0.28901857951135485,
        0.28727204895551295,
        0.13553189445362585,
        0.4803909440144317,
        0.06556830281055671,
        0.6326585082458356,
        0.6070969413267964,
        0.19023811079414935,
        0.6784937525581933,
        0.6715115013937397,
        0.0002787872868455844,
        0.3632026600897173,
        0.891671268286844,
        NaN,
        NaN,
        NaN,
        NaN,
        NaN,
        NaN,
        NaN,
        NaN,
        NaN,
        NaN,
        NaN,
        NaN,
        NaN,
        NaN,
        NaN,
        NaN,
        NaN,
        NaN,
        NaN,
        NaN,
        NaN,
        NaN,
        NaN,
        NaN,
        NaN,
        NaN,
        NaN,
        NaN,
        NaN,
        NaN,
        NaN,
        NaN,
        NaN,
        NaN,
        NaN,
        NaN,
        NaN,
        NaN,
        NaN,
        NaN,
        NaN,
        NaN,
        NaN,
        NaN,
        NaN,
        NaN,
        NaN,
        NaN,
        NaN,
        NaN,
        NaN,
        NaN,
        NaN,
        NaN,
        NaN,
        NaN,
        NaN,
        NaN,
        NaN,
        NaN,
        NaN,
        NaN,
        NaN,
        NaN,
        NaN,
        NaN,
        NaN,
        NaN,
        NaN,
        NaN,
        NaN,
        NaN,
        NaN,
        NaN,
        NaN,
        NaN,
        NaN,
        NaN,
        NaN,
        NaN,
        NaN,
        NaN,
        NaN,
        NaN,
        NaN,
        NaN,
        NaN,
        NaN,
        NaN,
        NaN,
        NaN,
        NaN,
        NaN,
        NaN,
        NaN,
        NaN,
        NaN,
        NaN,
        NaN,
        NaN
    ],