{
    "shared_fpr_metric": "mean-per-image-fpr",
    "fpr_lower_bound": 1e-05,
    "fpr_upper_bound": 0.0001,
    "num_threshs": 3453,
    "thresh_lower_bound": 0.7506651282310486,
    "thresh_upper_bound": 0.8161197304725647,
    "aupimos": [
        0.0,
        0.9788678395148965,
        0.12329292418270672,
        0.0,
        0.2689617170999931,
        0.923635754852792,
        0.44898187396951206,
        1.0,
        0.0,
        1.0,
        0.0,
        6.056958065370756e-05,
        0.7296887196431862,
        0.04250135661396939,
        0.0,
        0.0,
        0.0,
        0.0,
        0.0,
        0.0,
        1.0,
        0.0,
        0.0,
        0.08804045637346102,
        0.2651606990154536,
        0.986487021704437,
        0.7331879137035172,
        0.0,
        0.9746962351927722,
        0.06297717003760714,
        0.9289674486634116,
        0.0,
        0.0,
        0.0,
        0.0,
        0.0,
        0.0,
        0.0,
        0.0,
        0.0,
        0.9947199546291585,
        0.41863860435512984,
        0.7216140296406608,
        0.984755839496362,
        0.0,
        1.0,
        0.0,
        1.0,
        0.9060114145592898,
        0.01879207841387441,
        0.0,
        0.0,
        0.020786181185507686,
        0.0017922223544266163,
        0.0,
        0.0,
        0.0,
        0.037884653465094544,
        0.0,
        0.0,
        0.0,
        0.9979204543600291,
        0.7047518538907547,
        1.0,
        1.0,
        1.0,
        0.34490303908011244,
        0.4933368744598393,
        0.8713196483664135,
        0.0,
        0.99344786456551,
        0.44214507098842937,
        0.10398398306010448,
        0.49913290676521194,
        0.827411763449734,
        0.6526689187724525,
        0.7699969662737771,
        0.7411049694240647,
        0.9658468846621094,
        0.9261038961314021,
        0.7324157222227987,
        0.9438075951281205,
        7.711023933685332e-06,
        0.7727273726198541,
        1.0,
        0.9802738120732086,
        0.7616777903653364,
        0.9997930622466629,
        0.555703944526208,
        0.48272101435333686,
        0.11423079379778783,
        0.003981056518660543,
        0.6824640211284324,
        0.7962734243332917,
        0.0666496804789954,
        0.6935871908147349,
        1.0,
        0.94400418756164,
        0.31691482205120375,
        0.9379620236480567,
        NaN,
        NaN,
        NaN,
        NaN,
        NaN,
        NaN,
        NaN,
        NaN,
        NaN,
        NaN,
        NaN,
        NaN,
        NaN,
        NaN,
        NaN,
        NaN,
        NaN,
        NaN,
        NaN,
        NaN,
        NaN,
        NaN,
        NaN,
        NaN,
        NaN,
        NaN,
        NaN,
        NaN,
        NaN,
        NaN,
        NaN,
        NaN,
        NaN,
        NaN,
        NaN,
        NaN,
        NaN,
        NaN,
        NaN,
        NaN,
        NaN,
        NaN,
        NaN,
        NaN,
        NaN,
        NaN,
        NaN,
        NaN,
        NaN,
        NaN,
        NaN,
        NaN,
        NaN,
        NaN,
        NaN,
        NaN,
        NaN,
        NaN,
        NaN,
        NaN,
        NaN,
        NaN,
        NaN,
        NaN,
        NaN,
        NaN,
        NaN,
        NaN,
        NaN,
        NaN,
        NaN,
        NaN,
        NaN,
        NaN,
        NaN,
        NaN,
        NaN,
        NaN,
        NaN,
        NaN,
        NaN,
        NaN,
        NaN,
        NaN,
        NaN,
        NaN,
        NaN,
        NaN,
        NaN,
        NaN,
        NaN,
        NaN,
        NaN,
        NaN,
        NaN,
        NaN,
        NaN,
        NaN,
        NaN,
        NaN
    ],
    "paths": [
        "VisA/visa_pytorch/candle/test/bad/000.JPG",
        "VisA/visa_pytorch/candle/test/bad/001.JPG",
        "VisA/visa_pytorch/candle/test/bad/002.JPG",
        "VisA/visa_pytorch/candle/test/bad/003.JPG",
        "VisA/visa_pytorch/candle/test/bad/004.JPG",
        "VisA/visa_pytorch/candle/test/bad/005.JPG",
        "VisA/visa_pytorch/candle/test/bad/006.JPG",
        "VisA/visa_pytorch/candle/test/bad/007.JPG",
        "VisA/visa_pytorch/candle/test/bad/008.JPG",
        "VisA/visa_pytorch/candle/test/bad/009.JPG",
        "VisA/visa_pytorch/candle/test/bad/010.JPG",
        "VisA/visa_pytorch/candle/test/bad/011.JPG",
        "VisA/visa_pytorch/candle/test/bad/012.JPG",
        "VisA/visa_pytorch/candle/test/bad/013.JPG",
        "VisA/visa_pytorch/candle/test/bad/014.JPG",
        "VisA/visa_pytorch/candle/test/bad/015.JPG",
        "VisA/visa_pytorch/candle/test/bad/016.JPG",
        "VisA/visa_pytorch/candle/test/bad/017.JPG",
        "VisA/visa_pytorch/candle/test/bad/018.JPG",
        "VisA/visa_pytorch/candle/test/bad/019.JPG",
        "VisA/visa_pytorch/candle/test/bad/020.JPG",
        "VisA/visa_pytorch/candle/test/bad/021.JPG",
        "VisA/visa_pytorch/candle/test/bad/022.JPG",
        "VisA/visa_pytorch/candle/test/bad/023.JPG",
        "VisA/visa_pytorch/candle/test/bad/024.JPG",
        "VisA/visa_pytorch/candle/test/bad/025.JPG",
        "VisA/visa_pytorch/candle/test/bad/026.JPG",
        "VisA/visa_pytorch/candle/test/bad/027.JPG",
        "VisA/visa_pytorch/candle/test/bad/028.JPG",
        "VisA/visa_pytorch/candle/test/bad/029.JPG",
        "VisA/visa_pytorch/candle/test/bad/030.JPG",
        "VisA/visa_pytorch/candle/test/bad/031.JPG",
        "VisA/visa_pytorch/candle/test/bad/032.JPG",
        "VisA/visa_pytorch/candle/test/bad/033.JPG",
        "VisA/visa_pytorch/candle/test/bad/034.JPG",
        "VisA/visa_pytorch/candle/test/bad/035.JPG",
        "VisA/visa_pytorch/candle/test/bad/036.JPG",
        "VisA/visa_pytorch/candle/test/bad/037.JPG",
        "VisA/visa_pytorch/candle/test/bad/038.JPG",
        "VisA/visa_pytorch/candle/test/bad/039.JPG",
        "VisA/visa_pytorch/candle/test/bad/040.JPG",
        "VisA/visa_pytorch/candle/test/bad/041.JPG",
        "VisA/visa_pytorch/candle/test/bad/042.JPG",
        "VisA/visa_pytorch/candle/test/bad/043.JPG",
        "VisA/visa_pytorch/candle/test/bad/044.JPG",
        "VisA/visa_pytorch/candle/test/bad/045.JPG",
        "VisA/visa_pytorch/candle/test/bad/046.JPG",
        "VisA/visa_pytorch/candle/test/bad/047.JPG",
        "VisA/visa_pytorch/candle/test/bad/048.JPG",
        "VisA/visa_pytorch/candle/test/bad/049.JPG",
        "VisA/visa_pytorch/candle/test/bad/050.JPG",
        "VisA/visa_pytorch/candle/test/bad/051.JPG",
        "VisA/visa_pytorch/candle/test/bad/052.JPG",
        "VisA/visa_pytorch/candle/test/bad/053.JPG",
        "VisA/visa_pytorch/candle/test/bad/054.JPG",
        "VisA/visa_pytorch/candle/test/bad/055.JPG",
        "VisA/visa_pytorch/candle/test/bad/056.JPG",
        "VisA/visa_pytorch/candle/test/bad/057.JPG",
        "VisA/visa_pytorch/candle/test/bad/058.JPG",
        "VisA/visa_pytorch/candle/test/bad/059.JPG",
        "VisA/visa_pytorch/candle/test/bad/060.JPG",
        "VisA/visa_pytorch/candle/test/bad/061.JPG",
        "VisA/visa_pytorch/candle/test/bad/062.JPG",
        "VisA/visa_pytorch/candle/test/bad/063.JPG",
        "VisA/visa_pytorch/candle/test/bad/064.JPG",
        "VisA/visa_pytorch/candle/test/bad/065.JPG",
        "VisA/visa_pytorch/candle/test/bad/066.JPG",
        "VisA/visa_pytorch/candle/test/bad/067.JPG",
        "VisA/visa_pytorch/candle/test/bad/068.JPG",
        "VisA/visa_pytorch/candle/test/bad/069.JPG",
        "VisA/visa_pytorch/candle/test/bad/070.JPG",
        "VisA/visa_pytorch/candle/test/bad/071.JPG",
        "VisA/visa_pytorch/candle/test/bad/072.JPG",
        "VisA/visa_pytorch/candle/test/bad/073.JPG",
        "VisA/visa_pytorch/candle/test/bad/074.JPG",
        "VisA/visa_pytorch/candle/test/bad/075.JPG",
        "VisA/visa_pytorch/candle/test/bad/076.JPG",
        "VisA/visa_pytorch/candle/test/bad/077.JPG",
        "VisA/visa_pytorch/candle/test/bad/078.JPG",
        "VisA/visa_pytorch/candle/test/bad/079.JPG",
