{
    "avg_iou": 0.4488087745812529,
    "thresh": 0.10441920161247253,
    "ious_at_thresh": [
        0.39330883774898473,
        0.2994267235043363,
        0.5350585281840208,
        0.3445348796590631,
        0.3420029990073708,
        0.19936039360393604,
        0.6377285037237644,
        0.46568554947492974,
        0.5158221004829525,
        0.39888439243136825,
        0.38538471333155844,
        0.5769358360524244,
        0.5085991011161418,
        0.5165474823497311,
        0.695684505961091,
        0.6416858668165215,
        0.4156503198294243,
        0.38285982782634964,
        0.6345954063422512,
        0.4834778153775633,
        0.4632411305474896,
        0.6691266777787526,
        0.6045045407595209,
        0.6861277094317516,
        0.18812008999372995,
        0.4620435183677899,
        0.5812226101166159,
        0.5324165618071783,
        0.5471142059828391,
        0.41996379244897364,
        0.7546043569205653,
        0.8573863474959046,
        0.6980679413267168,
        0.3898466265148375,
        0.5686112510495382,
        0.6907527362072816,
        0.3037661808174498,
        0.22748385634983573,
        0.4405535659017553,
        0.32388961746358863,
        0.3719490325625295,
        0.3453309720959173,
        0.1935396365002191,
        0.2954593677063442,
        0.07454051368962394,
        0.3894969130043242,
        0.20274120467410542,
        0.5121748053359088,
        0.36618489390117226,
        0.28501989592898685,
        0.23019645597039623,
        0.3231176175491403,
        0.11679605733817335,
        0.016207038485285038,
        0.12719698698927184,
        0.3849476816741864,
        0.5572150477259966,
        0.2704906937394247,
        0.17071929730598254,
        0.26873007949003497,
        NaN,
        NaN,
        NaN,
        NaN,
        NaN,
        NaN,
        NaN,
        NaN,
        NaN,
        NaN,
        NaN,
        NaN,
        NaN,
        NaN,
        NaN,
        NaN,
        NaN,
        NaN,
        NaN,
        NaN,
        NaN,
        NaN,
        NaN,
        NaN,
        NaN,
        NaN,
        NaN,
        NaN,
        NaN,
        NaN,
        NaN,
        NaN,
        NaN,
        NaN,
        NaN,
        NaN,
        NaN,
        NaN,
        NaN,
        NaN,
        NaN,
        NaN,
        NaN,
        NaN,
        NaN,
        NaN,
        NaN,
        NaN,
        NaN,
        NaN,
        NaN,
        NaN,
        NaN,
        NaN,
        NaN,
        NaN,
        NaN,
        NaN,
        0.8583695475354977,
        0.8966380004023335,
        0.8609338259993282,
        0.8434915773353752,
        0.825003443684283,
        0.7372843024176222,
        0.9224932835253185,
        0.89748578618697,
        0.8220054694621696,
        0.8494375407631438,
        0.9165833452363948,
        0.7800057733149137,
        0.2642377756471716,
        0.576747316589323,
        0.3640986223614971,
        0.6198568563723117,
        0.6073064320498198,
        0.6628819258320745,
        0.5495199700760567,
        0.4314207255383726,
        0.6724819205248639,
        0.7804678218835771,
        0.26752470696391634,
        0.0,
        0.0,
        0.0,
        0.0,
        0.0,
        0.0,
        0.0,
        0.0,
        0.0
    ],
    "image_classes": [
        1,
        1,
        1,
        1,
        1,
        1,
        1,
        1,
        1,
        1,
        1,
        1,
        1,
        1,
        1,
        1,
        1,
        1,
        1,
        1,
        1,
        1,
        1,
        1,
        1,
        1,
        1,
        1,
        1,
        1,
        1,
        1,
        1,
        1,
        1,
        1,
        1,
        1,
        1,
        1,
        1,
        1,
        1,
        1,
        1,
        1,
        1,
        1,
        1,
        1,
        1,
        1,
        1,
        1,
        1,
        1,
        1,
        1,
        1,
        1,
        0,
        0,
        0,
        0,
        0,
        0,
        0,
        0,
        0,
        0,
        0,
        0,
        0,
        0,
        0,
        0,
        0,
        0,
        0,
        0,
        0,
        0,
        0,
        0,
        0,
        0,
        0,
        0,
        0,
        0,
        0,
        0,
        0,
        0,
        0,
        0,
        0,
        0,
        0,
        0,
        0,
        0,
        0,
        0,
        0,
        0,
        0,
        0,
        0,
        0,
        0,
        0,
        0,
        0,
        0,
        0,
        0,
        0,
        1,
        1,
        1,
        1,
        1,
        1,
        1,
        1,
        1,
        1,
        1,
        1,
        1,
        1,
        1,
        1,
        1,
        1,
        1,
        1,
        1,
        1,
        1,
        1,
        1,
        1,
        1,
        1,
        1,
        1,
        1,
        1
    ],