{
    "shared_fpr_metric": "mean-per-image-fpr",
    "fpr_lower_bound": 1e-05,
    "fpr_upper_bound": 0.0001,
    "num_threshs": 4607,
    "thresh_lower_bound": 0.2675651013851166,
    "thresh_upper_bound": 0.3315720558166504,
    "aupimos": [
        0.9999999999999998,
        0.9999999999999998,
        0.9999999999999998,
        0.9999999999999998,
        0.8392071815580597,
        0.9932895518495974,
        0.8630822131916221,
        0.9999999999999998,
        0.9999999999999998,
        0.9860317458999242,
        0.9999999999999998,
        0.7151465942765469,
        0.9556226762808983,
        0.8887498318705764,
        0.9999999999999998,
        0.9881264694501615,
        0.9288587980991988,
        0.5288036680077747,
        0.012842459850926458,
        0.9818073770206345,
        0.6104667086948391,
        0.9999999999999998,
        0.9732225693014659,
        0.898233253239643,
        0.9999999999999998,
        0.9999999999999998,
        0.9482707180416502,
        0.9902233912351494,
        0.6741100725597496,
        0.3401494608775704,
        0.9999999999999998,
        0.8099999999999999,
        0.9999999999999998,
        0.9999999999999998,
        0.9999999999999998,
        0.9999999999999998,
        0.9999999999999998,
        0.9385113268608412,
        0.9999999999999998,
        0.9999999999999998,
        0.9800342235762187,
        0.9993068297179696,
        0.9694138830210133,
        0.9342241422061031,
        0.8966270223912268,
        0.9502414433441265,
        0.9382352437436423,
        0.8930119645326127,
        0.9999999999999998,
        0.9806327578701316,
        0.9999999999999998,
        0.9999999999999998,
        0.9999328357772868,
        0.9608636977058028,
        0.9999999999999998,
        0.9999999999999998,
        0.9999999999999998,
        0.9999999999999998,
        0.9999999999999998,
        0.9897810218978101,
        0.9999999999999998,
        0.9999999999999998,
        0.9908386208910979,
        0.38303451199278227,
        0.9999999999999998,
        0.9999999999999998,
        0.9999999999999998,
        0.9999999999999998,
        0.9999999999999998,
        0.9883889695210449,
        0.7607866522099773,
        0.6693742212159199,
        0.46379890626010456,
        0.558648939827881,
        0.3768091379589902,
        0.2888403453357267,
        0.2664268288371916,
        0.7042647329289504,
        0.5933749573404605,
        0.9985037527229316,
        0.7930473443300421,
        0.9088297168945714,
        0.71465682988251,
        0.4909113071881474,
        0.381800363132765,
        0.0,
        0.8227411774273686,
        0.0333334145163742,
        0.24150959652462556,
        0.0,
        0.9611601672602252,
        0.9450904121913489,
        0.5540080990631463,
        0.7233608164310773,
        0.9411443929636834,
        0.7273246686479801,
        0.8077446104789605,
        0.554304677338203,
        0.9231079057301738,
        0.6565550838129545,
        NaN,
        NaN,
        NaN,
        NaN,
        NaN,
        NaN,
        NaN,
        NaN,
        NaN,
        NaN,
        NaN,
        NaN,
        NaN,
        NaN,
        NaN,
        NaN,
        NaN,
        NaN,
        NaN,
        NaN,
        NaN,
        NaN,
        NaN,
        NaN,
        NaN,
        NaN,
        NaN,
        NaN,
        NaN,
        NaN,
        NaN,
        NaN,
        NaN,
        NaN,
        NaN,
        NaN,
        NaN,
        NaN,
        NaN,
        NaN,
        NaN,
        NaN,
        NaN,
        NaN,
        NaN,
        NaN,
        NaN,
        NaN,
        NaN,
        NaN
    ],
    "paths": [
        "VisA/visa_pytorch/pipe_fryum/test/bad/000.JPG",
        "VisA/visa_pytorch/pipe_fryum/test/bad/001.JPG",
        "VisA/visa_pytorch/pipe_fryum/test/bad/002.JPG",
        "VisA/visa_pytorch/pipe_fryum/test/bad/003.JPG",
        "VisA/visa_pytorch/pipe_fryum/test/bad/004.JPG",
        "VisA/visa_pytorch/pipe_fryum/test/bad/005.JPG",
        "VisA/visa_pytorch/pipe_fryum/test/bad/006.JPG",
        "VisA/visa_pytorch/pipe_fryum/test/bad/007.JPG",
        "VisA/visa_pytorch/pipe_fryum/test/bad/008.JPG",
        "VisA/visa_pytorch/pipe_fryum/test/bad/009.JPG",
        "VisA/visa_pytorch/pipe_fryum/test/bad/010.JPG",
        "VisA/visa_pytorch/pipe_fryum/test/bad/011.JPG",
        "VisA/visa_pytorch/pipe_fryum/test/bad/012.JPG",
        "VisA/visa_pytorch/pipe_fryum/test/bad/013.JPG",
        "VisA/visa_pytorch/pipe_fryum/test/bad/014.JPG",
        "VisA/visa_pytorch/pipe_fryum/test/bad/015.JPG",
        "VisA/visa_pytorch/pipe_fryum/test/bad/016.JPG",
        "VisA/visa_pytorch/pipe_fryum/test/bad/017.JPG",
        "VisA/visa_pytorch/pipe_fryum/test/bad/018.JPG",
        "VisA/visa_pytorch/pipe_fryum/test/bad/019.JPG",
        "VisA/visa_pytorch/pipe_fryum/test/bad/020.JPG",
        "VisA/visa_pytorch/pipe_fryum/test/bad/021.JPG",
        "VisA/visa_pytorch/pipe_fryum/test/bad/022.JPG",
        "VisA/visa_pytorch/pipe_fryum/test/bad/023.JPG",
        "VisA/visa_pytorch/pipe_fryum/test/bad/024.JPG",
        "VisA/visa_pytorch/pipe_fryum/test/bad/025.JPG",
        "VisA/visa_pytorch/pipe_fryum/test/bad/026.JPG",
        "VisA/visa_pytorch/pipe_fryum/test/bad/027.JPG",
        "VisA/visa_pytorch/pipe_fryum/test/bad/028.JPG",
        "VisA/visa_pytorch/pipe_fryum/test/bad/029.JPG",
        "VisA/visa_pytorch/pipe_fryum/test/bad/030.JPG",
        "VisA/visa_pytorch/pipe_fryum/test/bad/031.JPG",
        "VisA/visa_pytorch/pipe_fryum/test/bad/032.JPG",
        "VisA/visa_pytorch/pipe_fryum/test/bad/033.JPG",
        "VisA/visa_pytorch/pipe_fryum/test/bad/034.JPG",
        "VisA/visa_pytorch/pipe_fryum/test/bad/035.JPG",
        "VisA/visa_pytorch/pipe_fryum/test/bad/036.JPG",
        "VisA/visa_pytorch/pipe_fryum/test/bad/037.JPG",
        "VisA/visa_pytorch/pipe_fryum/test/bad/038.JPG",
        "VisA/visa_pytorch/pipe_fryum/test/bad/039.JPG",
        "VisA/visa_pytorch/pipe_fryum/test/bad/040.JPG",
        "VisA/visa_pytorch/pipe_fryum/test/bad/041.JPG",
        "VisA/visa_pytorch/pipe_fryum/test/bad/042.JPG",
        "VisA/visa_pytorch/pipe_fryum/test/bad/043.JPG",
        "VisA/visa_pytorch/pipe_fryum/test/bad/044.JPG",
        "VisA/visa_pytorch/pipe_fryum/test/bad/045.JPG",
        "VisA/visa_pytorch/pipe_fryum/test/bad/046.JPG",
        "VisA/visa_pytorch/pipe_fryum/test/bad/047.JPG",
        "VisA/visa_pytorch/pipe_fryum/test/bad/048.JPG",
        "VisA/visa_pytorch/pipe_fryum/test/bad/049.JPG",
        "VisA/visa_pytorch/pipe_fryum/test/bad/050.JPG",
        "VisA/visa_pytorch/pipe_fryum/test/bad/051.JPG",
        "VisA/visa_pytorch/pipe_fryum/test/bad/052.JPG",
        "VisA/visa_pytorch/pipe_fryum/test/bad/053.JPG",
        "VisA/visa_pytorch/pipe_fryum/test/bad/054.JPG",
        "VisA/visa_pytorch/pipe_fryum/test/bad/055.JPG",
        "VisA/visa_pytorch/pipe_fryum/test/bad/056.JPG",
        "VisA/visa_pytorch/pipe_fryum/test/bad/057.JPG",
        "VisA/visa_pytorch/pipe_fryum/test/bad/058.JPG",
        "VisA/visa_pytorch/pipe_fryum/test/bad/059.JPG",
        "VisA/visa_pytorch/pipe_fryum/test/bad/060.JPG",
        "VisA/visa_pytorch/pipe_fryum/test/bad/061.JPG",
        "VisA/visa_pytorch/pipe_fryum/test/bad/062.JPG",
        "VisA/visa_pytorch/pipe_fryum/test/bad/063.JPG",
        "VisA/visa_pytorch/pipe_fryum/test/bad/064.JPG",
        "VisA/visa_pytorch/pipe_fryum/test/bad/065.JPG",
        "VisA/visa_pytorch/pipe_fryum/test/bad/066.JPG",
        "VisA/visa_pytorch/pipe_fryum/test/bad/067.JPG",
        "VisA/visa_pytorch/pipe_fryum/test/bad/068.JPG",
        "VisA/visa_pytorch/pipe_fryum/test/bad/069.JPG",
        "VisA/visa_pytorch/pipe_fryum/test/bad/070.JPG",
        "VisA/visa_pytorch/pipe_fryum/test/bad/071.JPG",
        "VisA/visa_pytorch/pipe_fryum/test/bad/072.JPG",
        "VisA/visa_pytorch/pipe_fryum/test/bad/073.JPG",
        "VisA/visa_pytorch/pipe_fryum/test/bad/074.JPG",
