{
    "shared_fpr_metric": "mean-per-image-fpr",
    "fpr_lower_bound": 1e-05,
    "fpr_upper_bound": 0.0001,
    "num_threshs": null,
    "thresh_lower_bound": -0.5372473001480103,
    "thresh_upper_bound": -0.49115264415740967,
    "aupimos": [
        0.8746589525876612,
        0.7847076073561831,
        0.862632410367212,
        0.8746589525876612,
        0.8669448405220974,
        0.8720728745222104,
        0.8359921892119333,
        0.6890292191814928,
        0.8746589525876612,
        0.874516588106417,
        0.8746589525876612,
        0.8746589525876612,
        0.7605755396946801,
        0.8727580534435445,
        0.8746589525876612,
        0.7791413923656698,
        0.8746589525876612,
        0.8745335741056975,
        0.8746589525876612,
        0.8289880056878676,
        0.8728032933666716,
        0.8746589525876612,
        0.8609464152127265,
        0.635825998493514,
        0.8746589525876612,
        0.8737694973756924,
        0.8317209331475983,
        0.8746589525876612,
        0.8746589525876612,
        0.8310700368055052,
        0.8030667389911385,
        0.8746589525876612,
        0.8731110038702485,
        0.6506098372010644,
        0.8746589525876612,
        0.5245350824598202,
        0.8744853994247822,
        0.8706950475005426,
        0.8746505601426052,
        0.8726267851936619,
        0.8635486616369726,
        0.6492030918016362,
        0.5879756747810664,
        0.8701928916294326,
        0.8722956026793924,
        0.8688170474345557,
        0.8392831461736923,
        0.8363299073080604,
        0.8350638728132951,
        0.8272292548064568,
        0.8298942462822295,
        0.8162742795953193,
        0.8429405467741712,
        0.8234483814555589,
        0.8441779305222907,
        0.8146818000930135,
        0.8096496436275263,
        0.8301267706271566,
        0.7933384122140051,
        0.8240631108693133,
        0.8442283364918619,
        0.8227617927718697,
        0.828049562104411,
        0.831663906236156,
        0.8119210829517779,
        0.7951043122008173,
        0.8282855227559269,
        0.782438688475694,
        0.8038951216877787,
        0.781455752927935,
        NaN,
        NaN,
        NaN,
        NaN,
        NaN,
        NaN,
        NaN,
        NaN,
        NaN,
        NaN,
        NaN,
        NaN,
        NaN,
        NaN,
        NaN,
        NaN,
        NaN,
        NaN,
        NaN,
        NaN,
        NaN,
        NaN,
        0.5797620656366661,
        0.3869421396517574,
        0.5796761575332693,
        0.5488042925903803,
        0.5829131848568165,
        0.6888927638844493,
        0.43029028619301624,
        0.7155865383102896,
        0.8104051585217102,
        0.18138884181916537,
        0.474937036790012,
        0.845383752472857,
        0.5387545029855586,
        0.8694010449752678,
        0.8102071587283974,
        0.8746517462707606,
        0.8194311448594165,
        0.862553756115793,
        0.8502259516559632,
        0.45311496683017577,
        0.1840731613762662,
        0.4656770982885615,
        0.13823987900013412
    ],
    "paths": [
        "MVTec/metal_nut/test/bent/000.png",
        "MVTec/metal_nut/test/bent/001.png",
        "MVTec/metal_nut/test/bent/002.png",
        "MVTec/metal_nut/test/bent/003.png",
        "MVTec/metal_nut/test/bent/004.png",
        "MVTec/metal_nut/test/bent/005.png",
        "MVTec/metal_nut/test/bent/006.png",
        "MVTec/metal_nut/test/bent/007.png",
        "MVTec/metal_nut/test/bent/008.png",
        "MVTec/metal_nut/test/bent/009.png",
        "MVTec/metal_nut/test/bent/010.png",
        "MVTec/metal_nut/test/bent/011.png",
        "MVTec/metal_nut/test/bent/012.png",
        "MVTec/metal_nut/test/bent/013.png",
        "MVTec/metal_nut/test/bent/014.png",
        "MVTec/metal_nut/test/bent/015.png",
        "MVTec/metal_nut/test/bent/016.png",
        "MVTec/metal_nut/test/bent/017.png",
        "MVTec/metal_nut/test/bent/018.png",
        "MVTec/metal_nut/test/bent/019.png",
        "MVTec/metal_nut/test/bent/020.png",
        "MVTec/metal_nut/test/bent/021.png",
        "MVTec/metal_nut/test/bent/022.png",
        "MVTec/metal_nut/test/bent/023.png",
        "MVTec/metal_nut/test/bent/024.png",
        "MVTec/metal_nut/test/color/000.png",
        "MVTec/metal_nut/test/color/001.png",
        "MVTec/metal_nut/test/color/002.png",
        "MVTec/metal_nut/test/color/003.png",
        "MVTec/metal_nut/test/color/004.png",
        "MVTec/metal_nut/test/color/005.png",
        "MVTec/metal_nut/test/color/006.png",
        "MVTec/metal_nut/test/color/007.png",
        "MVTec/metal_nut/test/color/008.png",
        "MVTec/metal_nut/test/color/009.png",
        "MVTec/metal_nut/test/color/010.png",
        "MVTec/metal_nut/test/color/011.png",
        "MVTec/metal_nut/test/color/012.png",
        "MVTec/metal_nut/test/color/013.png",
        "MVTec/metal_nut/test/color/014.png",
        "MVTec/metal_nut/test/color/015.png",
        "MVTec/metal_nut/test/color/016.png",
        "MVTec/metal_nut/test/color/017.png",
        "MVTec/metal_nut/test/color/018.png",
        "MVTec/metal_nut/test/color/019.png",
        "MVTec/metal_nut/test/color/020.png",
        "MVTec/metal_nut/test/color/021.png",
        "MVTec/metal_nut/test/flip/000.png",
        "MVTec/metal_nut/test/flip/001.png",
        "MVTec/metal_nut/test/flip/002.png",
        "MVTec/metal_nut/test/flip/003.png",
        "MVTec/metal_nut/test/flip/004.png",
        "MVTec/metal_nut/test/flip/005.png",
        "MVTec/metal_nut/test/flip/006.png",
        "MVTec/metal_nut/test/flip/007.png",
        "MVTec/metal_nut/test/flip/008.png",
        "MVTec/metal_nut/test/flip/009.png",
        "MVTec/metal_nut/test/flip/010.png",
        "MVTec/metal_nut/test/flip/011.png",
        "MVTec/metal_nut/test/flip/012.png",
        "MVTec/metal_nut/test/flip/013.png",
        "MVTec/metal_nut/test/flip/014.png",
        "MVTec/metal_nut/test/flip/015.png",
        "MVTec/metal_nut/test/flip/016.png",
        "MVTec/metal_nut/test/flip/017.png",
        "MVTec/metal_nut/test/flip/018.png",
        "MVTec/metal_nut/test/flip/019.png",
        "MVTec/metal_nut/test/flip/020.png",
        "MVTec/metal_nut/test/flip/021.png",
        "MVTec/metal_nut/test/flip/022.png",
        "MVTec/metal_nut/test/good/000.png",
        "MVTec/metal_nut/test/good/001.png",
        "MVTec/metal_nut/test/good/002.png",
        "MVTec/metal_nut/test/good/003.png",
        "MVTec/metal_nut/test/good/004.png",
        "MVTec/metal_nut/test/good/005.png",
        "MVTec/metal_nut/test/good/006.png",
        "MVTec/metal_nut/test/good/007.png",
        "MVTec/metal_nut/test/good/008.png",
        "MVTec/metal_nut/test/good/009.png",
        "MVTec/metal_nut/test/good/010.png",
        "MVTec/metal_nut/test/good/011.png",
        "MVTec/metal_nut/test/good/012.png",
        "MVTec/metal_nut/test/good/013.png",
        "MVTec/metal_nut/test/good/014.png",
        "MVTec/metal_nut/test/good/015.png",
        "MVTec/metal_nut/test/good/016.png",
        "MVTec/metal_nut/test/good/017.png",
        "MVTec/metal_nut/test/good/018.png",
        "MVTec/metal_nut/test/good/019.png",
        "MVTec/metal_nut/test/good/020.png",
        "MVTec/metal_nut/test/good/021.png",
        "MVTec/metal_nut/test/scratch/000.png",
        "MVTec/metal_nut/test/scratch/001.png",
        "MVTec/metal_nut/test/scratch/002.png",
        "MVTec/metal_nut/test/scratch/003.png",
        "MVTec/metal_nut/test/scratch/004.png",
        "MVTec/metal_nut/test/scratch/005.png",
        "MVTec/metal_nut/test/scratch/006.png",
        "MVTec/metal_nut/test/scratch/007.png",
        "MVTec/metal_nut/test/scratch/008.png",
        "MVTec/metal_nut/test/scratch/009.png",
        "MVTec/metal_nut/test/scratch/010.png",
        "MVTec/metal_nut/test/scratch/011.png",
        "MVTec/metal_nut/test/scratch/012.png",
        "MVTec/metal_nut/test/scratch/013.png",
