{
    "shared_fpr_metric": "mean-per-image-fpr",
    "fpr_lower_bound": 1e-05,
    "fpr_upper_bound": 0.0001,
    "num_threshs": null,
    "thresh_lower_bound": -0.2372368574142456,
    "thresh_upper_bound": -0.1579163670539856,
    "aupimos": [
        0.9979214795012334,
        0.7191426538198442,
        0.8520109695921845,
        0.947089171004197,
        0.7154342528175665,
        0.2504701180117523,
        0.0,
        0.19428450379606466,
        0.6122227572195749,
        0.9780276611765147,
        0.8887170909180598,
        0.7038310917829216,
        0.9619741893174435,
        0.8951400523377838,
        0.9713090323149448,
        0.0,
        0.748053247365808,
        0.0,
        0.0003643782726348252,
        0.45337555099270505,
        0.07591024569273695,
        0.730092696899397,
        0.2443781018847837,
        0.4367372718519845,
        0.01635763102691391,
        0.8655816001885716,
        0.3899127719260591,
        0.5091069556516948,
        0.08698753667066363,
        0.10173518025616234,
        0.9979214795012334,
        0.8083163983959992,
        0.7926806205005261,
        0.6955425091401368,
        0.997911944441145,
        0.5085580426666813,
        0.4578927362276416,
        0.9760309125412311,
        0.34659750525683763,
        0.6250921219923766,
        0.9904935103949116,
        0.9230142057996965,
        0.9436520047268278,
        0.8659902620751955,
        0.923911188122076,
        0.831166692413458,
        0.9540414090733461,
        0.9411571537706325,
        0.9979214795012334,
        0.9712286021387738,
        0.9979214795012334,
        0.9979214795012334,
        0.990739727056373,
        0.8357196787168535,
        0.10560953729814,
        0.9979214795012334,
        0.7318030867644356,
        0.8590470831179684,
        0.9979214795012334,
        0.9803894809301481,
        0.9979214795012334,
        0.9979214795012334,
        0.13225447466814214,
        0.0,
        0.6383049894322629,
        0.9979214795012334,
        0.9979214795012334,
        0.9979214795012334,
        0.5887110524580009,
        0.29795962178813673,
        0.3602077275942531,
        0.5589694855269192,
        0.6321881775287381,
        0.47066114832562567,
        0.07039511830951149,
        0.11502580322336439,
        0.009968347196242785,
        0.5218001332991414,
        0.18785896823355563,
        0.7035986985628704,
        0.04558824475066099,
        0.7492894360477252,
        0.0009087420277779376,
        0.0064448633069748825,
        0.0,
        0.0,
        0.9383063019215014,
        0.759701646902252,
        0.043300210854770274,
        0.0,
        0.7490449812978549,
        0.7560159471659362,
        0.341115910633235,
        0.6694709742356044,
        0.5582400027633567,
        0.6802049207680428,
        0.6574868800851201,
        0.10681675848726535,
        0.8338719307919585,
        0.3926532296409892,
        NaN,
        NaN,
        NaN,
        NaN,
        NaN,
        NaN,
        NaN,
        NaN,
        NaN,
        NaN,
        NaN,
        NaN,
        NaN,
        NaN,
        NaN,
        NaN,
        NaN,
        NaN,
        NaN,
        NaN,
        NaN,
        NaN,
        NaN,
        NaN,
        NaN,
        NaN,
        NaN,
        NaN,
        NaN,
        NaN,
        NaN,
        NaN,
        NaN,
        NaN,
        NaN,
        NaN,
        NaN,
        NaN,
        NaN,
        NaN,
        NaN,
        NaN,
        NaN,
        NaN,
        NaN,
        NaN,
        NaN,
        NaN,
        NaN,
        NaN
    ],
    "paths": [
        "VisA/visa_pytorch/pipe_fryum/test/bad/000.JPG",
        "VisA/visa_pytorch/pipe_fryum/test/bad/001.JPG",
        "VisA/visa_pytorch/pipe_fryum/test/bad/002.JPG",
        "VisA/visa_pytorch/pipe_fryum/test/bad/003.JPG",
        "VisA/visa_pytorch/pipe_fryum/test/bad/004.JPG",
        "VisA/visa_pytorch/pipe_fryum/test/bad/005.JPG",
        "VisA/visa_pytorch/pipe_fryum/test/bad/006.JPG",
        "VisA/visa_pytorch/pipe_fryum/test/bad/007.JPG",
        "VisA/visa_pytorch/pipe_fryum/test/bad/008.JPG",
        "VisA/visa_pytorch/pipe_fryum/test/bad/009.JPG",
        "VisA/visa_pytorch/pipe_fryum/test/bad/010.JPG",
        "VisA/visa_pytorch/pipe_fryum/test/bad/011.JPG",
        "VisA/visa_pytorch/pipe_fryum/test/bad/012.JPG",
        "VisA/visa_pytorch/pipe_fryum/test/bad/013.JPG",
        "VisA/visa_pytorch/pipe_fryum/test/bad/014.JPG",
        "VisA/visa_pytorch/pipe_fryum/test/bad/015.JPG",
        "VisA/visa_pytorch/pipe_fryum/test/bad/016.JPG",
        "VisA/visa_pytorch/pipe_fryum/test/bad/017.JPG",
        "VisA/visa_pytorch/pipe_fryum/test/bad/018.JPG",
        "VisA/visa_pytorch/pipe_fryum/test/bad/019.JPG",
        "VisA/visa_pytorch/pipe_fryum/test/bad/020.JPG",
        "VisA/visa_pytorch/pipe_fryum/test/bad/021.JPG",
        "VisA/visa_pytorch/pipe_fryum/test/bad/022.JPG",
        "VisA/visa_pytorch/pipe_fryum/test/bad/023.JPG",
        "VisA/visa_pytorch/pipe_fryum/test/bad/024.JPG",
        "VisA/visa_pytorch/pipe_fryum/test/bad/025.JPG",
        "VisA/visa_pytorch/pipe_fryum/test/bad/026.JPG",
        "VisA/visa_pytorch/pipe_fryum/test/bad/027.JPG",
        "VisA/visa_pytorch/pipe_fryum/test/bad/028.JPG",
        "VisA/visa_pytorch/pipe_fryum/test/bad/029.JPG",
        "VisA/visa_pytorch/pipe_fryum/test/bad/030.JPG",
        "VisA/visa_pytorch/pipe_fryum/test/bad/031.JPG",
        "VisA/visa_pytorch/pipe_fryum/test/bad/032.JPG",
        "VisA/visa_pytorch/pipe_fryum/test/bad/033.JPG",
        "VisA/visa_pytorch/pipe_fryum/test/bad/034.JPG",
        "VisA/visa_pytorch/pipe_fryum/test/bad/035.JPG",
        "VisA/visa_pytorch/pipe_fryum/test/bad/036.JPG",
        "VisA/visa_pytorch/pipe_fryum/test/bad/037.JPG",
        "VisA/visa_pytorch/pipe_fryum/test/bad/038.JPG",
        "VisA/visa_pytorch/pipe_fryum/test/bad/039.JPG",
        "VisA/visa_pytorch/pipe_fryum/test/bad/040.JPG",
        "VisA/visa_pytorch/pipe_fryum/test/bad/041.JPG",
        "VisA/visa_pytorch/pipe_fryum/test/bad/042.JPG",
        "VisA/visa_pytorch/pipe_fryum/test/bad/043.JPG",
        "VisA/visa_pytorch/pipe_fryum/test/bad/044.JPG",
        "VisA/visa_pytorch/pipe_fryum/test/bad/045.JPG",
        "VisA/visa_pytorch/pipe_fryum/test/bad/046.JPG",
        "VisA/visa_pytorch/pipe_fryum/test/bad/047.JPG",
        "VisA/visa_pytorch/pipe_fryum/test/bad/048.JPG",
        "VisA/visa_pytorch/pipe_fryum/test/bad/049.JPG",
        "VisA/visa_pytorch/pipe_fryum/test/bad/050.JPG",
        "VisA/visa_pytorch/pipe_fryum/test/bad/051.JPG",
        "VisA/visa_pytorch/pipe_fryum/test/bad/052.JPG",
        "VisA/visa_pytorch/pipe_fryum/test/bad/053.JPG",
        "VisA/visa_pytorch/pipe_fryum/test/bad/054.JPG",
        "VisA/visa_pytorch/pipe_fryum/test/bad/055.JPG",
        "VisA/visa_pytorch/pipe_fryum/test/bad/056.JPG",
        "VisA/visa_pytorch/pipe_fryum/test/bad/057.JPG",
        "VisA/visa_pytorch/pipe_fryum/test/bad/058.JPG",
        "VisA/visa_pytorch/pipe_fryum/test/bad/059.JPG",
        "VisA/visa_pytorch/pipe_fryum/test/bad/060.JPG",
        "VisA/visa_pytorch/pipe_fryum/test/bad/061.JPG",
        "VisA/visa_pytorch/pipe_fryum/test/bad/062.JPG",
        "VisA/visa_pytorch/pipe_fryum/test/bad/063.JPG",
        "VisA/visa_pytorch/pipe_fryum/test/bad/064.JPG",
        "VisA/visa_pytorch/pipe_fryum/test/bad/065.JPG",
        "VisA/visa_pytorch/pipe_fryum/test/bad/066.JPG",
        "VisA/visa_pytorch/pipe_fryum/test/bad/067.JPG",
        "VisA/visa_pytorch/pipe_fryum/test/bad/068.JPG",
        "VisA/visa_pytorch/pipe_fryum/test/bad/069.JPG",
        "VisA/visa_pytorch/pipe_fryum/test/bad/070.JPG",
        "VisA/visa_pytorch/pipe_fryum/test/bad/071.JPG",
        "VisA/visa_pytorch/pipe_fryum/test/bad/072.JPG",
        "VisA/visa_pytorch/pipe_fryum/test/bad/073.JPG",
        "VisA/visa_pytorch/pipe_fryum/test/bad/074.JPG",
        "VisA/visa_pytorch/pipe_fryum/test/bad/075.JPG",
