{
    "ious": [
        0.6537991266375546,
        0.49757009345794395,
        0.36994513310302785,
        0.3779609626681827,
        0.4294137466307278,
        0.3386316245032852,
        0.4609202508169213,
        0.40588859324185667,
        0.6218268786976041,
        0.45789333569970714,
        0.06102747459540835,
        0.38064808863009036,
        0.276390359344834,
        0.28576195242861907,
        0.46050386245619185,
        0.4586009494554594,
        0.3537244225124431,
        0.37787878787878787,
        0.45437250499001997,
        0.5251535850839885,
        0.4996640913671481,
        0.7815529146195724,
        0.31994134897360704,
        0.5762273901808785,
        0.5125274082736442,
        0.31062182434067265,
        0.4216459494213459,
        0.6164556962025316,
        0.6543741131470171,
        0.7574082044829984,
        NaN,
        NaN,
        NaN,
        NaN,
        NaN,
        NaN,
        NaN,
        NaN,
        NaN,
        NaN,
        NaN,
        NaN,
        NaN,
        NaN,
        NaN,
        NaN,
        NaN,
        NaN,
        NaN,
        NaN,
        NaN,
        NaN,
        NaN,
        NaN,
        NaN,
        NaN,
        NaN,
        NaN,
        NaN,
        NaN,
        NaN,
        NaN,
        NaN,
        NaN,
        NaN,
        NaN,
        NaN,
        NaN,
        NaN,
        NaN,
        NaN,
        NaN,
        NaN,
        NaN,
        NaN,
        NaN,
        NaN,
        NaN,
        NaN,
        NaN,
        NaN,
        NaN,
        NaN,
        NaN,
        NaN,
        NaN,
        NaN,
        NaN,
        NaN,
        NaN,
        0.43061982843171115,
        0.42504274534488684,
        0.692506068338058,
        0.6680748039733384,
        0.665008661567256,
        0.6529001186295723,
        0.48555161198341074,
        0.6937367313265308,
        0.6999929622331205,
        0.49633657129595865
    ],
    "threshs": [
        0.5181951522827148,
        0.2956484258174896,
        0.2868584394454956,
        0.24448715150356293,
        0.46347713470458984,
        0.4385089576244354,
        0.2948990762233734,
        0.24454225599765778,
        0.3021595776081085,
        0.4246487617492676,
        0.3106314539909363,
        0.3748987317085266,
        0.24439117312431335,
        0.5000508427619934,
        0.2583332359790802,
        0.24439282715320587,
        0.25402963161468506,
        0.24437479674816132,
        0.24593131244182587,
        0.2454490214586258,
        0.2444821000099182,
        0.40285682678222656,
        0.24436397850513458,
        0.24516481161117554,
        0.2709416449069977,
        0.2443929761648178,
        0.24439816176891327,
        0.27659693360328674,
        0.3149210512638092,
        0.3689938485622406,
        NaN,
        NaN,
        NaN,
        NaN,
        NaN,
        NaN,
        NaN,
        NaN,
        NaN,
        NaN,
        NaN,
        NaN,
        NaN,
        NaN,
        NaN,
        NaN,
        NaN,
        NaN,
        NaN,
        NaN,
        NaN,
        NaN,
        NaN,
        NaN,
        NaN,
        NaN,
        NaN,
        NaN,
        NaN,
        NaN,
        NaN,
        NaN,
        NaN,
        NaN,
        NaN,
        NaN,
        NaN,
        NaN,
        NaN,
        NaN,
        NaN,
        NaN,
        NaN,
        NaN,
        NaN,
        NaN,
        NaN,
        NaN,
        NaN,
        NaN,
        NaN,
        NaN,
        NaN,
        NaN,
        NaN,
        NaN,
        NaN,
        NaN,
        NaN,
        NaN,
        0.24440784752368927,
        0.24442099034786224,
        0.24445635080337524,
        0.2443593591451645,
        0.24453839659690857,
        0.24443437159061432,
        0.24439047276973724,
        0.24456508457660675,
        0.24443498253822327,
        0.24437279999256134
    ],
    "image_classes": [
        1,
        1,
        1,
        1,
        1,
        1,
        1,
        1,
        1,
        1,
        1,
        1,
        1,
        1,
        1,
        1,
        1,
        1,
        1,
        1,
        1,
        1,
        1,
        1,
        1,
        1,
        1,
        1,
        1,
        1,
        0,
        0,
        0,
        0,
        0,
        0,
        0,
        0,
        0,
        0,
        0,
        0,
        0,
        0,
        0,
        0,
        0,
        0,
        0,
        0,
        0,
        0,
        0,
        0,
        0,
        0,
        0,
        0,
        0,
        0,
        0,
        0,
        0,
        0,
        0,
        0,
        0,
        0,
        0,
        0,
        0,
        0,
        0,
        0,
        0,
        0,
        0,
        0,
        0,
        0,
        0,
        0,
        0,
        0,
        0,
        0,
        0,
        0,
        0,
        0,
        1,
        1,
        1,
        1,
        1,
        1,
        1,
        1,
        1,
        1
    ],