{
    "shared_fpr_metric": "mean-per-image-fpr",
    "fpr_lower_bound": 1e-05,
    "fpr_upper_bound": 0.0001,
    "num_threshs": null,
    "thresh_lower_bound": 475.653076171875,
    "thresh_upper_bound": 493.98931884765625,
    "aupimos": [
        0.5169856027677374,
        0.0,
        0.0,
        0.0,
        0.0,
        0.19153389216030672,
        0.0,
        0.0,
        0.529184488051625,
        0.09308384011397408,
        0.9006387578484116,
        0.002676689040908411,
        0.6085024270532569,
        0.0,
        0.2361869970151248,
        0.0,
        0.7138864947724098,
        0.7272313380677169,
        0.0,
        0.16406104477170894,
        0.16519506349587149,
        0.0,
        0.15695147824143507,
        0.6856144633612002,
        0.0031791946722775194,
        0.2914995120995371,
        0.8175953298029881,
        0.0,
        0.08298913675226822,
        0.14376042355183838,
        NaN,
        NaN,
        NaN,
        NaN,
        NaN,
        NaN,
        NaN,
        NaN,
        NaN,
        NaN,
        NaN,
        NaN
    ],
    "paths": [
        "MVTec/toothbrush/test/defective/000.png",
        "MVTec/toothbrush/test/defective/001.png",
        "MVTec/toothbrush/test/defective/002.png",
        "MVTec/toothbrush/test/defective/003.png",
        "MVTec/toothbrush/test/defective/004.png",
        "MVTec/toothbrush/test/defective/005.png",
        "MVTec/toothbrush/test/defective/006.png",
        "MVTec/toothbrush/test/defective/007.png",
        "MVTec/toothbrush/test/defective/008.png",
        "MVTec/toothbrush/test/defective/009.png",
        "MVTec/toothbrush/test/defective/010.png",
        "MVTec/toothbrush/test/defective/011.png",
        "MVTec/toothbrush/test/defective/012.png",
        "MVTec/toothbrush/test/defective/013.png",
        "MVTec/toothbrush/test/defective/014.png",
        "MVTec/toothbrush/test/defective/015.png",
        "MVTec/toothbrush/test/defective/016.png",
        "MVTec/toothbrush/test/defective/017.png",
        "MVTec/toothbrush/test/defective/018.png",
        "MVTec/toothbrush/test/defective/019.png",
        "MVTec/toothbrush/test/defective/020.png",
        "MVTec/toothbrush/test/defective/021.png",
        "MVTec/toothbrush/test/defective/022.png",
        "MVTec/toothbrush/test/defective/023.png",
        "MVTec/toothbrush/test/defective/024.png",
        "MVTec/toothbrush/test/defective/025.png",
        "MVTec/toothbrush/test/defective/026.png",
        "MVTec/toothbrush/test/defective/027.png",
        "MVTec/toothbrush/test/defective/028.png",
        "MVTec/toothbrush/test/defective/029.png",
        "MVTec/toothbrush/test/good/000.png",
        "MVTec/toothbrush/test/good/001.png",
        "MVTec/toothbrush/test/good/002.png",
        "MVTec/toothbrush/test/good/003.png",
        "MVTec/toothbrush/test/good/004.png",
        "MVTec/toothbrush/test/good/005.png",
        "MVTec/toothbrush/test/good/006.png",
        "MVTec/toothbrush/test/good/007.png",
        "MVTec/toothbrush/test/good/008.png",
        "MVTec/toothbrush/test/good/009.png",
        "MVTec/toothbrush/test/good/010.png",
        "MVTec/toothbrush/test/good/011.png"
    ]
}