{
    "ious": [
        0.43165589935396126,
        0.0833918363253435,
        0.3928464680681479,
        0.22840945902170393,
        0.3310580204778157,
        0.47291966927103085,
        0.25722309852652636,
        0.4095922113159365,
        0.3444399599384128,
        0.3059147644214551,
        0.21768175252768415,
        0.15114386472556288,
        0.3685624376391127,
        0.20157812643361778,
        0.20853213960220876,
        0.1669750573606691,
        0.1705117751450909,
        0.12618555091526482,
        0.15691499784457422,
        0.31984007996002,
        0.3442996068694393,
        0.49137483718615316,
        0.0716651610960554,
        0.5091730682331677,
        0.5467469810728254,
        0.5669521584912189,
        0.4550475107609843,
        0.3986017381172015,
        0.635625227852716,
        0.4766583747927032,
        NaN,
        NaN,
        NaN,
        NaN,
        NaN,
        NaN,
        NaN,
        NaN,
        NaN,
        NaN,
        NaN,
        NaN,
        NaN,
        NaN,
        NaN,
        NaN,
        NaN,
        NaN,
        NaN,
        NaN,
        NaN,
        NaN,
        NaN,
        NaN,
        NaN,
        NaN,
        NaN,
        NaN,
        NaN,
        NaN,
        NaN,
        NaN,
        NaN,
        NaN,
        NaN,
        NaN,
        NaN,
        NaN,
        NaN,
        NaN,
        NaN,
        NaN,
        NaN,
        NaN,
        NaN,
        NaN,
        NaN,
        NaN,
        NaN,
        NaN,
        NaN,
        NaN,
        NaN,
        NaN,
        NaN,
        NaN,
        NaN,
        NaN,
        NaN,
        NaN,
        0.18619299851580623,
        0.5996031192762179,
        0.061954357096878014,
        0.05899527564604345,
        0.6385086131582137,
        0.4359009622234206,
        0.35556918462525355,
        0.6400194040506761,
        0.7179268362064061,
        0.6277972799610598
    ],
    "threshs": [
        2.1794939041137695,
        1.093126654624939,
        1.4096455574035645,
        0.6039420366287231,
        1.8119090795516968,
        3.4429500102996826,
        1.4326804876327515,
        0.9399755597114563,
        0.2313874065876007,
        1.0717217922210693,
        1.3020451068878174,
        0.21799857914447784,
        0.9214370846748352,
        0.7831593751907349,
        0.25451505184173584,
        0.2186751365661621,
        1.1402878761291504,
        0.21808268129825592,
        0.4426504075527191,
        1.0652047395706177,
        1.066713571548462,
        0.7941866517066956,
        0.21809208393096924,
        0.8455962538719177,
        0.4834228754043579,
        0.3507396876811981,
        0.3567533791065216,
        0.21793699264526367,
        1.1452494859695435,
        0.9025176167488098,
        NaN,
        NaN,
        NaN,
        NaN,
        NaN,
        NaN,
        NaN,
        NaN,
        NaN,
        NaN,
        NaN,
        NaN,
        NaN,
        NaN,
        NaN,
        NaN,
        NaN,
        NaN,
        NaN,
        NaN,
        NaN,
        NaN,
        NaN,
        NaN,
        NaN,
        NaN,
        NaN,
        NaN,
        NaN,
        NaN,
        NaN,
        NaN,
        NaN,
        NaN,
        NaN,
        NaN,
        NaN,
        NaN,
        NaN,
        NaN,
        NaN,
        NaN,
        NaN,
        NaN,
        NaN,
        NaN,
        NaN,
        NaN,
        NaN,
        NaN,
        NaN,
        NaN,
        NaN,
        NaN,
        NaN,
        NaN,
        NaN,
        NaN,
        NaN,
        NaN,
        0.21828363835811615,
        0.21835944056510925,
        0.21817709505558014,
        0.2182772159576416,
        0.21840223670005798,
        0.2187574803829193,
        0.21833625435829163,
        1.2119982242584229,
        1.3490135669708252,
        0.21842700242996216
    ],
    "image_classes": [
        1,
        1,
        1,
        1,
        1,
        1,
        1,
        1,
        1,
        1,
        1,
        1,
        1,
        1,
        1,
        1,
        1,
        1,
        1,
        1,
        1,
        1,
        1,
        1,
        1,
        1,
        1,
        1,
        1,
        1,
        0,
        0,
        0,
        0,
        0,
        0,
        0,
        0,
        0,
        0,
        0,
        0,
        0,
        0,
        0,
        0,
        0,
        0,
        0,
        0,
        0,
        0,
        0,
        0,
        0,
        0,
        0,
        0,
        0,
        0,
        0,
        0,
        0,
        0,
        0,
        0,
        0,
        0,
        0,
        0,
        0,
        0,
        0,
        0,
        0,
        0,
        0,
        0,
        0,
        0,
        0,
        0,
        0,
        0,
        0,
        0,
        0,
        0,
        0,
        0,
        1,
        1,
        1,
        1,
        1,
        1,
        1,
        1,
        1,
        1
    ],