{
    "avg_iou": 0.5711954667783238,
    "thresh": 0.2271801233291626,
    "ious_at_thresh": [
        0.15720271906136513,
        0.0915205278091136,
        0.14924893914281004,
        0.16743639997671395,
        0.10801843961723825,
        0.2515901721127463,
        0.21482100545524677,
        0.19238920008705912,
        0.16346755824330986,
        0.14007126481230836,
        0.19259265250659205,
        0.09607733875879586,
        0.17683726410612136,
        0.1325122193644906,
        0.15429805999082527,
        0.09930129981654241,
        0.13097527119428307,
        0.6487522198336293,
        0.7288981340465313,
        0.7085801711408799,
        0.6067391584647784,
        0.8327705134749546,
        0.8069149670825468,
        0.815969020837175,
        0.7624314734063639,
        0.7503417538997397,
        0.6897307859313938,
        0.7232852987170217,
        0.6565976661317086,
        0.776161461490201,
        0.6638681592039801,
        0.6926272626723138,
        0.7181955454888638,
        0.657132118022928,
        0.7763999364813559,
        NaN,
        NaN,
        NaN,
        NaN,
        NaN,
        NaN,
        NaN,
        NaN,
        NaN,
        NaN,
        NaN,
        NaN,
        NaN,
        NaN,
        NaN,
        NaN,
        NaN,
        NaN,
        NaN,
        NaN,
        NaN,
        NaN,
        NaN,
        NaN,
        NaN,
        NaN,
        NaN,
        NaN,
        NaN,
        NaN,
        NaN,
        NaN,
        NaN,
        0.5640833919774807,
        0.689769384778901,
        0.2730131656095091,
        0.7103545977504937,
        0.7860762282441066,
        0.6187192733938839,
        0.6387265766673383,
        0.5798878193206671,
        0.4623290930431748,
        0.5978892700590814,
        0.7192068698389675,
        0.5520053747480587,
        0.1065546849340778,
        0.31828906769919535,
        0.789995687796464,
        0.48278293571512515,
        0.8984888539582738,
        0.7985962449552553,
        0.8702388901759311,
        0.853356391614315,
        0.8024114149360286,
        0.8481661563145074,
        0.7843675280789829,
        0.8501468494126023,
        0.8211208818650447,
        0.8737585278200216,
        0.789019830651369,
        0.7974611062045673,
        0.8110749185667753,
        0.804661487236404,
        0.8276243567140849,
        0.8522559461667036,
        0.8396248534583822,
        0.76245004995005,
        0.652408282335035,
        0.6455485419974442,
        0.2520430501908375,
        0.6592079500040233,
        0.6966860661999228,
        0.45167393852106014,
        0.48655645611600873,
        0.4820567085381395,
        0.5661580779644991,
        0.7304705495228694,
        0.5630393577879362,
        0.7022143104132782,
        0.42394129436865585,
        0.7836399821290768,
        0.47651095525266085
    ],
    "image_classes": [
        1,
        1,
        1,
        1,
        1,
        1,
        1,
        1,
        1,
        1,
        1,
        1,
        1,
        1,
        1,
        1,
        1,
        1,
        1,
        1,
        1,
        1,
        1,
        1,
        1,
        1,
        1,
        1,
        1,
        1,
        1,
        1,
        1,
        1,
        1,
        0,
        0,
        0,
        0,
        0,
        0,
        0,
        0,
        0,
        0,
        0,
        0,
        0,
        0,
        0,
        0,
        0,
        0,
        0,
        0,
        0,
        0,
        0,
        0,
        0,
        0,
        0,
        0,
        0,
        0,
        0,
        0,
        0,
        1,
        1,
        1,
        1,
        1,
        1,
        1,
        1,
        1,
        1,
        1,
        1,
        1,
        1,
        1,
        1,
        1,
        1,
        1,
        1,
        1,
        1,
        1,
        1,
        1,
        1,
        1,
        1,
        1,
        1,
        1,
        1,
        1,
        1,
        1,
        1,
        1,
        1,
        1,
        1,
        1,
        1,
        1,
        1,
        1,
        1,
        1,
        1,
        1
    ],