{
    "avg_iou": 0.5629008948435755,
    "thresh": 2.381829261779785,
    "ious_at_thresh": [
        0.6186003773664313,
        0.4944907572765808,
        0.587536302258911,
        0.5622110687353006,
        0.5660488326501515,
        0.49996498599439776,
        0.5841031193820297,
        0.69003478439625,
        0.5791892425472174,
        0.6945597022688134,
        0.5781226922163072,
        0.6450733319562074,
        0.7207018711809601,
        0.6616377586493322,
        0.6133840662142549,
        0.6691961466363263,
        0.6781412262452141,
        0.6970666799499387,
        0.5799655332768006,
        0.6369154778539629,
        0.5380840860934538,
        0.3213686369569271,
        0.6172473012757606,
        0.6493819152519117,
        0.5372103830578238,
        0.6896010053408734,
        0.5976732422862924,
        0.5788991589641103,
        0.5575705139297457,
        0.6080467013831304,
        0.6487062237158651,
        0.5471553874627827,
        0.7101184581152169,
        0.5441012525411503,
        0.6336992543496272,
        0.5171617669693704,
        0.563067784765898,
        0.5511466258004488,
        0.6268253185946631,
        0.5406750585904467,
        0.5162309322914502,
        0.5077336431631689,
        0.7018854852278913,
        0.6091759631347846,
        0.7547758704192004,
        0.0,
        0.4602054227717471,
        0.7859616716693604,
        0.9378973142318338,
        0.2978228243119054,
        0.5756623902575148,
        0.5100680759584378,
        0.6582523048491085,
        0.904642834096922,
        0.6959365724609627,
        0.3619108514570505,
        0.18476162902914495,
        0.39622053444005184,
        0.6415943504468253,
        0.41653209324765306,
        0.12046916578396673,
        0.0,
        0.4903324133953948,
        NaN,
        NaN,
        NaN,
        NaN,
        NaN,
        NaN,
        NaN,
        NaN,
        NaN,
        NaN,
        NaN,
        NaN,
        NaN,
        NaN,
        NaN,
        NaN,
        NaN,
        NaN,
        NaN,
        NaN
    ],
    "image_classes": [
        1,
        1,
        1,
        1,
        1,
        1,
        1,
        1,
        1,
        1,
        1,
        1,
        1,
        1,
        1,
        1,
        1,
        1,
        1,
        1,
        1,
        1,
        1,
        1,
        1,
        1,
        1,
        1,
        1,
        1,
        1,
        1,
        1,
        1,
        1,
        1,
        1,
        1,
        1,
        1,
        1,
        1,
        1,
        1,
        1,
        1,
        1,
        1,
        1,
        1,
        1,
        1,
        1,
        1,
        1,
        1,
        1,
        1,
        1,
        1,
        1,
        1,
        1,
        0,
        0,
        0,
        0,
        0,
        0,
        0,
        0,
        0,
        0,
        0,
        0,
        0,
        0,
        0,
        0,
        0,
        0,
        0,
        0
    ],
    "paths": [
        "MVTec/bottle/test/broken_large/000.png",
        "MVTec/bottle/test/broken_large/001.png",
        "MVTec/bottle/test/broken_large/002.png",
        "MVTec/bottle/test/broken_large/003.png",
        "MVTec/bottle/test/broken_large/004.png",
        "MVTec/bottle/test/broken_large/005.png",
        "MVTec/bottle/test/broken_large/006.png",
        "MVTec/bottle/test/broken_large/007.png",
        "MVTec/bottle/test/broken_large/008.png",
        "MVTec/bottle/test/broken_large/009.png",
        "MVTec/bottle/test/broken_large/010.png",
        "MVTec/bottle/test/broken_large/011.png",
        "MVTec/bottle/test/broken_large/012.png",
        "MVTec/bottle/test/broken_large/013.png",
        "MVTec/bottle/test/broken_large/014.png",
        "MVTec/bottle/test/broken_large/015.png",
        "MVTec/bottle/test/broken_large/016.png",
        "MVTec/bottle/test/broken_large/017.png",
        "MVTec/bottle/test/broken_large/018.png",
        "MVTec/bottle/test/broken_large/019.png",
        "MVTec/bottle/test/broken_small/000.png",
        "MVTec/bottle/test/broken_small/001.png",
        "MVTec/bottle/test/broken_small/002.png",
        "MVTec/bottle/test/broken_small/003.png",
        "MVTec/bottle/test/broken_small/004.png",
        "MVTec/bottle/test/broken_small/005.png",
        "MVTec/bottle/test/broken_small/006.png",
        "MVTec/bottle/test/broken_small/007.png",
        "MVTec/bottle/test/broken_small/008.png",
        "MVTec/bottle/test/broken_small/009.png",
        "MVTec/bottle/test/broken_small/010.png",
        "MVTec/bottle/test/broken_small/011.png",
        "MVTec/bottle/test/broken_small/012.png",
        "MVTec/bottle/test/broken_small/013.png",
        "MVTec/bottle/test/broken_small/014.png",
        "MVTec/bottle/test/broken_small/015.png",
        "MVTec/bottle/test/broken_small/016.png",
        "MVTec/bottle/test/broken_small/017.png",
        "MVTec/bottle/test/broken_small/018.png",
        "MVTec/bottle/test/broken_small/019.png",
        "MVTec/bottle/test/broken_small/020.png",
        "MVTec/bottle/test/broken_small/021.png",
        "MVTec/bottle/test/contamination/000.png",
        "MVTec/bottle/test/contamination/001.png",
        "MVTec/bottle/test/contamination/002.png",
        "MVTec/bottle/test/contamination/003.png",
        "MVTec/bottle/test/contamination/004.png",
        "MVTec/bottle/test/contamination/005.png",
        "MVTec/bottle/test/contamination/006.png",
        "MVTec/bottle/test/contamination/007.png",
        "MVTec/bottle/test/contamination/008.png",
        "MVTec/bottle/test/contamination/009.png",
        "MVTec/bottle/test/contamination/010.png",
        "MVTec/bottle/test/contamination/011.png",
        "MVTec/bottle/test/contamination/012.png",
        "MVTec/bottle/test/contamination/013.png",
        "MVTec/bottle/test/contamination/014.png",
        "MVTec/bottle/test/contamination/015.png",
        "MVTec/bottle/test/contamination/016.png",
        "MVTec/bottle/test/contamination/017.png",
        "MVTec/bottle/test/contamination/018.png",
        "MVTec/bottle/test/contamination/019.png",
        "MVTec/bottle/test/contamination/020.png",
        "MVTec/bottle/test/good/000.png",
        "MVTec/bottle/test/good/001.png",
        "MVTec/bottle/test/good/002.png",
        "MVTec/bottle/test/good/003.png",
        "MVTec/bottle/test/good/004.png",
        "MVTec/bottle/test/good/005.png",
        "MVTec/bottle/test/good/006.png",
        "MVTec/bottle/test/good/007.png",
        "MVTec/bottle/test/good/008.png",
        "MVTec/bottle/test/good/009.png",
        "MVTec/bottle/test/good/010.png",
        "MVTec/bottle/test/good/011.png",
        "MVTec/bottle/test/good/012.png",
        "MVTec/bottle/test/good/013.png",
        "MVTec/bottle/test/good/014.png",
        "MVTec/bottle/test/good/015.png",
        "MVTec/bottle/test/good/016.png",
        "MVTec/bottle/test/good/017.png",
        "MVTec/bottle/test/good/018.png",
        "MVTec/bottle/test/good/019.png"
    ],
    "min_thresh": 1.5528349876403809
}