{
    "shared_fpr_metric": "mean-per-image-fpr",
    "fpr_lower_bound": 1e-05,
    "fpr_upper_bound": 0.0001,
    "num_threshs": null,
    "thresh_lower_bound": 0.2762775421142578,
    "thresh_upper_bound": 0.2981334328651428,
    "aupimos": [
        0.9998700067071401,
        0.9621106230157564,
        0.9999775837700293,
        0.7742900179155423,
        1.0,
        0.7434626053523068,
        0.831630248537778,
        0.0732054110485538,
        0.9760691900972348,
        0.866213787521217,
        0.0,
        0.26706558218860205,
        0.4465403778403809,
        0.14172612360610473,
        0.08116867974397272,
        0.0,
        0.6448086177375147,
        0.0,
        0.4838820290768097,
        0.1137198167912019,
        0.014214729270940026,
        0.7900893114936578,
        0.2672407474253942,
        0.5440832566637198,
        0.6757834714072061,
        0.5936886018104799,
        0.0,
        0.9648937843818474,
        0.0,
        0.9999785649828,
        0.8600467567780447,
        1.0,
        0.9702455313448963,
        0.9742807462829836,
        0.3356361893259986,
        0.43145627774135775,
        0.7467888344143635,
        0.5445378023750832,
        0.016430835077233773,
        0.9049386804158173,
        0.0652436954897551,
        0.4304433467481655,
        0.3542023460452033,
        0.12282261886578444,
        0.18484119543168764,
        0.0846832447208427,
        0.18337156799711363,
        0.2687951923377014,
        0.0130208045566968,
        0.09824292992667076,
        0.24560621191310894,
        0.03677953947193582,
        0.18823924577992435,
        0.04146986262379512,
        0.02213818602900182,
        0.0706255338963087,
        0.14102173868154844,
        0.04842024682297639,
        0.1166535648520011,
        0.05029877107403076,
        0.0015037519777972718,
        0.27288465323676925,
        0.38977220882289315,
        0.773281797880489,
        0.6887515989672879,
        0.4574608440215667,
        0.008390740665033366,
        0.2276946926198301,
        0.9293339908373193,
        0.2943727541981281,
        0.6925491324137709,
        0.07678131591632668,
        0.6224900914587457,
        0.5338330683478617,
        0.2951261834066793,
        0.14294351103762096,
        0.5701918785310649,
        0.00022245434919177773,
        0.41286289676885646,
        0.35781150128767397,
        0.1992017431565071,
        0.008293525227475241,
        0.5986042237259777,
        0.8586977988823662,
        0.5437617675057432,
        0.5578672077787128,
        0.9141619107734376,
        0.05073093881505542,
        0.010454997657596492,
        0.7910873380861888,
        0.0,
        0.0,
        0.0,
        0.018699857402043753,
        0.0,
        0.00013388722620851163,
        0.10271707389683182,
        0.023380176282995407,
        0.0006534159812891107,
        0.0,
        NaN,
        NaN,
        NaN,
        NaN,
        NaN,
        NaN,
        NaN,
        NaN,
        NaN,
        NaN,
        NaN,
        NaN,
        NaN,
        NaN,
        NaN,
        NaN,
        NaN,
        NaN,
        NaN,
        NaN,
        NaN,
        NaN,
        NaN,
        NaN,
        NaN,
        NaN,
        NaN,
        NaN,
        NaN,
        NaN,
        NaN,
        NaN,
        NaN,
        NaN,
        NaN,
        NaN,
        NaN,
        NaN,
        NaN,
        NaN,
        NaN,
        NaN,
        NaN,
        NaN,
        NaN,
        NaN,
        NaN,
        NaN,
        NaN,
        NaN
    ],
    "paths": [
        "VisA/visa_pytorch/fryum/test/bad/000.JPG",
        "VisA/visa_pytorch/fryum/test/bad/001.JPG",
        "VisA/visa_pytorch/fryum/test/bad/002.JPG",
        "VisA/visa_pytorch/fryum/test/bad/003.JPG",
        "VisA/visa_pytorch/fryum/test/bad/004.JPG",
        "VisA/visa_pytorch/fryum/test/bad/005.JPG",
        "VisA/visa_pytorch/fryum/test/bad/006.JPG",
        "VisA/visa_pytorch/fryum/test/bad/007.JPG",
        "VisA/visa_pytorch/fryum/test/bad/008.JPG",
        "VisA/visa_pytorch/fryum/test/bad/009.JPG",
        "VisA/visa_pytorch/fryum/test/bad/010.JPG",
        "VisA/visa_pytorch/fryum/test/bad/011.JPG",
        "VisA/visa_pytorch/fryum/test/bad/012.JPG",
        "VisA/visa_pytorch/fryum/test/bad/013.JPG",
        "VisA/visa_pytorch/fryum/test/bad/014.JPG",
        "VisA/visa_pytorch/fryum/test/bad/015.JPG",
        "VisA/visa_pytorch/fryum/test/bad/016.JPG",
        "VisA/visa_pytorch/fryum/test/bad/017.JPG",
        "VisA/visa_pytorch/fryum/test/bad/018.JPG",
        "VisA/visa_pytorch/fryum/test/bad/019.JPG",
        "VisA/visa_pytorch/fryum/test/bad/020.JPG",
        "VisA/visa_pytorch/fryum/test/bad/021.JPG",
        "VisA/visa_pytorch/fryum/test/bad/022.JPG",
        "VisA/visa_pytorch/fryum/test/bad/023.JPG",
        "VisA/visa_pytorch/fryum/test/bad/024.JPG",
        "VisA/visa_pytorch/fryum/test/bad/025.JPG",
        "VisA/visa_pytorch/fryum/test/bad/026.JPG",
        "VisA/visa_pytorch/fryum/test/bad/027.JPG",
        "VisA/visa_pytorch/fryum/test/bad/028.JPG",
        "VisA/visa_pytorch/fryum/test/bad/029.JPG",
        "VisA/visa_pytorch/fryum/test/bad/030.JPG",
        "VisA/visa_pytorch/fryum/test/bad/031.JPG",
        "VisA/visa_pytorch/fryum/test/bad/032.JPG",
        "VisA/visa_pytorch/fryum/test/bad/033.JPG",
        "VisA/visa_pytorch/fryum/test/bad/034.JPG",
        "VisA/visa_pytorch/fryum/test/bad/035.JPG",
        "VisA/visa_pytorch/fryum/test/bad/036.JPG",
        "VisA/visa_pytorch/fryum/test/bad/037.JPG",
        "VisA/visa_pytorch/fryum/test/bad/038.JPG",
        "VisA/visa_pytorch/fryum/test/bad/039.JPG",
        "VisA/visa_pytorch/fryum/test/bad/040.JPG",
        "VisA/visa_pytorch/fryum/test/bad/041.JPG",
        "VisA/visa_pytorch/fryum/test/bad/042.JPG",
        "VisA/visa_pytorch/fryum/test/bad/043.JPG",
        "VisA/visa_pytorch/fryum/test/bad/044.JPG",
        "VisA/visa_pytorch/fryum/test/bad/045.JPG",
        "VisA/visa_pytorch/fryum/test/bad/046.JPG",
        "VisA/visa_pytorch/fryum/test/bad/047.JPG",
        "VisA/visa_pytorch/fryum/test/bad/048.JPG",
        "VisA/visa_pytorch/fryum/test/bad/049.JPG",
        "VisA/visa_pytorch/fryum/test/bad/050.JPG",
        "VisA/visa_pytorch/fryum/test/bad/051.JPG",
        "VisA/visa_pytorch/fryum/test/bad/052.JPG",
        "VisA/visa_pytorch/fryum/test/bad/053.JPG",
        "VisA/visa_pytorch/fryum/test/bad/054.JPG",
        "VisA/visa_pytorch/fryum/test/bad/055.JPG",
        "VisA/visa_pytorch/fryum/test/bad/056.JPG",
        "VisA/visa_pytorch/fryum/test/bad/057.JPG",
        "VisA/visa_pytorch/fryum/test/bad/058.JPG",
        "VisA/visa_pytorch/fryum/test/bad/059.JPG",
        "VisA/visa_pytorch/fryum/test/bad/060.JPG",
        "VisA/visa_pytorch/fryum/test/bad/061.JPG",
        "VisA/visa_pytorch/fryum/test/bad/062.JPG",
        "VisA/visa_pytorch/fryum/test/bad/063.JPG",
        "VisA/visa_pytorch/fryum/test/bad/064.JPG",
        "VisA/visa_pytorch/fryum/test/bad/065.JPG",
        "VisA/visa_pytorch/fryum/test/bad/066.JPG",
        "VisA/visa_pytorch/fryum/test/bad/067.JPG",
        "VisA/visa_pytorch/fryum/test/bad/068.JPG",
        "VisA/visa_pytorch/fryum/test/bad/069.JPG",
        "VisA/visa_pytorch/fryum/test/bad/070.JPG",
        "VisA/visa_pytorch/fryum/test/bad/071.JPG",
        "VisA/visa_pytorch/fryum/test/bad/072.JPG",
        "VisA/visa_pytorch/fryum/test/bad/073.JPG",
        "VisA/visa_pytorch/fryum/test/bad/074.JPG",
        "VisA/visa_pytorch/fryum/test/bad/075.JPG",
        "VisA/visa_pytorch/fryum/test/bad/076.JPG",
        "VisA/visa_pytorch/fryum/test/bad/077.JPG",
        "VisA/visa_pytorch/fryum/test/bad/078.JPG",
        "VisA/visa_pytorch/fryum/test/bad/079.JPG",
        "VisA/visa_pytorch/fryum/test/bad/080.JPG",
        "VisA/visa_pytorch/fryum/test/bad/081.JPG",
        "VisA/visa_pytorch/fryum/test/bad/082.JPG",
        "VisA/visa_pytorch/fryum/test/bad/083.JPG",
