{
    "shared_fpr_metric": "mean-per-image-fpr",
    "fpr_lower_bound": 1e-05,
    "fpr_upper_bound": 0.0001,
    "num_threshs": null,
    "thresh_lower_bound": 0.052435025572776794,
    "thresh_upper_bound": 0.05671720206737518,
    "aupimos": [
        0.0,
        0.0,
        0.0,
        0.0,
        0.0,
        0.0,
        0.0,
        0.0,
        0.0,
        0.0,
        0.0,
        0.0,
        0.0,
        0.0,
        0.0,
        0.0,
        0.0,
        0.0,
        0.0,
        0.0,
        0.0,
        0.0,
        0.0,
        0.0,
        0.0,
        0.0,
        0.0,
        0.0,
        0.0,
        0.0,
        0.0076029483047374375,
        0.0,
        0.0,
        0.0,
        0.0,
        0.0,
        0.0,
        0.0,
        0.0,
        0.0,
        0.0,
        0.0,
        0.0,
        0.0,
        0.0,
        0.5604083943235749,
        0.6840667369534714,
        0.025491065207002978,
        0.14573130540828821,
        0.0030461397944143687,
        0.0,
        0.011639206463175731,
        0.27076227888344667,
        2.0595712950080162e-06,
        0.474425682553576,
        0.0472614759035666,
        0.050417922405927684,
        0.11508326537584582,
        0.019967292643079865,
        0.15076194171882906,
        0.014469181699592243,
        0.11487248812986833,
        0.3635011938399653,
        0.07620544764308967,
        0.017028569663033066,
        0.10291126116286275,
        0.0,
        0.003633445865178078,
        0.006225899246524652,
        0.02324356811779659,
        0.0,
        0.0007003416454857528,
        1.2922376644856118e-05,
        0.11194473552503231,
        0.0,
        0.02823924660911893,
        0.035232094455092275,
        0.0009561418814263027,
        0.022386823508050702,
        0.0,
        0.026314280230247428,
        0.0,
        0.007566450102995699,
        0.019635460782283287,
        0.09322279434370331,
        0.0,
        0.0,
        0.0,
        0.0,
        0.0,
        0.0,
        0.0,
        0.0,
        0.0,
        0.0,
        0.0,
        0.0,
        0.0,
        0.0,
        0.0,
        NaN,
        NaN,
        NaN,
        NaN,
        NaN,
        NaN,
        NaN,
        NaN,
        NaN,
        NaN,
        NaN,
        NaN,
        NaN,
        NaN,
        NaN,
        NaN,
        NaN,
        NaN,
        NaN,
        NaN,
        NaN,
        NaN,
        NaN,
        NaN,
        NaN,
        NaN,
        NaN,
        NaN,
        NaN,
        NaN,
        NaN,
        NaN,
        NaN,
        NaN,
        NaN,
        NaN,
        NaN,
        NaN,
        NaN,
        NaN,
        NaN,
        NaN,
        NaN,
        NaN,
        NaN,
        NaN,
        NaN,
        NaN,
        NaN,
        NaN,
        NaN,
        NaN,
        NaN,
        NaN,
        NaN,
        NaN,
        NaN,
        NaN,
        NaN,
        NaN
    ],
    "paths": [
        "VisA/visa_pytorch/capsules/test/bad/000.JPG",
        "VisA/visa_pytorch/capsules/test/bad/001.JPG",
        "VisA/visa_pytorch/capsules/test/bad/002.JPG",
        "VisA/visa_pytorch/capsules/test/bad/003.JPG",
        "VisA/visa_pytorch/capsules/test/bad/004.JPG",
        "VisA/visa_pytorch/capsules/test/bad/005.JPG",
        "VisA/visa_pytorch/capsules/test/bad/006.JPG",
        "VisA/visa_pytorch/capsules/test/bad/007.JPG",
        "VisA/visa_pytorch/capsules/test/bad/008.JPG",
        "VisA/visa_pytorch/capsules/test/bad/009.JPG",
        "VisA/visa_pytorch/capsules/test/bad/010.JPG",
        "VisA/visa_pytorch/capsules/test/bad/011.JPG",
        "VisA/visa_pytorch/capsules/test/bad/012.JPG",
        "VisA/visa_pytorch/capsules/test/bad/013.JPG",
        "VisA/visa_pytorch/capsules/test/bad/014.JPG",
        "VisA/visa_pytorch/capsules/test/bad/015.JPG",
        "VisA/visa_pytorch/capsules/test/bad/016.JPG",
        "VisA/visa_pytorch/capsules/test/bad/017.JPG",
        "VisA/visa_pytorch/capsules/test/bad/018.JPG",
        "VisA/visa_pytorch/capsules/test/bad/019.JPG",
        "VisA/visa_pytorch/capsules/test/bad/020.JPG",
        "VisA/visa_pytorch/capsules/test/bad/021.JPG",
        "VisA/visa_pytorch/capsules/test/bad/022.JPG",
        "VisA/visa_pytorch/capsules/test/bad/023.JPG",
        "VisA/visa_pytorch/capsules/test/bad/024.JPG",
        "VisA/visa_pytorch/capsules/test/bad/025.JPG",
        "VisA/visa_pytorch/capsules/test/bad/026.JPG",
        "VisA/visa_pytorch/capsules/test/bad/027.JPG",
        "VisA/visa_pytorch/capsules/test/bad/028.JPG",
        "VisA/visa_pytorch/capsules/test/bad/029.JPG",
        "VisA/visa_pytorch/capsules/test/bad/030.JPG",
        "VisA/visa_pytorch/capsules/test/bad/031.JPG",
        "VisA/visa_pytorch/capsules/test/bad/032.JPG",
        "VisA/visa_pytorch/capsules/test/bad/033.JPG",
        "VisA/visa_pytorch/capsules/test/bad/034.JPG",
        "VisA/visa_pytorch/capsules/test/bad/035.JPG",
        "VisA/visa_pytorch/capsules/test/bad/036.JPG",
        "VisA/visa_pytorch/capsules/test/bad/037.JPG",
        "VisA/visa_pytorch/capsules/test/bad/038.JPG",
        "VisA/visa_pytorch/capsules/test/bad/039.JPG",
        "VisA/visa_pytorch/capsules/test/bad/040.JPG",
        "VisA/visa_pytorch/capsules/test/bad/041.JPG",
        "VisA/visa_pytorch/capsules/test/bad/042.JPG",
        "VisA/visa_pytorch/capsules/test/bad/043.JPG",
        "VisA/visa_pytorch/capsules/test/bad/044.JPG",
        "VisA/visa_pytorch/capsules/test/bad/045.JPG",
        "VisA/visa_pytorch/capsules/test/bad/046.JPG",
        "VisA/visa_pytorch/capsules/test/bad/047.JPG",
        "VisA/visa_pytorch/capsules/test/bad/048.JPG",
        "VisA/visa_pytorch/capsules/test/bad/049.JPG",
        "VisA/visa_pytorch/capsules/test/bad/050.JPG",
        "VisA/visa_pytorch/capsules/test/bad/051.JPG",
        "VisA/visa_pytorch/capsules/test/bad/052.JPG",
        "VisA/visa_pytorch/capsules/test/bad/053.JPG",
        "VisA/visa_pytorch/capsules/test/bad/054.JPG",
        "VisA/visa_pytorch/capsules/test/bad/055.JPG",
        "VisA/visa_pytorch/capsules/test/bad/056.JPG",
        "VisA/visa_pytorch/capsules/test/bad/057.JPG",
        "VisA/visa_pytorch/capsules/test/bad/058.JPG",
        "VisA/visa_pytorch/capsules/test/bad/059.JPG",
        "VisA/visa_pytorch/capsules/test/bad/060.JPG",
        "VisA/visa_pytorch/capsules/test/bad/061.JPG",
        "VisA/visa_pytorch/capsules/test/bad/062.JPG",
        "VisA/visa_pytorch/capsules/test/bad/063.JPG",
        "VisA/visa_pytorch/capsules/test/bad/064.JPG",
        "VisA/visa_pytorch/capsules/test/bad/065.JPG",
        "VisA/visa_pytorch/capsules/test/bad/066.JPG",
        "VisA/visa_pytorch/capsules/test/bad/067.JPG",
        "VisA/visa_pytorch/capsules/test/bad/068.JPG",
        "VisA/visa_pytorch/capsules/test/bad/069.JPG",
        "VisA/visa_pytorch/capsules/test/bad/070.JPG",
        "VisA/visa_pytorch/capsules/test/bad/071.JPG",
        "VisA/visa_pytorch/capsules/test/bad/072.JPG",
        "VisA/visa_pytorch/capsules/test/bad/073.JPG",
        "VisA/visa_pytorch/capsules/test/bad/074.JPG",
        "VisA/visa_pytorch/capsules/test/bad/075.JPG",
        "VisA/visa_pytorch/capsules/test/bad/076.JPG",
        "VisA/visa_pytorch/capsules/test/bad/077.JPG",
        "VisA/visa_pytorch/capsules/test/bad/078.JPG",
        "VisA/visa_pytorch/capsules/test/bad/079.JPG",
        "VisA/visa_pytorch/capsules/test/bad/080.JPG",
        "VisA/visa_pytorch/capsules/test/bad/081.JPG",
        "VisA/visa_pytorch/capsules/test/bad/082.JPG",
        "VisA/visa_pytorch/capsules/test/bad/083.JPG",
        "VisA/visa_pytorch/capsules/test/bad/084.JPG",
        "VisA/visa_pytorch/capsules/test/bad/085.JPG",
        "VisA/visa_pytorch/capsules/test/bad/086.JPG",
        "VisA/visa_pytorch/capsules/test/bad/087.JPG",
        "VisA/visa_pytorch/capsules/test/bad/088.JPG",
        "VisA/visa_pytorch/capsules/test/bad/089.JPG",
        "VisA/visa_pytorch/capsules/test/bad/090.JPG",
        "VisA/visa_pytorch/capsules/test/bad/091.JPG",
