{
    "shared_fpr_metric": "mean-per-image-fpr",
    "fpr_lower_bound": 1e-05,
    "fpr_upper_bound": 0.0001,
    "num_threshs": null,
    "thresh_lower_bound": 0.7150613069534302,
    "thresh_upper_bound": 0.8049079775810242,
    "aupimos": [
        0.9834564639971312,
        0.9711007584134188,
        0.764550220625113,
        0.7542382484809004,
        0.9942443391361155,
        0.709479795493306,
        0.8111807253389358,
        0.8510931198717736,
        0.9964035470061035,
        0.8579409275672082,
        0.6136280155871946,
        0.9715393212426754,
        0.5712355751549826,
        0.7849486803256536,
        0.9778416305695574,
        0.9297843876357405,
        0.723758186430046,
        0.5955522339115537,
        1.0,
        0.6348053972972227,
        0.9702578538650686,
        0.9974365360688324,
        0.983856374843559,
        1.0,
        0.9034936652580327,
        1.0,
        0.6317347919792488,
        0.8471153494208001,
        1.0,
        0.9714695712229171,
        0.9954148503877122,
        0.8796803341262044,
        0.9979198381700706,
        1.0,
        0.9877151118181912,
        NaN,
        NaN,
        NaN,
        NaN,
        NaN,
        NaN,
        NaN,
        NaN,
        NaN,
        NaN,
        NaN,
        NaN,
        NaN,
        NaN,
        NaN,
        NaN,
        NaN,
        NaN,
        NaN,
        NaN,
        NaN,
        NaN,
        NaN,
        NaN,
        NaN,
        NaN,
        NaN,
        NaN,
        NaN,
        NaN,
        NaN,
        NaN,
        NaN,
        NaN,
        NaN,
        NaN,
        NaN,
        NaN,
        NaN,
        NaN,
        1.0,
        1.0,
        1.0,
        1.0,
        1.0,
        1.0,
        0.7951198048832938,
        1.0,
        1.0,
        1.0,
        0.9795195084342714,
        0.8591914917242218,
        0.9763569135770469,
        0.9997819117373592,
        0.8604095103257785,
        1.0,
        0.7674172949479343,
        0.9444097355552589,
        0.9998051990687422,
        0.9216656964653138,
        1.0,
        0.7311417611951642,
        1.0,
        0.7296657314941926,
        1.0,
        0.9958791267333641,
        1.0,
        0.8588960508853538,
        1.0,
        0.9732732653918786,
        0.9416343399324745,
        0.807812204913478,
        0.9258886533392312,
        0.5081884885378131,
        0.9965411117703178
    ],
    "paths": [
        "MVTec/hazelnut/test/crack/000.png",
        "MVTec/hazelnut/test/crack/001.png",
        "MVTec/hazelnut/test/crack/002.png",
        "MVTec/hazelnut/test/crack/003.png",
        "MVTec/hazelnut/test/crack/004.png",
        "MVTec/hazelnut/test/crack/005.png",
        "MVTec/hazelnut/test/crack/006.png",
        "MVTec/hazelnut/test/crack/007.png",
        "MVTec/hazelnut/test/crack/008.png",
        "MVTec/hazelnut/test/crack/009.png",
        "MVTec/hazelnut/test/crack/010.png",
        "MVTec/hazelnut/test/crack/011.png",
        "MVTec/hazelnut/test/crack/012.png",
        "MVTec/hazelnut/test/crack/013.png",
        "MVTec/hazelnut/test/crack/014.png",
        "MVTec/hazelnut/test/crack/015.png",
        "MVTec/hazelnut/test/crack/016.png",
        "MVTec/hazelnut/test/crack/017.png",
        "MVTec/hazelnut/test/cut/000.png",
        "MVTec/hazelnut/test/cut/001.png",
        "MVTec/hazelnut/test/cut/002.png",
        "MVTec/hazelnut/test/cut/003.png",
        "MVTec/hazelnut/test/cut/004.png",
        "MVTec/hazelnut/test/cut/005.png",
        "MVTec/hazelnut/test/cut/006.png",
        "MVTec/hazelnut/test/cut/007.png",
        "MVTec/hazelnut/test/cut/008.png",
        "MVTec/hazelnut/test/cut/009.png",
        "MVTec/hazelnut/test/cut/010.png",
        "MVTec/hazelnut/test/cut/011.png",
        "MVTec/hazelnut/test/cut/012.png",
        "MVTec/hazelnut/test/cut/013.png",
        "MVTec/hazelnut/test/cut/014.png",
        "MVTec/hazelnut/test/cut/015.png",
        "MVTec/hazelnut/test/cut/016.png",
        "MVTec/hazelnut/test/good/000.png",
        "MVTec/hazelnut/test/good/001.png",
        "MVTec/hazelnut/test/good/002.png",
        "MVTec/hazelnut/test/good/003.png",
        "MVTec/hazelnut/test/good/004.png",
        "MVTec/hazelnut/test/good/005.png",
        "MVTec/hazelnut/test/good/006.png",
        "MVTec/hazelnut/test/good/007.png",
        "MVTec/hazelnut/test/good/008.png",
        "MVTec/hazelnut/test/good/009.png",
        "MVTec/hazelnut/test/good/010.png",
        "MVTec/hazelnut/test/good/011.png",
        "MVTec/hazelnut/test/good/012.png",
        "MVTec/hazelnut/test/good/013.png",
        "MVTec/hazelnut/test/good/014.png",
        "MVTec/hazelnut/test/good/015.png",
        "MVTec/hazelnut/test/good/016.png",
        "MVTec/hazelnut/test/good/017.png",
        "MVTec/hazelnut/test/good/018.png",
        "MVTec/hazelnut/test/good/019.png",
        "MVTec/hazelnut/test/good/020.png",
        "MVTec/hazelnut/test/good/021.png",
        "MVTec/hazelnut/test/good/022.png",
        "MVTec/hazelnut/test/good/023.png",
        "MVTec/hazelnut/test/good/024.png",
        "MVTec/hazelnut/test/good/025.png",
        "MVTec/hazelnut/test/good/026.png",
        "MVTec/hazelnut/test/good/027.png",
        "MVTec/hazelnut/test/good/028.png",
        "MVTec/hazelnut/test/good/029.png",
        "MVTec/hazelnut/test/good/030.png",
        "MVTec/hazelnut/test/good/031.png",
        "MVTec/hazelnut/test/good/032.png",
        "MVTec/hazelnut/test/good/033.png",
        "MVTec/hazelnut/test/good/034.png",
        "MVTec/hazelnut/test/good/035.png",
        "MVTec/hazelnut/test/good/036.png",
        "MVTec/hazelnut/test/good/037.png",
        "MVTec/hazelnut/test/good/038.png",
        "MVTec/hazelnut/test/good/039.png",
        "MVTec/hazelnut/test/hole/000.png",
        "MVTec/hazelnut/test/hole/001.png",
        "MVTec/hazelnut/test/hole/002.png",
        "MVTec/hazelnut/test/hole/003.png",
        "MVTec/hazelnut/test/hole/004.png",
        "MVTec/hazelnut/test/hole/005.png",
        "MVTec/hazelnut/test/hole/006.png",
        "MVTec/hazelnut/test/hole/007.png",
        "MVTec/hazelnut/test/hole/008.png",
        "MVTec/hazelnut/test/hole/009.png",
        "MVTec/hazelnut/test/hole/010.png",
        "MVTec/hazelnut/test/hole/011.png",
        "MVTec/hazelnut/test/hole/012.png",
        "MVTec/hazelnut/test/hole/013.png",
        "MVTec/hazelnut/test/hole/014.png",
        "MVTec/hazelnut/test/hole/015.png",
        "MVTec/hazelnut/test/hole/016.png",
        "MVTec/hazelnut/test/hole/017.png",
        "MVTec/hazelnut/test/print/000.png",
        "MVTec/hazelnut/test/print/001.png",
        "MVTec/hazelnut/test/print/002.png",
        "MVTec/hazelnut/test/print/003.png",
        "MVTec/hazelnut/test/print/004.png",
        "MVTec/hazelnut/test/print/005.png",
        "MVTec/hazelnut/test/print/006.png",
        "MVTec/hazelnut/test/print/007.png",
        "MVTec/hazelnut/test/print/008.png",
        "MVTec/hazelnut/test/print/009.png",
        "MVTec/hazelnut/test/print/010.png",
        "MVTec/hazelnut/test/print/011.png",
        "MVTec/hazelnut/test/print/012.png",
        "MVTec/hazelnut/test/print/013.png",
        "MVTec/hazelnut/test/print/014.png",
        "MVTec/hazelnut/test/print/015.png",
        "MVTec/hazelnut/test/print/016.png"
    ]
}