{
    "shared_fpr_metric": "mean-per-image-fpr",
    "fpr_lower_bound": 1e-05,
    "fpr_upper_bound": 0.0001,
    "num_threshs": 2036,
    "thresh_lower_bound": 0.7048410773277283,
    "thresh_upper_bound": 0.735646665096283,
    "aupimos": [
        0.7921149685885366,
        0.677384358769162,
        0.7348434568877351,
        0.581814241284334,
        0.72053304149111,
        0.8668873470766546,
        0.9995944692064003,
        0.9995944692064003,
        0.0,
        0.93581129841453,
        0.5438505939124486,
        0.9995575841973088,
        0.9995944692064003,
        0.9995944692064003,
        0.9995944692064003,
        0.9995944692064003,
        0.9995944692064003,
        0.9995944692064003,
        0.9995944692064003,
        0.9942369812191164,
        0.9995944692064003,
        0.5918227825742084,
        0.9995944692064003,
        0.9995944692064003,
        0.907607842707235,
        0.9995944692064003,
        0.9995944692064003,
        0.9995944692064003,
        0.9995944692064003,
        0.9995944692064003,
        0.9995944692064003,
        0.9995944692064003,
        0.9995944692064003,
        0.9995944692064003,
        0.9995944692064003,
        0.9995944692064003,
        0.9791695629895293,
        0.9956774639548015,
        0.9995944692064003,
        0.9995944692064003,
        0.9995944692064003,
        0.9995944692064003,
        0.9830974944701089,
        0.9995944692064003,
        0.7375227265237735,
        0.2773068951034285,
        0.2526558936435767,
        0.7093895356520697,
        0.0,
        0.9995868989592943,
        0.2694962059970346,
        0.0,
        0.46377322707211827,
        0.0,
        0.0,
        0.0,
        0.0,
        0.0,
        0.0,
        0.9995944692064003,
        0.8075925744741426,
        0.8706135178893418,
        0.7176575676353644,
        0.9995944692064003,
        0.700422012294189,
        0.9995944692064003,
        0.35053645379653264,
        0.0,
        0.9995944692064003,
        0.05556330627516024,
        0.9995944692064003,
        0.9350211830819557,
        0.9995944692064003,
        0.7548804705210159,
        0.674083909534397,
        0.0,
        0.8516808672597415,
        0.590496108799924,
        0.8757033546029616,
        0.8364829529901349,
        0.1677822348207047,
        0.3436274428191531,
        0.0,
        0.02352166542274175,
        0.44720910093926175,
        0.0,
        0.9156435387609143,
        0.0,
        0.0,
        0.0,
        0.0,
        0.49843516119255893,
        0.02512625577519847,
        0.0,
        0.9995944692064003,
        0.9995594570085863,
        0.9995944692064003,
        0.9995944692064003,
        0.9990673868511473,
        0.9995944692064003,
        NaN,
        NaN,
        NaN,
        NaN,
        NaN,
        NaN,
        NaN,
        NaN,
        NaN,
        NaN,
        NaN,
        NaN,
        NaN,
        NaN,
        NaN,
        NaN,
        NaN,
        NaN,
        NaN,
        NaN,
        NaN,
        NaN,
        NaN,
        NaN,
        NaN,
        NaN,
        NaN,
        NaN,
        NaN,
        NaN,
        NaN,
        NaN,
        NaN,
        NaN,
        NaN,
        NaN,
        NaN,
        NaN,
        NaN,
        NaN,
        NaN,
        NaN,
        NaN,
        NaN,
        NaN,
        NaN,
        NaN,
        NaN,
        NaN,
        NaN
    ],
    "paths": [
        "VisA/visa_pytorch/cashew/test/bad/000.JPG",
        "VisA/visa_pytorch/cashew/test/bad/001.JPG",
        "VisA/visa_pytorch/cashew/test/bad/002.JPG",
        "VisA/visa_pytorch/cashew/test/bad/003.JPG",
        "VisA/visa_pytorch/cashew/test/bad/004.JPG",
        "VisA/visa_pytorch/cashew/test/bad/005.JPG",
        "VisA/visa_pytorch/cashew/test/bad/006.JPG",
        "VisA/visa_pytorch/cashew/test/bad/007.JPG",
        "VisA/visa_pytorch/cashew/test/bad/008.JPG",
        "VisA/visa_pytorch/cashew/test/bad/009.JPG",
        "VisA/visa_pytorch/cashew/test/bad/010.JPG",
        "VisA/visa_pytorch/cashew/test/bad/011.JPG",
        "VisA/visa_pytorch/cashew/test/bad/012.JPG",
        "VisA/visa_pytorch/cashew/test/bad/013.JPG",
        "VisA/visa_pytorch/cashew/test/bad/014.JPG",
        "VisA/visa_pytorch/cashew/test/bad/015.JPG",
        "VisA/visa_pytorch/cashew/test/bad/016.JPG",
        "VisA/visa_pytorch/cashew/test/bad/017.JPG",
        "VisA/visa_pytorch/cashew/test/bad/018.JPG",
        "VisA/visa_pytorch/cashew/test/bad/019.JPG",
        "VisA/visa_pytorch/cashew/test/bad/020.JPG",
        "VisA/visa_pytorch/cashew/test/bad/021.JPG",
        "VisA/visa_pytorch/cashew/test/bad/022.JPG",
        "VisA/visa_pytorch/cashew/test/bad/023.JPG",
        "VisA/visa_pytorch/cashew/test/bad/024.JPG",
        "VisA/visa_pytorch/cashew/test/bad/025.JPG",
        "VisA/visa_pytorch/cashew/test/bad/026.JPG",
        "VisA/visa_pytorch/cashew/test/bad/027.JPG",
        "VisA/visa_pytorch/cashew/test/bad/028.JPG",
        "VisA/visa_pytorch/cashew/test/bad/029.JPG",
        "VisA/visa_pytorch/cashew/test/bad/030.JPG",
        "VisA/visa_pytorch/cashew/test/bad/031.JPG",
        "VisA/visa_pytorch/cashew/test/bad/032.JPG",
        "VisA/visa_pytorch/cashew/test/bad/033.JPG",
        "VisA/visa_pytorch/cashew/test/bad/034.JPG",
        "VisA/visa_pytorch/cashew/test/bad/035.JPG",
        "VisA/visa_pytorch/cashew/test/bad/036.JPG",
        "VisA/visa_pytorch/cashew/test/bad/037.JPG",
        "VisA/visa_pytorch/cashew/test/bad/038.JPG",
        "VisA/visa_pytorch/cashew/test/bad/039.JPG",
        "VisA/visa_pytorch/cashew/test/bad/040.JPG",
        "VisA/visa_pytorch/cashew/test/bad/041.JPG",
        "VisA/visa_pytorch/cashew/test/bad/042.JPG",
        "VisA/visa_pytorch/cashew/test/bad/043.JPG",
        "VisA/visa_pytorch/cashew/test/bad/044.JPG",
        "VisA/visa_pytorch/cashew/test/bad/045.JPG",
        "VisA/visa_pytorch/cashew/test/bad/046.JPG",
        "VisA/visa_pytorch/cashew/test/bad/047.JPG",
        "VisA/visa_pytorch/cashew/test/bad/048.JPG",
        "VisA/visa_pytorch/cashew/test/bad/049.JPG",
        "VisA/visa_pytorch/cashew/test/bad/050.JPG",
        "VisA/visa_pytorch/cashew/test/bad/051.JPG",
        "VisA/visa_pytorch/cashew/test/bad/052.JPG",
        "VisA/visa_pytorch/cashew/test/bad/053.JPG",
        "VisA/visa_pytorch/cashew/test/bad/054.JPG",
        "VisA/visa_pytorch/cashew/test/bad/055.JPG",
        "VisA/visa_pytorch/cashew/test/bad/056.JPG",
        "VisA/visa_pytorch/cashew/test/bad/057.JPG",
        "VisA/visa_pytorch/cashew/test/bad/058.JPG",
        "VisA/visa_pytorch/cashew/test/bad/059.JPG",
        "VisA/visa_pytorch/cashew/test/bad/060.JPG",
        "VisA/visa_pytorch/cashew/test/bad/061.JPG",
        "VisA/visa_pytorch/cashew/test/bad/062.JPG",
        "VisA/visa_pytorch/cashew/test/bad/063.JPG",
        "VisA/visa_pytorch/cashew/test/bad/064.JPG",
        "VisA/visa_pytorch/cashew/test/bad/065.JPG",
        "VisA/visa_pytorch/cashew/test/bad/066.JPG",
        "VisA/visa_pytorch/cashew/test/bad/067.JPG",
        "VisA/visa_pytorch/cashew/test/bad/068.JPG",
        "VisA/visa_pytorch/cashew/test/bad/069.JPG",
        "VisA/visa_pytorch/cashew/test/bad/070.JPG",
        "VisA/visa_pytorch/cashew/test/bad/071.JPG",
        "VisA/visa_pytorch/cashew/test/bad/072.JPG",
        "VisA/visa_pytorch/cashew/test/bad/073.JPG",
        "VisA/visa_pytorch/cashew/test/bad/074.JPG",
        "VisA/visa_pytorch/cashew/test/bad/075.JPG",
        "VisA/visa_pytorch/cashew/test/bad/076.JPG",
        "VisA/visa_pytorch/cashew/test/bad/077.JPG",
        "VisA/visa_pytorch/cashew/test/bad/078.JPG",
        "VisA/visa_pytorch/cashew/test/bad/079.JPG",
        "VisA/visa_pytorch/cashew/test/bad/080.JPG",
        "VisA/visa_pytorch/cashew/test/bad/081.JPG",
        "VisA/visa_pytorch/cashew/test/bad/082.JPG",
        "VisA/visa_pytorch/cashew/test/bad/083.JPG",
        "VisA/visa_pytorch/cashew/test/bad/084.JPG",
        "VisA/visa_pytorch/cashew/test/bad/085.JPG",
