{
    "avg_iou": 0.2522427941505954,
    "thresh": 31.671327590942383,
    "ious_at_thresh": [
        0.14625148143900293,
        0.5577289041986847,
        0.1684958135102223,
        0.19068736141906872,
        0.20934424998122136,
        0.0,
        0.5337633541624672,
        0.3575418994413408,
        0.6148148148148148,
        0.07066661379228298,
        0.38963282168168384,
        0.2848931755733752,
        0.07626883288203846,
        0.2629558065794689,
        0.11108491360436526,
        0.18926934483688326,
        0.2176923846692685,
        0.29475660146279486,
        0.5436908685021792,
        0.1842897254400861,
        0.6015900056785917,
        0.09965779316382158,
        0.19074623701505194,
        0.24642685432055597,
        0.17813119726251117,
        0.4303536501559444,
        0.2041610242521236,
        0.35150036757334757,
        0.41093204533499117,
        0.1811063498246981,
        0.14591023012075643,
        0.1182839725217233,
        0.1788978672671877,
        0.19557737403844047,
        0.11184795991759212,
        0.2207953603976802,
        0.21535319557904853,
        0.12459574468085106,
        0.0,
        0.3091203473717135,
        0.0896186947167105,
        0.21780429721991812,
        0.14979778488541143,
        0.12143850790870214,
        0.2673253833049404,
        0.37243879184730794,
        0.0,
        0.10560465048002114,
        0.33995308835027366,
        0.33255063820798025,
        0.25576307363927425,
        0.2484859778253983,
        0.44317290961586264,
        0.4244740309157713,
        0.4638862256311921,
        0.39017067003792666,
        0.11840914965107263,
        0.343930339225237,
        0.006374665844129138,
        0.38471078040570467,
        0.3161840931555727,
        0.4157026827467389,
        0.38695444788933936,
        0.0,
        0.12644929508464428,
        0.3714057132100334,
        0.4166737270185546,
        0.44436097286130155,
        0.3221569132200675,
        0.3992246617214001,
        0.1987715283632422,
        0.4067394399620313,
        0.0,
        0.3023364227526647,
        0.09799691833590139,
        0.0726993191302438,
        0.14141850093511724,
        0.1437957224733237,
        0.11159150440243633,
        0.2685671139278111,
        0.1826375003730341,
        0.2141540729819388,
        0.1790875922731001,
        0.2243202781668035,
        0.43152653168666505,
        0.22932252267313077,
        0.36618908178205395,
        0.2137216099925564,
        0.12026930722778591,
        0.38436586168832426,
        0.28713922881551607,
        0.3321514291948505,
        0.28758279377837315,
        0.27448546902471815,
        0.4943820224719101,
        0.39272602672671203,
        0.20633292299275066,
        0.16932015607644327,
        0.16644038016132898,
        0.1303694456004069,
        NaN,
        NaN,
        NaN,
        NaN,
        NaN,
        NaN,
        NaN,
        NaN,
        NaN,
        NaN,
        NaN,
        NaN,
        NaN,
        NaN,
        NaN,
        NaN,
        NaN,
        NaN,
        NaN,
        NaN,
        NaN,
        NaN,
        NaN,
        NaN,
        NaN,
        NaN,
        NaN,
        NaN,
        NaN,
        NaN,
        NaN,
        NaN,
        NaN,
        NaN,
        NaN,
        NaN,
        NaN,
        NaN,
        NaN,
        NaN,
        NaN,
        NaN,
        NaN,
        NaN,
        NaN,
        NaN,
        NaN,
        NaN,
        NaN,
        NaN,
        NaN,
        NaN,
        NaN,
        NaN,
        NaN,
        NaN,
        NaN,
        NaN,
        NaN,
        NaN,
        NaN,
        NaN,
        NaN,
        NaN,
        NaN,
        NaN,
        NaN,
        NaN,
        NaN,
        NaN,
        NaN,
        NaN,
        NaN,
        NaN,
        NaN,
        NaN,
        NaN,
        NaN,
        NaN,
        NaN,
        NaN,
        NaN,
        NaN,
        NaN,
        NaN,
        NaN,
        NaN,
        NaN,
        NaN,
        NaN,
        NaN,
        NaN,
        NaN,
        NaN,
        NaN,
        NaN,
        NaN,
        NaN,
        NaN,
        NaN,
        NaN
    ],
    "image_classes": [
        1,
        1,
        1,
        1,
        1,
        1,
        1,
        1,
        1,
        1,
        1,
        1,
        1,
        1,
        1,
        1,
        1,
        1,
        1,
        1,
        1,
        1,
        1,
        1,
        1,
        1,
        1,
        1,
        1,
        1,
        1,
        1,
        1,
        1,
        1,
        1,
        1,
        1,
        1,
        1,
        1,
        1,
        1,
        1,
        1,
        1,
        1,
        1,
        1,
        1,
        1,
        1,
        1,
        1,
        1,
        1,
        1,
        1,
        1,
        1,
        1,
        1,
        1,
        1,
        1,
        1,
        1,
        1,
        1,
        1,
        1,
        1,
        1,
        1,
        1,
        1,
        1,
        1,
        1,
        1,
        1,
        1,
        1,
        1,
        1,
        1,
        1,
        1,
        1,
        1,
        1,
        1,
        1,
        1,
        1,
        1,
        1,
        1,
        1,
        1,
        0,
        0,
        0,
        0,
        0,
        0,
        0,
        0,
        0,
        0,
        0,
        0,
        0,
        0,
        0,
        0,
        0,
        0,
        0,
        0,
        0,
        0,
        0,
        0,
        0,
        0,
        0,
        0,
        0,
        0,
        0,
        0,
        0,
        0,
        0,
        0,
        0,
        0,
        0,
        0,
        0,
        0,
        0,
        0,
        0,
        0,
        0,
        0,
        0,
        0,
        0,
        0,
        0,
        0,
        0,
        0,
        0,
        0,
        0,
        0,
        0,
        0,
        0,
        0,
        0,
        0,
        0,
        0,
        0,
        0,
        0,
        0,
        0,
        0,
        0,
        0,
        0,
        0,
        0,
        0,
        0,
        0,
        0,
        0,
        0,
        0,
        0,
        0,
        0,
        0,
        0,
        0,
        0,
        0,
        0,
        0,
        0,
        0,
        0,
        0,
        0
    ],