{
    "shared_fpr_metric": "mean-per-image-fpr",
    "fpr_lower_bound": 1e-05,
    "fpr_upper_bound": 0.0001,
    "num_threshs": null,
    "thresh_lower_bound": 2.1936326026916504,
    "thresh_upper_bound": 2.3802876472473145,
    "aupimos": [
        0.9992545283355135,
        0.9992545283355135,
        0.7254228036239638,
        0.00480203216324458,
        0.9992545283355135,
        0.9992545283355135,
        0.9992444206918953,
        0.9992545283355135,
        0.9795781750620751,
        0.9992545283355135,
        0.9992545283355135,
        0.9992545283355135,
        0.9992545283355135,
        0.9992545283355135,
        0.0,
        0.9861330374439583,
        0.9612170051399936,
        0.9992516627409376,
        0.9992312006050855,
        0.9992545283355135,
        0.013924623480380434,
        0.0,
        0.0,
        0.08636496061791012,
        0.03550875456773269,
        0.540767427409549,
        0.7659331506857824,
        0.09648998358827356,
        0.478502743681261,
        0.7974370707968738,
        0.0,
        0.06826617461915027,
        0.051762977885387626,
        0.0,
        0.055915686073102155,
        0.0,
        0.03922920732902323,
        0.0,
        0.0,
        0.0,
        0.0,
        0.0,
        0.0,
        0.7686167539490103,
        0.9661584795649301,
        0.0,
        0.0,
        0.9435632437351571,
        0.8353986884076214,
        0.0,
        0.7143192663471116,
        0.3041878802968816,
        0.8605209595711861,
        0.9992545283355135,
        0.9992545283355135,
        0.0,
        0.0,
        0.6708720109276238,
        0.0,
        0.0,
        0.0,
        0.0,
        0.002429980532639851,
        0.09957297032369553,
        0.10916546657607612,
        0.0007697034571093138,
        0.00097629236567598,
        0.8955259901044204,
        0.0,
        0.0,
        0.8239638307840589,
        0.2730979116997647,
        0.0,
        0.010080165681837382,
        0.9041662313200538,
        0.0,
        0.0,
        0.41577066832326864,
        0.1623385280452585,
        0.0,
        0.0,
        0.8347343940332441,
        0.29019187955276204,
        0.0,
        0.019175612626266287,
        0.047415566609215275,
        0.15185618160519138,
        0.8598903650681349,
        0.5724549082389058,
        0.8089515253775509,
        0.0,
        0.0,
        0.0,
        0.0,
        0.0,
        0.9986774936815487,
        0.8896129970404815,
        0.4171717268599397,
        0.0,
        0.9992545283355135,
        NaN,
        NaN,
        NaN,
        NaN,
        NaN,
        NaN,
        NaN,
        NaN,
        NaN,
        NaN,
        NaN,
        NaN,
        NaN,
        NaN,
        NaN,
        NaN,
        NaN,
        NaN,
        NaN,
        NaN,
        NaN,
        NaN,
        NaN,
        NaN,
        NaN,
        NaN,
        NaN,
        NaN,
        NaN,
        NaN,
        NaN,
        NaN,
        NaN,
        NaN,
        NaN,
        NaN,
        NaN,
        NaN,
        NaN,
        NaN,
        NaN,
        NaN,
        NaN,
        NaN,
        NaN,
        NaN,
        NaN,
        NaN,
        NaN,
        NaN,
        NaN,
        NaN,
        NaN,
        NaN,
        NaN,
        NaN,
        NaN,
        NaN,
        NaN,
        NaN,
        NaN,
        NaN,
        NaN,
        NaN,
        NaN,
        NaN,
        NaN,
        NaN,
        NaN,
        NaN,
        NaN,
        NaN,
        NaN,
        NaN,
        NaN,
        NaN,
        NaN,
        NaN,
        NaN,
        NaN,
        NaN,
        NaN,
        NaN,
        NaN,
        NaN,
        NaN,
        NaN,
        NaN,
        NaN,
        NaN,
        NaN,
        NaN,
        NaN,
        NaN,
        NaN,
        NaN,
        NaN,
        NaN,
        NaN,
        NaN,
        NaN
    ],
    "paths": [
        "VisA/visa_pytorch/pcb3/test/bad/000.JPG",
        "VisA/visa_pytorch/pcb3/test/bad/001.JPG",
        "VisA/visa_pytorch/pcb3/test/bad/002.JPG",
        "VisA/visa_pytorch/pcb3/test/bad/003.JPG",
        "VisA/visa_pytorch/pcb3/test/bad/004.JPG",
        "VisA/visa_pytorch/pcb3/test/bad/005.JPG",
        "VisA/visa_pytorch/pcb3/test/bad/006.JPG",
        "VisA/visa_pytorch/pcb3/test/bad/007.JPG",
        "VisA/visa_pytorch/pcb3/test/bad/008.JPG",
        "VisA/visa_pytorch/pcb3/test/bad/009.JPG",
        "VisA/visa_pytorch/pcb3/test/bad/010.JPG",
        "VisA/visa_pytorch/pcb3/test/bad/011.JPG",
        "VisA/visa_pytorch/pcb3/test/bad/012.JPG",
        "VisA/visa_pytorch/pcb3/test/bad/013.JPG",
        "VisA/visa_pytorch/pcb3/test/bad/014.JPG",
        "VisA/visa_pytorch/pcb3/test/bad/015.JPG",
        "VisA/visa_pytorch/pcb3/test/bad/016.JPG",
        "VisA/visa_pytorch/pcb3/test/bad/017.JPG",
        "VisA/visa_pytorch/pcb3/test/bad/018.JPG",
        "VisA/visa_pytorch/pcb3/test/bad/019.JPG",
        "VisA/visa_pytorch/pcb3/test/bad/020.JPG",
        "VisA/visa_pytorch/pcb3/test/bad/021.JPG",
        "VisA/visa_pytorch/pcb3/test/bad/022.JPG",
        "VisA/visa_pytorch/pcb3/test/bad/023.JPG",
        "VisA/visa_pytorch/pcb3/test/bad/024.JPG",
        "VisA/visa_pytorch/pcb3/test/bad/025.JPG",
        "VisA/visa_pytorch/pcb3/test/bad/026.JPG",
        "VisA/visa_pytorch/pcb3/test/bad/027.JPG",
        "VisA/visa_pytorch/pcb3/test/bad/028.JPG",
        "VisA/visa_pytorch/pcb3/test/bad/029.JPG",
        "VisA/visa_pytorch/pcb3/test/bad/030.JPG",
        "VisA/visa_pytorch/pcb3/test/bad/031.JPG",
        "VisA/visa_pytorch/pcb3/test/bad/032.JPG",
        "VisA/visa_pytorch/pcb3/test/bad/033.JPG",
        "VisA/visa_pytorch/pcb3/test/bad/034.JPG",
        "VisA/visa_pytorch/pcb3/test/bad/035.JPG",
        "VisA/visa_pytorch/pcb3/test/bad/036.JPG",
        "VisA/visa_pytorch/pcb3/test/bad/037.JPG",
        "VisA/visa_pytorch/pcb3/test/bad/038.JPG",
        "VisA/visa_pytorch/pcb3/test/bad/039.JPG",
        "VisA/visa_pytorch/pcb3/test/bad/040.JPG",
        "VisA/visa_pytorch/pcb3/test/bad/041.JPG",
        "VisA/visa_pytorch/pcb3/test/bad/042.JPG",
        "VisA/visa_pytorch/pcb3/test/bad/043.JPG",
        "VisA/visa_pytorch/pcb3/test/bad/044.JPG",
        "VisA/visa_pytorch/pcb3/test/bad/045.JPG",
        "VisA/visa_pytorch/pcb3/test/bad/046.JPG",
        "VisA/visa_pytorch/pcb3/test/bad/047.JPG",
        "VisA/visa_pytorch/pcb3/test/bad/048.JPG",
        "VisA/visa_pytorch/pcb3/test/bad/049.JPG",
        "VisA/visa_pytorch/pcb3/test/bad/050.JPG",
        "VisA/visa_pytorch/pcb3/test/bad/051.JPG",
        "VisA/visa_pytorch/pcb3/test/bad/052.JPG",
        "VisA/visa_pytorch/pcb3/test/bad/053.JPG",
        "VisA/visa_pytorch/pcb3/test/bad/054.JPG",
        "VisA/visa_pytorch/pcb3/test/bad/055.JPG",
        "VisA/visa_pytorch/pcb3/test/bad/056.JPG",
        "VisA/visa_pytorch/pcb3/test/bad/057.JPG",
        "VisA/visa_pytorch/pcb3/test/bad/058.JPG",
        "VisA/visa_pytorch/pcb3/test/bad/059.JPG",
        "VisA/visa_pytorch/pcb3/test/bad/060.JPG",
        "VisA/visa_pytorch/pcb3/test/bad/061.JPG",
        "VisA/visa_pytorch/pcb3/test/bad/062.JPG",
        "VisA/visa_pytorch/pcb3/test/bad/063.JPG",
        "VisA/visa_pytorch/pcb3/test/bad/064.JPG",
        "VisA/visa_pytorch/pcb3/test/bad/065.JPG",
        "VisA/visa_pytorch/pcb3/test/bad/066.JPG",
        "VisA/visa_pytorch/pcb3/test/bad/067.JPG",
        "VisA/visa_pytorch/pcb3/test/bad/068.JPG",
        "VisA/visa_pytorch/pcb3/test/bad/069.JPG",
        "VisA/visa_pytorch/pcb3/test/bad/070.JPG",
        "VisA/visa_pytorch/pcb3/test/bad/071.JPG",
        "VisA/visa_pytorch/pcb3/test/bad/072.JPG",
        "VisA/visa_pytorch/pcb3/test/bad/073.JPG",
        "VisA/visa_pytorch/pcb3/test/bad/074.JPG",
        "VisA/visa_pytorch/pcb3/test/bad/075.JPG",
        "VisA/visa_pytorch/pcb3/test/bad/076.JPG",
        "VisA/visa_pytorch/pcb3/test/bad/077.JPG",
        "VisA/visa_pytorch/pcb3/test/bad/078.JPG",
        "VisA/visa_pytorch/pcb3/test/bad/079.JPG",
