{
    "shared_fpr_metric": "mean-per-image-fpr",
    "fpr_lower_bound": 1e-05,
    "fpr_upper_bound": 0.0001,
    "num_threshs": null,
    "thresh_lower_bound": -0.12915687263011932,
    "thresh_upper_bound": -0.06876372545957565,
    "aupimos": [
        0.7172236012476019,
        0.8078999167865633,
        0.34845334670580747,
        0.0848369837080406,
        0.02464836120940803,
        0.3616506049057538,
        0.9040229783009612,
        0.3277708045622892,
        0.0801550528238934,
        0.41127181499221366,
        0.8118678657724926,
        0.7512508100322998,
        0.3917558737508122,
        0.3011292554456901,
        0.45576426302047196,
        0.3850826487519848,
        0.5587759515082129,
        0.18539382207734847,
        0.8701723382430173,
        0.8689854279460277,
        0.632880628871407,
        0.5075743950797679,
        0.902973138071267,
        0.8491791901098883,
        0.5806356334736955,
        0.8718925871648234,
        0.9997313401791756,
        0.9399351082628075,
        0.3992607932744788,
        0.9145552084440147,
        0.4531832802701306,
        0.7824661544854408,
        0.6657198416816521,
        0.05837511012506029,
        0.4125380361381603,
        0.8546293100035968,
        0.9358675172406388,
        0.4592077579324054,
        0.9403793231048649,
        0.4046357801545058,
        0.3335128121449087,
        0.4999066175013188,
        0.3963028471185937,
        0.3734529343503569,
        0.16327521796312452,
        0.1345373475774572,
        0.3712632763341662,
        0.10045342334616407,
        0.10670969342691272,
        0.3678045713056715,
        0.3600727156581557,
        0.4183120562522901,
        0.551201315128974,
        0.46002308407008247,
        0.4644105770660797,
        0.9917308282929406,
        0.47952065072968336,
        0.8211982683853528,
        0.7523648725700408,
        0.48640291992082246,
        0.9552274953226492,
        0.9517332277879631,
        0.8152937699388687,
        0.8301924270011384,
        0.3512170184128111,
        0.0973933777113751,
        0.5745740540387502,
        0.3641513285902583,
        0.9993191809036426,
        1.0,
        1.0,
        0.005527761833476999,
        0.9328578676553685,
        0.9431665357405516,
        NaN,
        NaN,
        NaN,
        NaN,
        NaN,
        NaN,
        NaN,
        NaN,
        NaN,
        NaN,
        NaN,
        NaN,
        NaN,
        NaN,
        NaN,
        NaN,
        NaN,
        NaN,
        NaN,
        NaN,
        NaN,
        NaN,
        NaN,
        NaN,
        NaN,
        NaN,
        NaN,
        NaN,
        NaN,
        NaN,
        NaN,
        NaN,
        0.7937964700678524,
        0.41302752555512856,
        0.7850555873257565,
        0.5096800001663446,
        0.984880909385266,
        0.9672388317698608,
        0.8624815641525454,
        0.9081733676698542,
        0.9168052828069772,
        0.9556490339831497,
        0.9877660126739145,
        0.9568764445194088,
        0.5661430257747703,
        0.7084470839272867,
        0.9208225313291046,
        1.0,
        0.8626541993721442,
        0.9827782047879092
    ],
    "paths": [
        "MVTec/leather/test/color/000.png",
        "MVTec/leather/test/color/001.png",
        "MVTec/leather/test/color/002.png",
        "MVTec/leather/test/color/003.png",
        "MVTec/leather/test/color/004.png",
        "MVTec/leather/test/color/005.png",
        "MVTec/leather/test/color/006.png",
        "MVTec/leather/test/color/007.png",
        "MVTec/leather/test/color/008.png",
        "MVTec/leather/test/color/009.png",
        "MVTec/leather/test/color/010.png",
        "MVTec/leather/test/color/011.png",
        "MVTec/leather/test/color/012.png",
        "MVTec/leather/test/color/013.png",
        "MVTec/leather/test/color/014.png",
        "MVTec/leather/test/color/015.png",
        "MVTec/leather/test/color/016.png",
        "MVTec/leather/test/color/017.png",
        "MVTec/leather/test/color/018.png",
        "MVTec/leather/test/cut/000.png",
        "MVTec/leather/test/cut/001.png",
        "MVTec/leather/test/cut/002.png",
        "MVTec/leather/test/cut/003.png",
        "MVTec/leather/test/cut/004.png",
        "MVTec/leather/test/cut/005.png",
        "MVTec/leather/test/cut/006.png",
        "MVTec/leather/test/cut/007.png",
        "MVTec/leather/test/cut/008.png",
        "MVTec/leather/test/cut/009.png",
        "MVTec/leather/test/cut/010.png",
        "MVTec/leather/test/cut/011.png",
        "MVTec/leather/test/cut/012.png",
        "MVTec/leather/test/cut/013.png",
        "MVTec/leather/test/cut/014.png",
        "MVTec/leather/test/cut/015.png",
        "MVTec/leather/test/cut/016.png",
        "MVTec/leather/test/cut/017.png",
        "MVTec/leather/test/cut/018.png",
        "MVTec/leather/test/fold/000.png",
        "MVTec/leather/test/fold/001.png",
        "MVTec/leather/test/fold/002.png",
        "MVTec/leather/test/fold/003.png",
        "MVTec/leather/test/fold/004.png",
        "MVTec/leather/test/fold/005.png",
        "MVTec/leather/test/fold/006.png",
        "MVTec/leather/test/fold/007.png",
        "MVTec/leather/test/fold/008.png",
        "MVTec/leather/test/fold/009.png",
        "MVTec/leather/test/fold/010.png",
        "MVTec/leather/test/fold/011.png",
        "MVTec/leather/test/fold/012.png",
        "MVTec/leather/test/fold/013.png",
        "MVTec/leather/test/fold/014.png",
        "MVTec/leather/test/fold/015.png",
        "MVTec/leather/test/fold/016.png",
        "MVTec/leather/test/glue/000.png",
        "MVTec/leather/test/glue/001.png",
        "MVTec/leather/test/glue/002.png",
        "MVTec/leather/test/glue/003.png",
        "MVTec/leather/test/glue/004.png",
        "MVTec/leather/test/glue/005.png",
        "MVTec/leather/test/glue/006.png",
        "MVTec/leather/test/glue/007.png",
        "MVTec/leather/test/glue/008.png",
        "MVTec/leather/test/glue/009.png",
        "MVTec/leather/test/glue/010.png",
        "MVTec/leather/test/glue/011.png",
        "MVTec/leather/test/glue/012.png",
        "MVTec/leather/test/glue/013.png",
        "MVTec/leather/test/glue/014.png",
        "MVTec/leather/test/glue/015.png",
        "MVTec/leather/test/glue/016.png",
        "MVTec/leather/test/glue/017.png",
        "MVTec/leather/test/glue/018.png",
        "MVTec/leather/test/good/000.png",
        "MVTec/leather/test/good/001.png",
        "MVTec/leather/test/good/002.png",
        "MVTec/leather/test/good/003.png",
        "MVTec/leather/test/good/004.png",
        "MVTec/leather/test/good/005.png",
        "MVTec/leather/test/good/006.png",
        "MVTec/leather/test/good/007.png",
        "MVTec/leather/test/good/008.png",
        "MVTec/leather/test/good/009.png",
        "MVTec/leather/test/good/010.png",
        "MVTec/leather/test/good/011.png",
        "MVTec/leather/test/good/012.png",
        "MVTec/leather/test/good/013.png",
        "MVTec/leather/test/good/014.png",
        "MVTec/leather/test/good/015.png",
        "MVTec/leather/test/good/016.png",
        "MVTec/leather/test/good/017.png",
        "MVTec/leather/test/good/018.png",
        "MVTec/leather/test/good/019.png",
        "MVTec/leather/test/good/020.png",
        "MVTec/leather/test/good/021.png",
        "MVTec/leather/test/good/022.png",
        "MVTec/leather/test/good/023.png",
        "MVTec/leather/test/good/024.png",
        "MVTec/leather/test/good/025.png",
        "MVTec/leather/test/good/026.png",
        "MVTec/leather/test/good/027.png",
        "MVTec/leather/test/good/028.png",
        "MVTec/leather/test/good/029.png",
        "MVTec/leather/test/good/030.png",
        "MVTec/leather/test/good/031.png",
        "MVTec/leather/test/poke/000.png",
        "MVTec/leather/test/poke/001.png",
        "MVTec/leather/test/poke/002.png",
        "MVTec/leather/test/poke/003.png",
        "MVTec/leather/test/poke/004.png",
