{
    "avg_iou": 0.42689315774067305,
    "thresh": 1.8424872159957886,
    "ious_at_thresh": [
        0.13431773705746308,
        0.25901897178806643,
        0.0,
        0.3847092494397977,
        0.5291419320021586,
        0.4067246376811594,
        0.5842118080924051,
        0.45182513661202184,
        0.7292310618669456,
        0.0,
        0.3337615283267457,
        0.34209141482483835,
        0.7410435421642476,
        0.3740638002773925,
        0.5212724886109181,
        0.22464805535671678,
        0.602115616590888,
        0.4430044808405439,
        0.3509435340969292,
        0.5094733490995088,
        0.530714508682866,
        0.6276680799515445,
        0.2194483463159239,
        0.3718495132859774,
        0.3895874325276992,
        0.3078032560348923,
        0.4581688900485991,
        0.34866975130133027,
        0.5167043273319241,
        0.32403017960873337,
        0.5742692790609396,
        0.6036053130929792,
        0.4408936329466131,
        0.5355999693697833,
        0.3550286305753654,
        0.12768821269774053,
        0.11663034751691707,
        0.13822645084229168,
        0.10543406419724705,
        0.19218457990377352,
        0.16224935361157328,
        0.3976081645519742,
        0.3102242884519838,
        0.21514445710887556,
        0.3146893916840329,
        0.21789525864582726,
        0.30890133176160206,
        0.41601602281213934,
        0.23135958198109935,
        0.3270164713873323,
        0.2796988583479623,
        0.30320764501074154,
        0.4504609275280102,
        0.13597610096670246,
        0.25511735807860264,
        0.3399919199174036,
        0.6397211912736489,
        0.01983038164130706,
        0.5409437130411505,
        0.0,
        0.5378205128205128,
        0.5508126208041815,
        0.0,
        0.39076941543632215,
        0.0,
        0.5161653741354014,
        0.863732826985368,
        0.18441494389873,
        NaN,
        NaN,
        NaN,
        NaN,
        NaN,
        NaN,
        NaN,
        NaN,
        NaN,
        NaN,
        NaN,
        NaN,
        NaN,
        NaN,
        NaN,
        NaN,
        NaN,
        NaN,
        NaN,
        NaN,
        NaN,
        NaN,
        NaN,
        NaN,
        NaN,
        NaN,
        NaN,
        NaN,
        NaN,
        NaN,
        NaN,
        NaN,
        0.4734933549313404,
        0.692898237385027,
        0.5761513861446642,
        0.592859111369691,
        0.680914563205018,
        0.15118778063476226,
        0.5445617265682374,
        0.6314406149268534,
        0.4946248726943533,
        0.6681830999154056,
        0.6932218920945215,
        0.5975219824140687,
        0.45442288107635154,
        0.750878531150399,
        0.6072821430854805,
        0.4328170833283036,
        0.6741334898431641,
        0.6191213343508122,
        0.5616296189028069,
        0.4393424248085186,
        0.7489894993477192,
        0.575155395398197,
        0.8267825160946802,
        0.5503648045301099,
        0.7559503127171647,
        0.6085176673369721,
        0.3098241324702025,
        0.7107522162731502,
        0.4057985296726255,
        0.42218082036431387,
        0.4572636617471081,
        0.7639160297958789,
        0.3392457604888361,
        0.5629686304514154,
        0.38481080170671456,
        0.6249487261291645,
        0.4244283121597096,
        0.3247406761494723,
        0.179820280202113,
        0.6686078452917262,
        0.3618590101664618,
        0.5917088776326312,
        0.4362922285555401,
        0.1706823499652185,
        0.15750542022701186,
        0.6000276423581444,
        0.49642840021094015,
        0.618203102136377,
        0.5138475021910605,
        0.5031762342939885,
        0.2532310343412793
    ],
    "image_classes": [
        1,
        1,
        1,
        1,
        1,
        1,
        1,
        1,
        1,
        1,
        1,
        1,
        1,
        1,
        1,
        1,
        1,
        1,
        1,
        1,
        1,
        1,
        1,
        1,
        1,
        1,
        1,
        1,
        1,
        1,
        1,
        1,
        1,
        1,
        1,
        1,
        1,
        1,
        1,
        1,
        1,
        1,
        1,
        1,
        1,
        1,
        1,
        1,
        1,
        1,
        1,
        1,
        1,
        1,
        1,
        1,
        1,
        1,
        1,
        1,
        1,
        1,
        1,
        1,
        1,
        1,
        1,
        1,
        0,
        0,
        0,
        0,
        0,
        0,
        0,
        0,
        0,
        0,
        0,
        0,
        0,
        0,
        0,
        0,
        0,
        0,
        0,
        0,
        0,
        0,
        0,
        0,
        0,
        0,
        0,
        0,
        0,
        0,
        0,
        0,
        1,
        1,
        1,
        1,
        1,
        1,
        1,
        1,
        1,
        1,
        1,
        1,
        1,
        1,
        1,
        1,
        1,
        1,
        1,
        1,
        1,
        1,
        1,
        1,
        1,
        1,
        1,
        1,
        1,
        1,
        1,
        1,
        1,
        1,
        1,
        1,
        1,
        1,
        1,
        1,
        1,
        1,
        1,
        1,
        1,
        1,
        1,
        1,
        1,
        1,
        1
    ],