{
    "shared_fpr_metric": "mean-per-image-fpr",
    "fpr_lower_bound": 1e-05,
    "fpr_upper_bound": 0.0001,
    "num_threshs": null,
    "thresh_lower_bound": 0.7402265071868896,
    "thresh_upper_bound": 1.030747652053833,
    "aupimos": [
        0.9991047379629111,
        0.9264752716834933,
        0.60983639022153,
        0.9930237200564226,
        0.998688514640451,
        0.42430196883037624,
        0.3221250690685794,
        0.9884763033709988,
        0.9990896680202034,
        0.9530672619390211,
        0.9011937395241701,
        0.9835654989610493,
        0.951011272933186,
        0.42850193054177727,
        0.5093948806306471,
        0.9694986674386288,
        0.9665223292953237,
        0.29038317367837696,
        0.999052520866496,
        0.6813713062311283,
        0.5341245799524912,
        0.7223083072018289,
        0.6052762514468332,
        0.36807697381623544,
        0.4416933861738051,
        0.5397722965812952,
        0.4378776045333132,
        0.11454499972013346,
        0.5418697452388238,
        0.5454222932204774,
        0.6316489150944608,
        0.5913736250620055,
        0.39428895895742855,
        0.46032463142320235,
        0.4864772761793157,
        0.4934758215892993,
        NaN,
        NaN,
        NaN,
        NaN,
        NaN,
        NaN,
        NaN,
        NaN,
        NaN,
        NaN,
        NaN,
        NaN,
        NaN,
        NaN,
        NaN,
        NaN,
        NaN,
        NaN,
        NaN,
        NaN,
        NaN,
        NaN,
        NaN,
        NaN,
        NaN,
        NaN,
        NaN,
        NaN,
        0.6443419434391483,
        0.10966893318075964,
        0.6066092947984452,
        0.4225650924108698,
        0.7728763531559009,
        0.4692928989107242,
        0.5658827256004737,
        0.6195004040580984,
        0.8526234030865035,
        0.5722976723320591,
        0.6377099101834802,
        0.6696209186964576,
        0.495211890376302,
        0.6224712265358313,
        0.8229085583705215,
        0.6632356657706364,
        0.222282649194392,
        0.6874843283416496,
        0.5689113390543431,
        0.8451842358144369,
        0.8614824049532708,
        0.9160840852938614,
        0.8798604227348469,
        0.9685135423080912,
        0.7883827480765138,
        0.7967127551510818,
        0.7313408016036107,
        0.9561516106968503,
        0.818701151608635,
        0.8928352364081766,
        0.9935537893820423,
        0.4669793126684937,
        0.7859071192531815,
        0.6899214470483498,
        0.5543498098463904,
        0.20030912489845007,
        0.472064724839562,
        0.5548700939577691,
        0.6247948697390091,
        0.8346398485385876,
        0.773835552085859,
        0.35309452290245164,
        0.8536448732143128,
        0.003433689163540103,
        0.7789378669959307,
        0.23166187186490234,
        0.444886817108828,
        0.5226327893276942,
        0.4585756435395486,
        0.0,
        0.13517541472094655,
        0.7073282928505434,
        0.45388833370717624
    ],
    "paths": [
        "MVTec/carpet/test/color/000.png",
        "MVTec/carpet/test/color/001.png",
        "MVTec/carpet/test/color/002.png",
        "MVTec/carpet/test/color/003.png",
        "MVTec/carpet/test/color/004.png",
        "MVTec/carpet/test/color/005.png",
        "MVTec/carpet/test/color/006.png",
        "MVTec/carpet/test/color/007.png",
        "MVTec/carpet/test/color/008.png",
        "MVTec/carpet/test/color/009.png",
        "MVTec/carpet/test/color/010.png",
        "MVTec/carpet/test/color/011.png",
        "MVTec/carpet/test/color/012.png",
        "MVTec/carpet/test/color/013.png",
        "MVTec/carpet/test/color/014.png",
        "MVTec/carpet/test/color/015.png",
        "MVTec/carpet/test/color/016.png",
        "MVTec/carpet/test/color/017.png",
        "MVTec/carpet/test/color/018.png",
        "MVTec/carpet/test/cut/000.png",
        "MVTec/carpet/test/cut/001.png",
        "MVTec/carpet/test/cut/002.png",
        "MVTec/carpet/test/cut/003.png",
        "MVTec/carpet/test/cut/004.png",
        "MVTec/carpet/test/cut/005.png",
        "MVTec/carpet/test/cut/006.png",
        "MVTec/carpet/test/cut/007.png",
        "MVTec/carpet/test/cut/008.png",
        "MVTec/carpet/test/cut/009.png",
        "MVTec/carpet/test/cut/010.png",
        "MVTec/carpet/test/cut/011.png",
        "MVTec/carpet/test/cut/012.png",
        "MVTec/carpet/test/cut/013.png",
        "MVTec/carpet/test/cut/014.png",
        "MVTec/carpet/test/cut/015.png",
        "MVTec/carpet/test/cut/016.png",
        "MVTec/carpet/test/good/000.png",
        "MVTec/carpet/test/good/001.png",
        "MVTec/carpet/test/good/002.png",
        "MVTec/carpet/test/good/003.png",
        "MVTec/carpet/test/good/004.png",
        "MVTec/carpet/test/good/005.png",
        "MVTec/carpet/test/good/006.png",
        "MVTec/carpet/test/good/007.png",
        "MVTec/carpet/test/good/008.png",
        "MVTec/carpet/test/good/009.png",
        "MVTec/carpet/test/good/010.png",
        "MVTec/carpet/test/good/011.png",
        "MVTec/carpet/test/good/012.png",
        "MVTec/carpet/test/good/013.png",
        "MVTec/carpet/test/good/014.png",
        "MVTec/carpet/test/good/015.png",
        "MVTec/carpet/test/good/016.png",
        "MVTec/carpet/test/good/017.png",
        "MVTec/carpet/test/good/018.png",
        "MVTec/carpet/test/good/019.png",
        "MVTec/carpet/test/good/020.png",
        "MVTec/carpet/test/good/021.png",
        "MVTec/carpet/test/good/022.png",
        "MVTec/carpet/test/good/023.png",
        "MVTec/carpet/test/good/024.png",
        "MVTec/carpet/test/good/025.png",
        "MVTec/carpet/test/good/026.png",
        "MVTec/carpet/test/good/027.png",
        "MVTec/carpet/test/hole/000.png",
        "MVTec/carpet/test/hole/001.png",
        "MVTec/carpet/test/hole/002.png",
        "MVTec/carpet/test/hole/003.png",
        "MVTec/carpet/test/hole/004.png",
        "MVTec/carpet/test/hole/005.png",
        "MVTec/carpet/test/hole/006.png",
        "MVTec/carpet/test/hole/007.png",
        "MVTec/carpet/test/hole/008.png",
        "MVTec/carpet/test/hole/009.png",
        "MVTec/carpet/test/hole/010.png",
        "MVTec/carpet/test/hole/011.png",
        "MVTec/carpet/test/hole/012.png",
        "MVTec/carpet/test/hole/013.png",
        "MVTec/carpet/test/hole/014.png",
        "MVTec/carpet/test/hole/015.png",
        "MVTec/carpet/test/hole/016.png",
        "MVTec/carpet/test/metal_contamination/000.png",
        "MVTec/carpet/test/metal_contamination/001.png",
        "MVTec/carpet/test/metal_contamination/002.png",
        "MVTec/carpet/test/metal_contamination/003.png",
        "MVTec/carpet/test/metal_contamination/004.png",
        "MVTec/carpet/test/metal_contamination/005.png",
        "MVTec/carpet/test/metal_contamination/006.png",
        "MVTec/carpet/test/metal_contamination/007.png",
        "MVTec/carpet/test/metal_contamination/008.png",
        "MVTec/carpet/test/metal_contamination/009.png",
        "MVTec/carpet/test/metal_contamination/010.png",
        "MVTec/carpet/test/metal_contamination/011.png",
        "MVTec/carpet/test/metal_contamination/012.png",
        "MVTec/carpet/test/metal_contamination/013.png",
        "MVTec/carpet/test/metal_contamination/014.png",
        "MVTec/carpet/test/metal_contamination/015.png",
        "MVTec/carpet/test/metal_contamination/016.png",
        "MVTec/carpet/test/thread/000.png",
        "MVTec/carpet/test/thread/001.png",
        "MVTec/carpet/test/thread/002.png",
        "MVTec/carpet/test/thread/003.png",
        "MVTec/carpet/test/thread/004.png",
        "MVTec/carpet/test/thread/005.png",
        "MVTec/carpet/test/thread/006.png",
        "MVTec/carpet/test/thread/007.png",
        "MVTec/carpet/test/thread/008.png",
        "MVTec/carpet/test/thread/009.png",
        "MVTec/carpet/test/thread/010.png",
