{
    "avg_iou": 0.3464571645807122,
    "thresh": 0.7606340050697327,
    "ious_at_thresh": [
        0.0,
        0.274573055028463,
        0.21700252705242015,
        0.29008638420403127,
        0.2590760812375039,
        0.45735572111642386,
        0.3084348789365406,
        0.0,
        0.20115384615384616,
        0.05857816467174465,
        0.1342322097378277,
        0.13836898395721925,
        0.12955082742316784,
        0.12687082661754548,
        0.10939060939060939,
        0.23843222645617856,
        0.25811001410437234,
        0.0,
        0.1703767123287671,
        0.2667293036851446,
        0.2371900826446281,
        0.2971014492753623,
        0.3769740193581253,
        0.3490015360983103,
        0.4715492957746479,
        0.4769461341796703,
        0.6357694154141585,
        0.31055871434613036,
        0.43006107552510053,
        0.35919867028256497,
        0.48969593280970525,
        0.23896869244935542,
        0.20747031805182425,
        0.5270086570794877,
        0.5468049602460492,
        0.33903789906030246,
        0.5037852236085798,
        0.21003612740711278,
        0.25979128606821994,
        0.2796416491452601,
        0.3300315640833956,
        0.236558426921598,
        0.01018348623853211,
        0.3614502404735479,
        0.3473474895248917,
        0.1639668716886913,
        0.0,
        0.3470358416850688,
        0.3850645359557468,
        0.47143904943523546,
        0.26572474253127926,
        0.10949568378009995,
        0.6693116695005983,
        0.3792586393276842,
        0.5586784550953932,
        0.0,
        0.28595635082011656,
        0.38255977496483823,
        0.5027529801678516,
        0.6166101346489876,
        0.5580159792351056,
        0.7362240289069557,
        0.35206838950574826,
        0.3182370820668693,
        0.0,
        0.002933909820877085,
        0.0,
        0.4532715561080348,
        0.3382078793653424,
        0.17477558348294434,
        0.03488533703961084,
        0.0,
        0.19814511729405346,
        0.11348537771385521,
        0.35487620010106113,
        0.1995047206314812,
        0.0,
        0.0056925996204933585,
        0.39391348948538213,
        0.0,
        0.6297734627831715,
        0.35037400543141645,
        0.3003387494976173,
        0.0,
        0.34707730986800756,
        0.5358571428571428,
        0.15373219373219374,
        0.0,
        0.0,
        0.5861269238878347,
        0.1282969103240392,
        0.41317230515340186,
        0.35591490697856976,
        0.037016513354760056,
        0.4726725896221523,
        0.1,
        0.6930712013584942,
        0.3695450734677668,
        0.3700742067553736,
        0.6054943522521267,
        0.11915319310009193,
        0.5858244030832863,
        0.2859279490180778,
        0.6171891891891892,
        0.742568093385214,
        0.6047942493375164,
        0.6751545877021162,
        0.5813882063882064,
        NaN,
        NaN,
        NaN,
        NaN,
        NaN,
        NaN,
        NaN,
        NaN,
        NaN,
        NaN,
        NaN,
        NaN,
        NaN,
        NaN,
        NaN,
        NaN,
        NaN,
        NaN,
        NaN,
        NaN,
        NaN,
        NaN,
        NaN,
        NaN,
        NaN,
        NaN,
        0.8144568562313549,
        0.8100333475632768,
        0.8482302175716683,
        0.7962339391921546,
        0.8056218670197673,
        0.8332952286597951,
        0.8125191335694962,
        0.9428408752408496,
        0.9420439605207118,
        0.1110746513535685,
        0.0,
        0.7718943565037852,
        0.5829354369939796,
        0.13643331630045988,
        0.0,
        0.03311124570967091,
        0.2886870222898075,
        0.1349623139506408,
        0.525047141541565,
        0.45176033707062774,
        0.5175317330652256,
        0.5678429193294434,
        0.6998203861697351,
        0.7426914804077434,
        0.38159727596347315,
        0.0,
        0.0,
        0.7448197018053637,
        0.48594273923136444,
        0.7186404100350688,
        0.3454407362730644,
        0.09154611211573237,
        0.410291047525482
    ],
    "image_classes": [
        1,
        1,
        1,
        1,
        1,
        1,
        1,
        1,
        1,
        1,
        1,
        1,
        1,
        1,
        1,
        1,
        1,
        1,
        1,
        1,
        1,
        1,
        1,
        1,
        1,
        1,
        1,
        1,
        1,
        1,
        1,
        1,
        1,
        1,
        1,
        1,
        1,
        1,
        1,
        1,
        1,
        1,
        1,
        1,
        1,
        1,
        1,
        1,
        1,
        1,
        1,
        1,
        1,
        1,
        1,
        1,
        1,
        1,
        1,
        1,
        1,
        1,
        1,
        1,
        1,
        1,
        1,
        1,
        1,
        1,
        1,
        1,
        1,
        1,
        1,
        1,
        1,
        1,
        1,
        1,
        1,
        1,
        1,
        1,
        1,
        1,
        1,
        1,
        1,
        1,
        1,
        1,
        1,
        1,
        1,
        1,
        1,
        1,
        1,
        1,
        1,
        1,
        1,
        1,
        1,
        1,
        1,
        1,
        0,
        0,
        0,
        0,
        0,
        0,
        0,
        0,
        0,
        0,
        0,
        0,
        0,
        0,
        0,
        0,
        0,
        0,
        0,
        0,
        0,
        0,
        0,
        0,
        0,
        0,
        1,
        1,
        1,
        1,
        1,
        1,
        1,
        1,
        1,
        1,
        1,
        1,
        1,
        1,
        1,
        1,
        1,
        1,
        1,
        1,
        1,
        1,
        1,
        1,
        1,
        1,
        1,
        1,
        1,
        1,
        1,
        1,
        1
    ],