{
    "shared_fpr_metric": "mean-per-image-fpr",
    "fpr_lower_bound": 1e-05,
    "fpr_upper_bound": 0.0001,
    "num_threshs": 4537,
    "thresh_lower_bound": 0.22632145881652832,
    "thresh_upper_bound": 0.2722858190536499,
    "aupimos": [
        0.09165614415302763,
        0.4329141984252059,
        0.03491800346505796,
        0.24397880725847004,
        0.0018686982403491373,
        0.04835468561319813,
        0.01560119665555562,
        0.018598684486925608,
        0.1566959609926281,
        0.17983443546490516,
        0.43922603055430653,
        0.4444856720986758,
        0.08324517457046544,
        0.03989323915751139,
        0.01479668312712971,
        0.032220992741879936,
        0.32058246459181516,
        0.21305456367919465,
        0.1280986266727791,
        0.1275946262066777,
        0.07760255711914697,
        0.018785591708940865,
        0.17411452584728723,
        0.05393927893383237,
        0.29731291443171404,
        0.39765245865373944,
        0.006518957704881429,
        0.20414760407202068,
        0.13755198969626106,
        0.2719468189895373,
        0.15376574392803546,
        0.009573219520826718,
        0.23902910326193288,
        0.02609274185073471,
        0.10732293403403871,
        0.6228495387313001,
        0.678642332801237,
        0.19217884676794825,
        0.8213600293369908,
        0.5548822338004346,
        0.4940239327386535,
        0.2541107479702746,
        0.4777019332309148,
        0.36346502599482017,
        0.28130258302876315,
        0.5248987542800665,
        0.39330133581743254,
        0.20892108685951524,
        0.48962300133369485,
        0.2542343512387118,
        0.35586976587808816,
        0.2131190129016817,
        0.0,
        0.0,
        0.0,
        0.0,
        0.0,
        0.0,
        2.6495339069837264e-05,
        0.0,
        0.0,
        0.00023441532145769043,
        0.0,
        0.0,
        0.0,
        0.0,
        0.0,
        0.0,
        NaN,
        NaN,
        NaN,
        NaN,
        NaN,
        NaN,
        NaN,
        NaN,
        NaN,
        NaN,
        NaN,
        NaN,
        NaN,
        NaN,
        NaN,
        NaN,
        NaN,
        NaN,
        NaN,
        NaN,
        NaN,
        NaN,
        NaN,
        NaN,
        NaN,
        NaN,
        NaN,
        NaN,
        NaN,
        NaN,
        NaN,
        NaN,
        0.1279238577584725,
        0.14441375115644647,
        0.009213916009861137,
        0.14672242830911525,
        0.07872615527049283,
        0.0640223339809646,
        0.05383118895015473,
        0.22104677998322955,
        0.08252635449768939,
        0.3306530897429786,
        0.2776529179813478,
        0.32796493306340746,
        0.055011551993097305,
        0.2729915176245248,
        0.024269760724504305,
        0.21902503186267794,
        0.18102911893554605,
        0.04360676477154316,
        0.029159910296249557,
        0.0253601582154347,
        0.0414466970986827,
        0.11065260876382962,
        0.02146342344710704,
        0.029884621648075968,
        0.035972782759449685,
        0.07411413181615506,
        0.05153537567869899,
        0.09765614098736389,
        0.12085373769991263,
        0.09470832132663508,
        0.02526742525845724,
        0.022089551598305238,
        0.1448030341131607,
        0.03828011781884445,
        0.020152882556966442,
        0.13969451235184516,
        0.0697471232667756,
        0.1266414138305195,
        0.04882103644323375,
        0.04096685309392681,
        0.0053308741864519955,
        0.07276257131835942,
        0.03820668208660311,
        0.008556807031264567,
        0.06316587899220964,
        0.06540875941676967,
        0.06260619891792048,
        0.06419798573901003,
        0.02468786313906344,
        0.02721107499885249,
        0.023262564531422825
    ],
    "paths": [
        "MVTec/zipper/test/broken_teeth/000.png",
        "MVTec/zipper/test/broken_teeth/001.png",
        "MVTec/zipper/test/broken_teeth/002.png",
        "MVTec/zipper/test/broken_teeth/003.png",
        "MVTec/zipper/test/broken_teeth/004.png",
        "MVTec/zipper/test/broken_teeth/005.png",
        "MVTec/zipper/test/broken_teeth/006.png",
        "MVTec/zipper/test/broken_teeth/007.png",
        "MVTec/zipper/test/broken_teeth/008.png",
        "MVTec/zipper/test/broken_teeth/009.png",
        "MVTec/zipper/test/broken_teeth/010.png",
        "MVTec/zipper/test/broken_teeth/011.png",
        "MVTec/zipper/test/broken_teeth/012.png",
        "MVTec/zipper/test/broken_teeth/013.png",
        "MVTec/zipper/test/broken_teeth/014.png",
        "MVTec/zipper/test/broken_teeth/015.png",
        "MVTec/zipper/test/broken_teeth/016.png",
        "MVTec/zipper/test/broken_teeth/017.png",
        "MVTec/zipper/test/broken_teeth/018.png",
        "MVTec/zipper/test/combined/000.png",
        "MVTec/zipper/test/combined/001.png",
        "MVTec/zipper/test/combined/002.png",
        "MVTec/zipper/test/combined/003.png",
        "MVTec/zipper/test/combined/004.png",
        "MVTec/zipper/test/combined/005.png",
        "MVTec/zipper/test/combined/006.png",
        "MVTec/zipper/test/combined/007.png",
        "MVTec/zipper/test/combined/008.png",
        "MVTec/zipper/test/combined/009.png",
        "MVTec/zipper/test/combined/010.png",
        "MVTec/zipper/test/combined/011.png",
        "MVTec/zipper/test/combined/012.png",
        "MVTec/zipper/test/combined/013.png",
        "MVTec/zipper/test/combined/014.png",
        "MVTec/zipper/test/combined/015.png",
        "MVTec/zipper/test/fabric_border/000.png",
        "MVTec/zipper/test/fabric_border/001.png",
        "MVTec/zipper/test/fabric_border/002.png",
        "MVTec/zipper/test/fabric_border/003.png",
        "MVTec/zipper/test/fabric_border/004.png",
        "MVTec/zipper/test/fabric_border/005.png",
        "MVTec/zipper/test/fabric_border/006.png",
        "MVTec/zipper/test/fabric_border/007.png",
        "MVTec/zipper/test/fabric_border/008.png",
        "MVTec/zipper/test/fabric_border/009.png",
        "MVTec/zipper/test/fabric_border/010.png",
        "MVTec/zipper/test/fabric_border/011.png",
        "MVTec/zipper/test/fabric_border/012.png",
        "MVTec/zipper/test/fabric_border/013.png",
        "MVTec/zipper/test/fabric_border/014.png",
        "MVTec/zipper/test/fabric_border/015.png",
        "MVTec/zipper/test/fabric_border/016.png",
        "MVTec/zipper/test/fabric_interior/000.png",
        "MVTec/zipper/test/fabric_interior/001.png",
        "MVTec/zipper/test/fabric_interior/002.png",
        "MVTec/zipper/test/fabric_interior/003.png",
        "MVTec/zipper/test/fabric_interior/004.png",
        "MVTec/zipper/test/fabric_interior/005.png",
        "MVTec/zipper/test/fabric_interior/006.png",
        "MVTec/zipper/test/fabric_interior/007.png",
        "MVTec/zipper/test/fabric_interior/008.png",
        "MVTec/zipper/test/fabric_interior/009.png",
        "MVTec/zipper/test/fabric_interior/010.png",
        "MVTec/zipper/test/fabric_interior/011.png",
        "MVTec/zipper/test/fabric_interior/012.png",
        "MVTec/zipper/test/fabric_interior/013.png",
        "MVTec/zipper/test/fabric_interior/014.png",
        "MVTec/zipper/test/fabric_interior/015.png",
        "MVTec/zipper/test/good/000.png",
        "MVTec/zipper/test/good/001.png",
        "MVTec/zipper/test/good/002.png",
        "MVTec/zipper/test/good/003.png",
        "MVTec/zipper/test/good/004.png",
        "MVTec/zipper/test/good/005.png",
        "MVTec/zipper/test/good/006.png",
        "MVTec/zipper/test/good/007.png",
        "MVTec/zipper/test/good/008.png",
        "MVTec/zipper/test/good/009.png",
        "MVTec/zipper/test/good/010.png",
        "MVTec/zipper/test/good/011.png",
        "MVTec/zipper/test/good/012.png",
        "MVTec/zipper/test/good/013.png",
        "MVTec/zipper/test/good/014.png",
        "MVTec/zipper/test/good/015.png",
