{
    "shared_fpr_metric": "mean-per-image-fpr",
    "fpr_lower_bound": 1e-05,
    "fpr_upper_bound": 0.0001,
    "num_threshs": 6268,
    "thresh_lower_bound": 0.29597994685173035,
    "thresh_upper_bound": 0.40301376581192017,
    "aupimos": [
        0.9719950392552108,
        0.9971122604523406,
        0.9744741500010966,
        0.9991825927460573,
        0.9863329226815428,
        1.0,
        0.9835177768178949,
        0.9572535031935611,
        0.9427266262167603,
        0.9144317294013188,
        0.962530239560885,
        0.9783223464561551,
        0.9610449423542685,
        0.9992557500380572,
        0.9934921946900427,
        0.9872174025204289,
        1.0,
        0.9802224656988103,
        0.9912489521841003,
        0.9503736380104199,
        1.0,
        0.9689370602385157,
        0.9890422867605613,
        0.9951345126213912,
        1.0,
        0.9885843791484878,
        0.9801939863371981,
        1.0,
        0.345946846061623,
        0.9890595106420474,
        0.981818244173534,
        0.6240652659383901,
        0.0,
        0.0,
        0.32232646796052333,
        0.6760388049694929,
        1.0,
        0.669734646848502,
        0.9046584385182644,
        0.9513067179068331,
        0.993361553395011,
        0.8855271151890068,
        0.9366447307824244,
        0.9338447638414962,
        0.7419466153310041,
        0.9604553620161207,
        0.959158810956724,
        0.9998871003744224,
        0.9972344446734729,
        1.0,
        1.0,
        0.9914923780952271,
        1.0,
        0.9931333850848646,
        1.0,
        0.9715205715915411,
        1.0,
        0.9793723009026216,
        0.8543543688594205,
        0.9826890164097322,
        0.8973137847896168,
        0.9918403015114904,
        0.9231740368958268,
        0.9755949087313721,
        0.9774929319575963,
        0.8009595502792474,
        0.8110470490978089,
        1.0,
        0.5951235257098806,
        0.8017266478564972,
        0.2923554984420277,
        0.7563904213705126,
        0.40021539950793744,
        0.350244192277659,
        0.8620278179012173,
        1.0,
        1.0,
        1.0,
        1.0,
        1.0,
        0.9992347291689996,
        0.9963391706546255,
        1.0,
        1.0,
        1.0,
        0.8211407088684719,
        0.662221659628908,
        1.0,
        1.0,
        1.0,
        0.9973527607308167,
        0.821922483536715,
        1.0,
        0.8997082732540009,
        1.0,
        0.9999340728902727,
        1.0,
        0.9997791699111459,
        1.0,
        0.9472887872745398,
        NaN,
        NaN,
        NaN,
        NaN,
        NaN,
        NaN,
        NaN,
        NaN,
        NaN,
        NaN,
        NaN,
        NaN,
        NaN,
        NaN,
        NaN,
        NaN,
        NaN,
        NaN,
        NaN,
        NaN,
        NaN,
        NaN,
        NaN,
        NaN,
        NaN,
        NaN,
        NaN,
        NaN,
        NaN,
        NaN,
        NaN,
        NaN,
        NaN,
        NaN,
        NaN,
        NaN,
        NaN,
        NaN,
        NaN,
        NaN,
        NaN,
        NaN,
        NaN,
        NaN,
        NaN,
        NaN,
        NaN,
        NaN,
        NaN,
        NaN
    ],
    "paths": [
        "VisA/visa_pytorch/chewinggum/test/bad/000.JPG",
        "VisA/visa_pytorch/chewinggum/test/bad/001.JPG",
        "VisA/visa_pytorch/chewinggum/test/bad/002.JPG",
        "VisA/visa_pytorch/chewinggum/test/bad/003.JPG",
        "VisA/visa_pytorch/chewinggum/test/bad/004.JPG",
        "VisA/visa_pytorch/chewinggum/test/bad/005.JPG",
        "VisA/visa_pytorch/chewinggum/test/bad/006.JPG",
        "VisA/visa_pytorch/chewinggum/test/bad/007.JPG",
        "VisA/visa_pytorch/chewinggum/test/bad/008.JPG",
        "VisA/visa_pytorch/chewinggum/test/bad/009.JPG",
        "VisA/visa_pytorch/chewinggum/test/bad/010.JPG",
        "VisA/visa_pytorch/chewinggum/test/bad/011.JPG",
        "VisA/visa_pytorch/chewinggum/test/bad/012.JPG",
        "VisA/visa_pytorch/chewinggum/test/bad/013.JPG",
        "VisA/visa_pytorch/chewinggum/test/bad/014.JPG",
        "VisA/visa_pytorch/chewinggum/test/bad/015.JPG",
        "VisA/visa_pytorch/chewinggum/test/bad/016.JPG",
        "VisA/visa_pytorch/chewinggum/test/bad/017.JPG",
        "VisA/visa_pytorch/chewinggum/test/bad/018.JPG",
        "VisA/visa_pytorch/chewinggum/test/bad/019.JPG",
        "VisA/visa_pytorch/chewinggum/test/bad/020.JPG",
        "VisA/visa_pytorch/chewinggum/test/bad/021.JPG",
        "VisA/visa_pytorch/chewinggum/test/bad/022.JPG",
        "VisA/visa_pytorch/chewinggum/test/bad/023.JPG",
        "VisA/visa_pytorch/chewinggum/test/bad/024.JPG",
        "VisA/visa_pytorch/chewinggum/test/bad/025.JPG",
        "VisA/visa_pytorch/chewinggum/test/bad/026.JPG",
        "VisA/visa_pytorch/chewinggum/test/bad/027.JPG",
        "VisA/visa_pytorch/chewinggum/test/bad/028.JPG",
        "VisA/visa_pytorch/chewinggum/test/bad/029.JPG",
        "VisA/visa_pytorch/chewinggum/test/bad/030.JPG",
        "VisA/visa_pytorch/chewinggum/test/bad/031.JPG",
        "VisA/visa_pytorch/chewinggum/test/bad/032.JPG",
        "VisA/visa_pytorch/chewinggum/test/bad/033.JPG",
        "VisA/visa_pytorch/chewinggum/test/bad/034.JPG",
        "VisA/visa_pytorch/chewinggum/test/bad/035.JPG",
        "VisA/visa_pytorch/chewinggum/test/bad/036.JPG",
        "VisA/visa_pytorch/chewinggum/test/bad/037.JPG",
        "VisA/visa_pytorch/chewinggum/test/bad/038.JPG",
        "VisA/visa_pytorch/chewinggum/test/bad/039.JPG",
        "VisA/visa_pytorch/chewinggum/test/bad/040.JPG",
        "VisA/visa_pytorch/chewinggum/test/bad/041.JPG",
        "VisA/visa_pytorch/chewinggum/test/bad/042.JPG",
        "VisA/visa_pytorch/chewinggum/test/bad/043.JPG",
        "VisA/visa_pytorch/chewinggum/test/bad/044.JPG",
        "VisA/visa_pytorch/chewinggum/test/bad/045.JPG",
        "VisA/visa_pytorch/chewinggum/test/bad/046.JPG",
        "VisA/visa_pytorch/chewinggum/test/bad/047.JPG",
        "VisA/visa_pytorch/chewinggum/test/bad/048.JPG",
        "VisA/visa_pytorch/chewinggum/test/bad/049.JPG",
        "VisA/visa_pytorch/chewinggum/test/bad/050.JPG",
        "VisA/visa_pytorch/chewinggum/test/bad/051.JPG",
        "VisA/visa_pytorch/chewinggum/test/bad/052.JPG",
        "VisA/visa_pytorch/chewinggum/test/bad/053.JPG",
        "VisA/visa_pytorch/chewinggum/test/bad/054.JPG",
        "VisA/visa_pytorch/chewinggum/test/bad/055.JPG",
        "VisA/visa_pytorch/chewinggum/test/bad/056.JPG",
        "VisA/visa_pytorch/chewinggum/test/bad/057.JPG",
        "VisA/visa_pytorch/chewinggum/test/bad/058.JPG",
        "VisA/visa_pytorch/chewinggum/test/bad/059.JPG",
        "VisA/visa_pytorch/chewinggum/test/bad/060.JPG",
        "VisA/visa_pytorch/chewinggum/test/bad/061.JPG",
        "VisA/visa_pytorch/chewinggum/test/bad/062.JPG",
        "VisA/visa_pytorch/chewinggum/test/bad/063.JPG",
        "VisA/visa_pytorch/chewinggum/test/bad/064.JPG",
        "VisA/visa_pytorch/chewinggum/test/bad/065.JPG",
        "VisA/visa_pytorch/chewinggum/test/bad/066.JPG",
        "VisA/visa_pytorch/chewinggum/test/bad/067.JPG",
        "VisA/visa_pytorch/chewinggum/test/bad/068.JPG",
        "VisA/visa_pytorch/chewinggum/test/bad/069.JPG",
        "VisA/visa_pytorch/chewinggum/test/bad/070.JPG",
        "VisA/visa_pytorch/chewinggum/test/bad/071.JPG",
        "VisA/visa_pytorch/chewinggum/test/bad/072.JPG",
        "VisA/visa_pytorch/chewinggum/test/bad/073.JPG",
        "VisA/visa_pytorch/chewinggum/test/bad/074.JPG",
        "VisA/visa_pytorch/chewinggum/test/bad/075.JPG",
        "VisA/visa_pytorch/chewinggum/test/bad/076.JPG",
        "VisA/visa_pytorch/chewinggum/test/bad/077.JPG",
        "VisA/visa_pytorch/chewinggum/test/bad/078.JPG",
        "VisA/visa_pytorch/chewinggum/test/bad/079.JPG",
        "VisA/visa_pytorch/chewinggum/test/bad/080.JPG",
        "VisA/visa_pytorch/chewinggum/test/bad/081.JPG",
