{
    "shared_fpr_metric": "mean-per-image-fpr",
    "fpr_lower_bound": 1e-05,
    "fpr_upper_bound": 0.0001,
    "num_threshs": null,
    "thresh_lower_bound": 28.515348434448242,
    "thresh_upper_bound": 29.392988204956055,
    "aupimos": [
        0.4597264381215727,
        0.0007504742353635648,
        0.0,
        0.0,
        0.6620752797325109,
        0.0,
        0.45326575461274726,
        1.0,
        0.35723767531984413,
        0.0,
        0.0,
        0.7341477017511537,
        1.0,
        1.0,
        1.0,
        1.0,
        1.0,
        1.0,
        1.0,
        1.0,
        1.0,
        0.8477646136257823,
        0.988716650391265,
        1.0,
        0.9717719683238205,
        1.0,
        1.0,
        1.0,
        1.0,
        1.0,
        1.0,
        1.0,
        1.0,
        1.0,
        1.0,
        1.0,
        0.946042387295249,
        1.0,
        1.0,
        1.0,
        1.0,
        1.0,
        1.0,
        1.0,
        0.0,
        0.0,
        2.159539182125963e-05,
        0.0,
        0.0,
        0.0,
        0.07867012721660502,
        0.7417207963214677,
        0.16425270697202435,
        0.0,
        0.0,
        0.0,
        0.0,
        0.2417362488326595,
        0.0,
        0.0,
        0.0,
        0.8755996535554567,
        0.7805675290287141,
        1.0,
        0.7240833958505679,
        1.0,
        0.021413605802638437,
        0.0,
        1.0,
        0.6922735405242579,
        0.5037642043937839,
        0.5587494560251006,
        1.0,
        0.8208965332511079,
        0.6890093477117949,
        0.0,
        0.8537090241298205,
        0.5998369685271847,
        0.0,
        0.48074831514424615,
        0.0,
        0.42000047820186737,
        0.0,
        0.023330296472912987,
        0.5552393258628513,
        0.8423831461849435,
        0.71791356052697,
        0.1555579849771651,
        0.0,
        0.8362702258205422,
        0.0,
        0.855262363758355,
        0.0,
        0.0,
        0.9482899351272452,
        0.7623690957306989,
        0.7262335545339269,
        0.8928893115545233,
        0.9734136583013435,
        0.8747794127115267,
        NaN,
        NaN,
        NaN,
        NaN,
        NaN,
        NaN,
        NaN,
        NaN,
        NaN,
        NaN,
        NaN,
        NaN,
        NaN,
        NaN,
        NaN,
        NaN,
        NaN,
        NaN,
        NaN,
        NaN,
        NaN,
        NaN,
        NaN,
        NaN,
        NaN,
        NaN,
        NaN,
        NaN,
        NaN,
        NaN,
        NaN,
        NaN,
        NaN,
        NaN,
        NaN,
        NaN,
        NaN,
        NaN,
        NaN,
        NaN,
        NaN,
        NaN,
        NaN,
        NaN,
        NaN,
        NaN,
        NaN,
        NaN,
        NaN,
        NaN
    ],
    "paths": [
        "VisA/visa_pytorch/cashew/test/bad/000.JPG",
        "VisA/visa_pytorch/cashew/test/bad/001.JPG",
        "VisA/visa_pytorch/cashew/test/bad/002.JPG",
        "VisA/visa_pytorch/cashew/test/bad/003.JPG",
        "VisA/visa_pytorch/cashew/test/bad/004.JPG",
        "VisA/visa_pytorch/cashew/test/bad/005.JPG",
        "VisA/visa_pytorch/cashew/test/bad/006.JPG",
        "VisA/visa_pytorch/cashew/test/bad/007.JPG",
        "VisA/visa_pytorch/cashew/test/bad/008.JPG",
        "VisA/visa_pytorch/cashew/test/bad/009.JPG",
        "VisA/visa_pytorch/cashew/test/bad/010.JPG",
        "VisA/visa_pytorch/cashew/test/bad/011.JPG",
        "VisA/visa_pytorch/cashew/test/bad/012.JPG",
        "VisA/visa_pytorch/cashew/test/bad/013.JPG",
        "VisA/visa_pytorch/cashew/test/bad/014.JPG",
        "VisA/visa_pytorch/cashew/test/bad/015.JPG",
        "VisA/visa_pytorch/cashew/test/bad/016.JPG",
        "VisA/visa_pytorch/cashew/test/bad/017.JPG",
        "VisA/visa_pytorch/cashew/test/bad/018.JPG",
        "VisA/visa_pytorch/cashew/test/bad/019.JPG",
        "VisA/visa_pytorch/cashew/test/bad/020.JPG",
        "VisA/visa_pytorch/cashew/test/bad/021.JPG",
        "VisA/visa_pytorch/cashew/test/bad/022.JPG",
        "VisA/visa_pytorch/cashew/test/bad/023.JPG",
        "VisA/visa_pytorch/cashew/test/bad/024.JPG",
        "VisA/visa_pytorch/cashew/test/bad/025.JPG",
        "VisA/visa_pytorch/cashew/test/bad/026.JPG",
        "VisA/visa_pytorch/cashew/test/bad/027.JPG",
        "VisA/visa_pytorch/cashew/test/bad/028.JPG",
        "VisA/visa_pytorch/cashew/test/bad/029.JPG",
        "VisA/visa_pytorch/cashew/test/bad/030.JPG",
        "VisA/visa_pytorch/cashew/test/bad/031.JPG",
        "VisA/visa_pytorch/cashew/test/bad/032.JPG",
        "VisA/visa_pytorch/cashew/test/bad/033.JPG",
        "VisA/visa_pytorch/cashew/test/bad/034.JPG",
        "VisA/visa_pytorch/cashew/test/bad/035.JPG",
        "VisA/visa_pytorch/cashew/test/bad/036.JPG",
        "VisA/visa_pytorch/cashew/test/bad/037.JPG",
        "VisA/visa_pytorch/cashew/test/bad/038.JPG",
        "VisA/visa_pytorch/cashew/test/bad/039.JPG",
        "VisA/visa_pytorch/cashew/test/bad/040.JPG",
        "VisA/visa_pytorch/cashew/test/bad/041.JPG",
        "VisA/visa_pytorch/cashew/test/bad/042.JPG",
        "VisA/visa_pytorch/cashew/test/bad/043.JPG",
        "VisA/visa_pytorch/cashew/test/bad/044.JPG",
        "VisA/visa_pytorch/cashew/test/bad/045.JPG",
        "VisA/visa_pytorch/cashew/test/bad/046.JPG",
        "VisA/visa_pytorch/cashew/test/bad/047.JPG",
        "VisA/visa_pytorch/cashew/test/bad/048.JPG",
        "VisA/visa_pytorch/cashew/test/bad/049.JPG",
        "VisA/visa_pytorch/cashew/test/bad/050.JPG",
        "VisA/visa_pytorch/cashew/test/bad/051.JPG",
        "VisA/visa_pytorch/cashew/test/bad/052.JPG",
        "VisA/visa_pytorch/cashew/test/bad/053.JPG",
        "VisA/visa_pytorch/cashew/test/bad/054.JPG",
        "VisA/visa_pytorch/cashew/test/bad/055.JPG",
        "VisA/visa_pytorch/cashew/test/bad/056.JPG",
        "VisA/visa_pytorch/cashew/test/bad/057.JPG",
        "VisA/visa_pytorch/cashew/test/bad/058.JPG",
        "VisA/visa_pytorch/cashew/test/bad/059.JPG",
        "VisA/visa_pytorch/cashew/test/bad/060.JPG",
        "VisA/visa_pytorch/cashew/test/bad/061.JPG",
        "VisA/visa_pytorch/cashew/test/bad/062.JPG",
        "VisA/visa_pytorch/cashew/test/bad/063.JPG",
        "VisA/visa_pytorch/cashew/test/bad/064.JPG",
        "VisA/visa_pytorch/cashew/test/bad/065.JPG",
        "VisA/visa_pytorch/cashew/test/bad/066.JPG",
        "VisA/visa_pytorch/cashew/test/bad/067.JPG",
        "VisA/visa_pytorch/cashew/test/bad/068.JPG",
        "VisA/visa_pytorch/cashew/test/bad/069.JPG",
        "VisA/visa_pytorch/cashew/test/bad/070.JPG",
        "VisA/visa_pytorch/cashew/test/bad/071.JPG",
        "VisA/visa_pytorch/cashew/test/bad/072.JPG",
        "VisA/visa_pytorch/cashew/test/bad/073.JPG",
        "VisA/visa_pytorch/cashew/test/bad/074.JPG",
        "VisA/visa_pytorch/cashew/test/bad/075.JPG",
        "VisA/visa_pytorch/cashew/test/bad/076.JPG",
        "VisA/visa_pytorch/cashew/test/bad/077.JPG",
        "VisA/visa_pytorch/cashew/test/bad/078.JPG",
        "VisA/visa_pytorch/cashew/test/bad/079.JPG",
        "VisA/visa_pytorch/cashew/test/bad/080.JPG",
        "VisA/visa_pytorch/cashew/test/bad/081.JPG",
        "VisA/visa_pytorch/cashew/test/bad/082.JPG",
        "VisA/visa_pytorch/cashew/test/bad/083.JPG",
        "VisA/visa_pytorch/cashew/test/bad/084.JPG",
        "VisA/visa_pytorch/cashew/test/bad/085.JPG",
        "VisA/visa_pytorch/cashew/test/bad/086.JPG",
        "VisA/visa_pytorch/cashew/test/bad/087.JPG",
        "VisA/visa_pytorch/cashew/test/bad/088.JPG",
        "VisA/visa_pytorch/cashew/test/bad/089.JPG",
        "VisA/visa_pytorch/cashew/test/bad/090.JPG",
        "VisA/visa_pytorch/cashew/test/bad/091.JPG",
        "VisA/visa_pytorch/cashew/test/bad/092.JPG",
        "VisA/visa_pytorch/cashew/test/bad/093.JPG",
        "VisA/visa_pytorch/cashew/test/bad/094.JPG",
        "VisA/visa_pytorch/cashew/test/bad/095.JPG",
        "VisA/visa_pytorch/cashew/test/bad/096.JPG",
