{
    "avg_iou": 0.47204817081197803,
    "thresh": 0.36527254691668704,
    "ious_at_thresh": [
        0.5147637469827728,
        0.31603215407842655,
        0.30775469461600846,
        0.4056974459724951,
        0.6856943266304076,
        0.5566550107878878,
        0.668271667511404,
        0.5155531787565096,
        0.6084198656204483,
        0.21853224610822833,
        0.37431882723156035,
        0.5402478799739073,
        0.5813885859687387,
        0.4197297909276172,
        0.7496074326092645,
        0.5325189647478804,
        0.5372792674950948,
        0.46701846965699206,
        0.3869917287193626,
        0.5637449966741741,
        0.563504208110176,
        0.37902270919855086,
        0.4143001388362994,
        0.4546706206312222,
        0.5446483677115478,
        0.3204315603330088,
        0.4268960590546494,
        0.5514687262598126,
        0.6698219920223849,
        0.47656031346207667,
        0.5746233937079878,
        0.6919338284127272,
        0.35863369911360826,
        0.4838984889017425,
        0.4177355174422623,
        0.21867400657384892,
        0.1646774951012939,
        0.21114401667215094,
        0.13001187080313956,
        0.26903155360192627,
        0.2626329113924051,
        0.4281430335408109,
        0.3575314518871132,
        0.41046262400182093,
        0.3593534341695243,
        0.2742361927144536,
        0.38643276508452995,
        0.427761150801313,
        0.388530883663536,
        0.40608393656638353,
        0.4155341553415534,
        0.10186654521906822,
        0.5078408128704488,
        0.5074721462405765,
        0.35221336991505303,
        0.44405615472675786,
        0.6930586461847678,
        0.31182943603851443,
        0.601189185841256,
        0.0,
        0.7266116352201258,
        0.5641401792991035,
        0.5447682378251516,
        0.45298489129099617,
        0.45619002674217396,
        0.5632432432432433,
        0.7625707814269536,
        0.3237485754361357,
        NaN,
        NaN,
        NaN,
        NaN,
        NaN,
        NaN,
        NaN,
        NaN,
        NaN,
        NaN,
        NaN,
        NaN,
        NaN,
        NaN,
        NaN,
        NaN,
        NaN,
        NaN,
        NaN,
        NaN,
        NaN,
        NaN,
        NaN,
        NaN,
        NaN,
        NaN,
        NaN,
        NaN,
        NaN,
        NaN,
        NaN,
        NaN,
        0.5008057758009411,
        0.6126152523831849,
        0.5066008473293993,
        0.5191034711017335,
        0.5682548602939885,
        0.2735417673519462,
        0.45253133594964506,
        0.6297980439476693,
        0.3442832537244527,
        0.608986534971086,
        0.5910630104242747,
        0.6363636363636364,
        0.4212600018890583,
        0.5675396870880853,
        0.583761303128643,
        0.4444940838816235,
        0.5416959047913099,
        0.44904235727440145,
        0.6851729455827275,
        0.46489705766348505,
        0.5345077598369651,
        0.530435699968351,
        0.6431140386325063,
        0.7282603885471522,
        0.6862168874172185,
        0.48257822023567654,
        0.4830954169797145,
        0.664188846181739,
        0.5401175788689244,
        0.5679759127651495,
        0.6855813953488372,
        0.6419993734553935,
        0.5978037942232097,
        0.5606926972716876,
        0.44785557550369043,
        0.6324595345795411,
        0.47571630476679944,
        0.4705762038335671,
        0.42415979034599993,
        0.3776954427565765,
        0.2638753651411879,
        0.576074536345258,
        0.6162255466052935,
        0.1659709675409632,
        0.12034716420681332,
        0.4930539476730725,
        0.35319658631531664,
        0.33029902608525424,
        0.3747082061411384,
        0.6673005848792565,
        0.3334431495284767
    ],
    "image_classes": [
        1,
        1,
        1,
        1,
        1,
        1,
        1,
        1,
        1,
        1,
        1,
        1,
        1,
        1,
        1,
        1,
        1,
        1,
        1,
        1,
        1,
        1,
        1,
        1,
        1,
        1,
        1,
        1,
        1,
        1,
        1,
        1,
        1,
        1,
        1,
        1,
        1,
        1,
        1,
        1,
        1,
        1,
        1,
        1,
        1,
        1,
        1,
        1,
        1,
        1,
        1,
        1,
        1,
        1,
        1,
        1,
        1,
        1,
        1,
        1,
        1,
        1,
        1,
        1,
        1,
        1,
        1,
        1,
        0,
        0,
        0,
        0,
        0,
        0,
        0,
        0,
        0,
        0,
        0,
        0,
        0,
        0,
        0,
        0,
        0,
        0,
        0,
        0,
        0,
        0,
        0,
        0,
        0,
        0,
        0,
        0,
        0,
        0,
        0,
        0,
        1,
        1,
        1,
        1,
        1,
        1,
        1,
        1,
        1,
        1,
        1,
        1,
        1,
        1,
        1,
        1,
        1,
        1,
        1,
        1,
        1,
        1,
        1,
        1,
        1,
        1,
        1,
        1,
        1,
        1,
        1,
        1,
        1,
        1,
        1,
        1,
        1,
        1,
        1,
        1,
        1,
        1,
        1,
        1,
        1,
        1,
        1,
        1,
        1,
        1,
        1
    ],