{
    "shared_fpr_metric": "mean-per-image-fpr",
    "fpr_lower_bound": 1e-05,
    "fpr_upper_bound": 0.0001,
    "num_threshs": null,
    "thresh_lower_bound": 0.7258535623550415,
    "thresh_upper_bound": 0.7759736776351929,
    "aupimos": [
        1.0,
        0.9460311761176545,
        1.0,
        1.0,
        0.9089575885104615,
        1.0,
        0.7511043793856699,
        1.0,
        1.0,
        1.0,
        1.0,
        1.0,
        1.0,
        0.9817688895134271,
        1.0,
        0.9017260436977002,
        0.9993394178539724,
        0.06456102957545423,
        0.0005465796478224035,
        0.893343427595564,
        1.0,
        1.0,
        0.7920780123357449,
        0.9067374929783995,
        1.0,
        1.0,
        0.9819339226095414,
        0.9525711535727419,
        0.9993196008247656,
        0.6582392111806777,
        1.0,
        0.9206714452925253,
        1.0,
        1.0,
        0.8971547836888834,
        1.0,
        1.0,
        1.0,
        1.0,
        1.0,
        1.0,
        1.0,
        1.0,
        1.0,
        0.995857646645079,
        1.0,
        1.0,
        0.9814180896716935,
        1.0,
        0.999888535925326,
        0.9977365714918062,
        1.0,
        1.0,
        0.9992525737512932,
        0.7388164713875697,
        0.9612447661593373,
        0.6363074864173875,
        1.0,
        1.0,
        0.9889960497909129,
        1.0,
        1.0,
        0.218396720026692,
        0.0,
        1.0,
        1.0,
        1.0,
        1.0,
        1.0,
        1.0,
        0.8368500163654569,
        0.9081339832532623,
        0.6165159365122755,
        0.3327252445568445,
        0.4276201499559042,
        0.8949731667092329,
        0.5125746222161259,
        0.9801277870305989,
        0.6772664483879798,
        1.0,
        0.9758652037354463,
        0.9485049885068733,
        1.0,
        0.5581768600108162,
        0.7868511219553491,
        0.07361529339400343,
        0.9835250718858488,
        0.8504367278358252,
        0.315200717451212,
        0.0,
        1.0,
        1.0,
        0.9060435298260734,
        1.0,
        1.0,
        1.0,
        1.0,
        0.9997945280814072,
        1.0,
        0.9611942906481825,
        NaN,
        NaN,
        NaN,
        NaN,
        NaN,
        NaN,
        NaN,
        NaN,
        NaN,
        NaN,
        NaN,
        NaN,
        NaN,
        NaN,
        NaN,
        NaN,
        NaN,
        NaN,
        NaN,
        NaN,
        NaN,
        NaN,
        NaN,
        NaN,
        NaN,
        NaN,
        NaN,
        NaN,
        NaN,
        NaN,
        NaN,
        NaN,
        NaN,
        NaN,
        NaN,
        NaN,
        NaN,
        NaN,
        NaN,
        NaN,
        NaN,
        NaN,
        NaN,
        NaN,
        NaN,
        NaN,
        NaN,
        NaN,
        NaN,
        NaN
    ],
    "paths": [
        "VisA/visa_pytorch/pipe_fryum/test/bad/000.JPG",
        "VisA/visa_pytorch/pipe_fryum/test/bad/001.JPG",
        "VisA/visa_pytorch/pipe_fryum/test/bad/002.JPG",
        "VisA/visa_pytorch/pipe_fryum/test/bad/003.JPG",
        "VisA/visa_pytorch/pipe_fryum/test/bad/004.JPG",
        "VisA/visa_pytorch/pipe_fryum/test/bad/005.JPG",
        "VisA/visa_pytorch/pipe_fryum/test/bad/006.JPG",
        "VisA/visa_pytorch/pipe_fryum/test/bad/007.JPG",
        "VisA/visa_pytorch/pipe_fryum/test/bad/008.JPG",
        "VisA/visa_pytorch/pipe_fryum/test/bad/009.JPG",
        "VisA/visa_pytorch/pipe_fryum/test/bad/010.JPG",
        "VisA/visa_pytorch/pipe_fryum/test/bad/011.JPG",
        "VisA/visa_pytorch/pipe_fryum/test/bad/012.JPG",
        "VisA/visa_pytorch/pipe_fryum/test/bad/013.JPG",
        "VisA/visa_pytorch/pipe_fryum/test/bad/014.JPG",
        "VisA/visa_pytorch/pipe_fryum/test/bad/015.JPG",
        "VisA/visa_pytorch/pipe_fryum/test/bad/016.JPG",
        "VisA/visa_pytorch/pipe_fryum/test/bad/017.JPG",
        "VisA/visa_pytorch/pipe_fryum/test/bad/018.JPG",
        "VisA/visa_pytorch/pipe_fryum/test/bad/019.JPG",
        "VisA/visa_pytorch/pipe_fryum/test/bad/020.JPG",
        "VisA/visa_pytorch/pipe_fryum/test/bad/021.JPG",
        "VisA/visa_pytorch/pipe_fryum/test/bad/022.JPG",
        "VisA/visa_pytorch/pipe_fryum/test/bad/023.JPG",
        "VisA/visa_pytorch/pipe_fryum/test/bad/024.JPG",
        "VisA/visa_pytorch/pipe_fryum/test/bad/025.JPG",
        "VisA/visa_pytorch/pipe_fryum/test/bad/026.JPG",
        "VisA/visa_pytorch/pipe_fryum/test/bad/027.JPG",
        "VisA/visa_pytorch/pipe_fryum/test/bad/028.JPG",
        "VisA/visa_pytorch/pipe_fryum/test/bad/029.JPG",
        "VisA/visa_pytorch/pipe_fryum/test/bad/030.JPG",
        "VisA/visa_pytorch/pipe_fryum/test/bad/031.JPG",
        "VisA/visa_pytorch/pipe_fryum/test/bad/032.JPG",
        "VisA/visa_pytorch/pipe_fryum/test/bad/033.JPG",
        "VisA/visa_pytorch/pipe_fryum/test/bad/034.JPG",
        "VisA/visa_pytorch/pipe_fryum/test/bad/035.JPG",
        "VisA/visa_pytorch/pipe_fryum/test/bad/036.JPG",
        "VisA/visa_pytorch/pipe_fryum/test/bad/037.JPG",
        "VisA/visa_pytorch/pipe_fryum/test/bad/038.JPG",
        "VisA/visa_pytorch/pipe_fryum/test/bad/039.JPG",
        "VisA/visa_pytorch/pipe_fryum/test/bad/040.JPG",
        "VisA/visa_pytorch/pipe_fryum/test/bad/041.JPG",
        "VisA/visa_pytorch/pipe_fryum/test/bad/042.JPG",
        "VisA/visa_pytorch/pipe_fryum/test/bad/043.JPG",
        "VisA/visa_pytorch/pipe_fryum/test/bad/044.JPG",
        "VisA/visa_pytorch/pipe_fryum/test/bad/045.JPG",
        "VisA/visa_pytorch/pipe_fryum/test/bad/046.JPG",
        "VisA/visa_pytorch/pipe_fryum/test/bad/047.JPG",
        "VisA/visa_pytorch/pipe_fryum/test/bad/048.JPG",
        "VisA/visa_pytorch/pipe_fryum/test/bad/049.JPG",
        "VisA/visa_pytorch/pipe_fryum/test/bad/050.JPG",
        "VisA/visa_pytorch/pipe_fryum/test/bad/051.JPG",
        "VisA/visa_pytorch/pipe_fryum/test/bad/052.JPG",
        "VisA/visa_pytorch/pipe_fryum/test/bad/053.JPG",
        "VisA/visa_pytorch/pipe_fryum/test/bad/054.JPG",
        "VisA/visa_pytorch/pipe_fryum/test/bad/055.JPG",
        "VisA/visa_pytorch/pipe_fryum/test/bad/056.JPG",
        "VisA/visa_pytorch/pipe_fryum/test/bad/057.JPG",
        "VisA/visa_pytorch/pipe_fryum/test/bad/058.JPG",
        "VisA/visa_pytorch/pipe_fryum/test/bad/059.JPG",
        "VisA/visa_pytorch/pipe_fryum/test/bad/060.JPG",
        "VisA/visa_pytorch/pipe_fryum/test/bad/061.JPG",
        "VisA/visa_pytorch/pipe_fryum/test/bad/062.JPG",
        "VisA/visa_pytorch/pipe_fryum/test/bad/063.JPG",
        "VisA/visa_pytorch/pipe_fryum/test/bad/064.JPG",
        "VisA/visa_pytorch/pipe_fryum/test/bad/065.JPG",
        "VisA/visa_pytorch/pipe_fryum/test/bad/066.JPG",
        "VisA/visa_pytorch/pipe_fryum/test/bad/067.JPG",
        "VisA/visa_pytorch/pipe_fryum/test/bad/068.JPG",
        "VisA/visa_pytorch/pipe_fryum/test/bad/069.JPG",
        "VisA/visa_pytorch/pipe_fryum/test/bad/070.JPG",
        "VisA/visa_pytorch/pipe_fryum/test/bad/071.JPG",
        "VisA/visa_pytorch/pipe_fryum/test/bad/072.JPG",
        "VisA/visa_pytorch/pipe_fryum/test/bad/073.JPG",
        "VisA/visa_pytorch/pipe_fryum/test/bad/074.JPG",
        "VisA/visa_pytorch/pipe_fryum/test/bad/075.JPG",
        "VisA/visa_pytorch/pipe_fryum/test/bad/076.JPG",
        "VisA/visa_pytorch/pipe_fryum/test/bad/077.JPG",
        "VisA/visa_pytorch/pipe_fryum/test/bad/078.JPG",
        "VisA/visa_pytorch/pipe_fryum/test/bad/079.JPG",
        "VisA/visa_pytorch/pipe_fryum/test/bad/080.JPG",
        "VisA/visa_pytorch/pipe_fryum/test/bad/081.JPG",
        "VisA/visa_pytorch/pipe_fryum/test/bad/082.JPG",
        "VisA/visa_pytorch/pipe_fryum/test/bad/083.JPG",
        "VisA/visa_pytorch/pipe_fryum/test/bad/084.JPG",
        "VisA/visa_pytorch/pipe_fryum/test/bad/085.JPG",
        "VisA/visa_pytorch/pipe_fryum/test/bad/086.JPG",
        "VisA/visa_pytorch/pipe_fryum/test/bad/087.JPG",
        "VisA/visa_pytorch/pipe_fryum/test/bad/088.JPG",
