{
    "shared_fpr_metric": "mean-per-image-fpr",
    "fpr_lower_bound": 1e-05,
    "fpr_upper_bound": 0.0001,
    "num_threshs": 8205,
    "thresh_lower_bound": 0.2837432324886322,
    "thresh_upper_bound": 0.45037415623664856,
    "aupimos": [
        0.9727359717451242,
        0.9999770611361195,
        0.98102063722822,
        0.9997890881905943,
        0.988405670531092,
        1.0,
        0.9858451964349965,
        0.9601497891630744,
        0.934041530903442,
        0.9292994560260814,
        0.9935722026248751,
        0.9939604378381286,
        0.9712921806951677,
        0.9961769305394548,
        0.9950601388564381,
        0.9913717806062519,
        1.0,
        0.9714144116022575,
        0.9957970566608698,
        0.9549810542765435,
        1.0,
        0.9711405812812314,
        0.9906092170004537,
        0.9977962380256743,
        1.0,
        0.9998848773136593,
        0.9726550623015509,
        0.9997299844886267,
        0.5740814033134036,
        0.9638523557372584,
        0.9700111196126251,
        0.752874126602799,
        3.4400486082942065e-06,
        0.0,
        0.05668201405368481,
        0.676084238874135,
        1.0,
        0.5826641806274487,
        0.9506912559816696,
        0.9615225664711167,
        1.0,
        0.8807656063595524,
        0.936949446718871,
        0.9842351157928134,
        0.7620471694008115,
        0.9659689633770754,
        0.9791576935865257,
        1.0,
        1.0,
        1.0,
        0.9952712682649355,
        0.9919183298056208,
        1.0,
        0.9944857008912841,
        1.0,
        0.971781724212863,
        1.0,
        0.9817120426372686,
        0.9220611741023228,
        0.9848261874436084,
        0.8986188747522953,
        0.9939950531602144,
        0.9775968907741727,
        0.9878891404196689,
        0.9657012266543482,
        0.7550814504240706,
        0.8117502234542111,
        1.0,
        0.6324390466251101,
        0.7624638952053562,
        0.42822744066940144,
        0.881991297966046,
        0.53884937036525,
        0.6323759527093555,
        0.8788213789585302,
        1.0,
        1.0,
        1.0,
        1.0,
        1.0,
        0.9991768968769815,
        0.999704796453239,
        1.0,
        1.0,
        1.0,
        0.8243700700389044,
        0.6631839159883853,
        1.0,
        1.0,
        1.0,
        0.9972950373607014,
        0.8233028716591636,
        1.0,
        0.906130909975173,
        1.0,
        1.0,
        1.0,
        1.0,
        1.0,
        0.8642749994912755,
        NaN,
        NaN,
        NaN,
        NaN,
        NaN,
        NaN,
        NaN,
        NaN,
        NaN,
        NaN,
        NaN,
        NaN,
        NaN,
        NaN,
        NaN,
        NaN,
        NaN,
        NaN,
        NaN,
        NaN,
        NaN,
        NaN,
        NaN,
        NaN,
        NaN,
        NaN,
        NaN,
        NaN,
        NaN,
        NaN,
        NaN,
        NaN,
        NaN,
        NaN,
        NaN,
        NaN,
        NaN,
        NaN,
        NaN,
        NaN,
        NaN,
        NaN,
        NaN,
        NaN,
        NaN,
        NaN,
        NaN,
        NaN,
        NaN,
        NaN
    ],
    "paths": [
        "VisA/visa_pytorch/chewinggum/test/bad/000.JPG",
        "VisA/visa_pytorch/chewinggum/test/bad/001.JPG",
        "VisA/visa_pytorch/chewinggum/test/bad/002.JPG",
        "VisA/visa_pytorch/chewinggum/test/bad/003.JPG",
        "VisA/visa_pytorch/chewinggum/test/bad/004.JPG",
        "VisA/visa_pytorch/chewinggum/test/bad/005.JPG",
        "VisA/visa_pytorch/chewinggum/test/bad/006.JPG",
        "VisA/visa_pytorch/chewinggum/test/bad/007.JPG",
        "VisA/visa_pytorch/chewinggum/test/bad/008.JPG",
        "VisA/visa_pytorch/chewinggum/test/bad/009.JPG",
        "VisA/visa_pytorch/chewinggum/test/bad/010.JPG",
        "VisA/visa_pytorch/chewinggum/test/bad/011.JPG",
        "VisA/visa_pytorch/chewinggum/test/bad/012.JPG",
        "VisA/visa_pytorch/chewinggum/test/bad/013.JPG",
        "VisA/visa_pytorch/chewinggum/test/bad/014.JPG",
        "VisA/visa_pytorch/chewinggum/test/bad/015.JPG",
        "VisA/visa_pytorch/chewinggum/test/bad/016.JPG",
        "VisA/visa_pytorch/chewinggum/test/bad/017.JPG",
        "VisA/visa_pytorch/chewinggum/test/bad/018.JPG",
        "VisA/visa_pytorch/chewinggum/test/bad/019.JPG",
        "VisA/visa_pytorch/chewinggum/test/bad/020.JPG",
        "VisA/visa_pytorch/chewinggum/test/bad/021.JPG",
        "VisA/visa_pytorch/chewinggum/test/bad/022.JPG",
        "VisA/visa_pytorch/chewinggum/test/bad/023.JPG",
        "VisA/visa_pytorch/chewinggum/test/bad/024.JPG",
        "VisA/visa_pytorch/chewinggum/test/bad/025.JPG",
        "VisA/visa_pytorch/chewinggum/test/bad/026.JPG",
        "VisA/visa_pytorch/chewinggum/test/bad/027.JPG",
        "VisA/visa_pytorch/chewinggum/test/bad/028.JPG",
        "VisA/visa_pytorch/chewinggum/test/bad/029.JPG",
        "VisA/visa_pytorch/chewinggum/test/bad/030.JPG",
        "VisA/visa_pytorch/chewinggum/test/bad/031.JPG",
        "VisA/visa_pytorch/chewinggum/test/bad/032.JPG",
        "VisA/visa_pytorch/chewinggum/test/bad/033.JPG",
        "VisA/visa_pytorch/chewinggum/test/bad/034.JPG",
        "VisA/visa_pytorch/chewinggum/test/bad/035.JPG",
        "VisA/visa_pytorch/chewinggum/test/bad/036.JPG",
        "VisA/visa_pytorch/chewinggum/test/bad/037.JPG",
        "VisA/visa_pytorch/chewinggum/test/bad/038.JPG",
        "VisA/visa_pytorch/chewinggum/test/bad/039.JPG",
        "VisA/visa_pytorch/chewinggum/test/bad/040.JPG",
        "VisA/visa_pytorch/chewinggum/test/bad/041.JPG",
        "VisA/visa_pytorch/chewinggum/test/bad/042.JPG",
        "VisA/visa_pytorch/chewinggum/test/bad/043.JPG",
        "VisA/visa_pytorch/chewinggum/test/bad/044.JPG",
        "VisA/visa_pytorch/chewinggum/test/bad/045.JPG",
        "VisA/visa_pytorch/chewinggum/test/bad/046.JPG",
        "VisA/visa_pytorch/chewinggum/test/bad/047.JPG",
        "VisA/visa_pytorch/chewinggum/test/bad/048.JPG",
        "VisA/visa_pytorch/chewinggum/test/bad/049.JPG",
        "VisA/visa_pytorch/chewinggum/test/bad/050.JPG",
        "VisA/visa_pytorch/chewinggum/test/bad/051.JPG",
        "VisA/visa_pytorch/chewinggum/test/bad/052.JPG",
        "VisA/visa_pytorch/chewinggum/test/bad/053.JPG",
        "VisA/visa_pytorch/chewinggum/test/bad/054.JPG",
        "VisA/visa_pytorch/chewinggum/test/bad/055.JPG",
        "VisA/visa_pytorch/chewinggum/test/bad/056.JPG",
        "VisA/visa_pytorch/chewinggum/test/bad/057.JPG",
        "VisA/visa_pytorch/chewinggum/test/bad/058.JPG",
        "VisA/visa_pytorch/chewinggum/test/bad/059.JPG",
        "VisA/visa_pytorch/chewinggum/test/bad/060.JPG",
        "VisA/visa_pytorch/chewinggum/test/bad/061.JPG",
        "VisA/visa_pytorch/chewinggum/test/bad/062.JPG",
        "VisA/visa_pytorch/chewinggum/test/bad/063.JPG",
        "VisA/visa_pytorch/chewinggum/test/bad/064.JPG",
        "VisA/visa_pytorch/chewinggum/test/bad/065.JPG",
        "VisA/visa_pytorch/chewinggum/test/bad/066.JPG",
        "VisA/visa_pytorch/chewinggum/test/bad/067.JPG",
        "VisA/visa_pytorch/chewinggum/test/bad/068.JPG",
        "VisA/visa_pytorch/chewinggum/test/bad/069.JPG",
        "VisA/visa_pytorch/chewinggum/test/bad/070.JPG",
        "VisA/visa_pytorch/chewinggum/test/bad/071.JPG",
        "VisA/visa_pytorch/chewinggum/test/bad/072.JPG",
        "VisA/visa_pytorch/chewinggum/test/bad/073.JPG",
        "VisA/visa_pytorch/chewinggum/test/bad/074.JPG",
        "VisA/visa_pytorch/chewinggum/test/bad/075.JPG",
        "VisA/visa_pytorch/chewinggum/test/bad/076.JPG",
        "VisA/visa_pytorch/chewinggum/test/bad/077.JPG",
        "VisA/visa_pytorch/chewinggum/test/bad/078.JPG",
        "VisA/visa_pytorch/chewinggum/test/bad/079.JPG",
        "VisA/visa_pytorch/chewinggum/test/bad/080.JPG",
        "VisA/visa_pytorch/chewinggum/test/bad/081.JPG",
        "VisA/visa_pytorch/chewinggum/test/bad/082.JPG",
