{
    "avg_iou": 0.4158812795232116,
    "thresh": 1.1549748182296753,
    "ious_at_thresh": [
        0.5576324996760399,
        0.28777109531620193,
        0.0,
        0.4376073753236383,
        0.463680387409201,
        0.4944983113628936,
        0.4695188782644847,
        0.3880557794050664,
        0.598733981781689,
        0.43581202736766295,
        0.29097748679071905,
        0.49769501395123134,
        0.034308586676832176,
        0.27073577762279566,
        0.6376667937476173,
        0.4292531615366261,
        0.5700381679389313,
        0.28699501106568137,
        0.41951606156014004,
        0.5900636942675159,
        0.5592070267394943,
        0.643458731049972,
        0.10822808691984996,
        0.20038355186870038,
        0.5100161836504331,
        0.2820043766668946,
        0.3757598945712707,
        0.3979159882774341,
        0.35824430682687325,
        0.2995806431522348,
        0.4103076394259689,
        0.4848212642993972,
        0.2932843124952945,
        0.5041595789921327,
        0.4482439106928475,
        0.10355697289341347,
        0.08121620650272744,
        0.1563027642433306,
        0.09687512376727792,
        0.15734772275938405,
        0.15049377259652658,
        0.25834851615901006,
        0.17467453965970287,
        0.1627113816262893,
        0.1908229934664029,
        0.15414773140878318,
        0.21977714764966652,
        0.32901248490798846,
        0.20485433383936963,
        0.2243615546312447,
        0.20288344030150496,
        0.25941310790458144,
        0.19479911942762795,
        0.3238964175499799,
        0.1692880683797326,
        0.0,
        0.3117122818119496,
        0.0,
        0.5255284342847303,
        0.0,
        0.6056721939189409,
        0.24514917588149385,
        0.0,
        0.0,
        0.0,
        0.2506517690875233,
        0.37502239741981724,
        0.148811204608347,
        NaN,
        NaN,
        NaN,
        NaN,
        NaN,
        NaN,
        NaN,
        NaN,
        NaN,
        NaN,
        NaN,
        NaN,
        NaN,
        NaN,
        NaN,
        NaN,
        NaN,
        NaN,
        NaN,
        NaN,
        NaN,
        NaN,
        NaN,
        NaN,
        NaN,
        NaN,
        NaN,
        NaN,
        NaN,
        NaN,
        NaN,
        NaN,
        0.6768901233405518,
        0.7259431699038615,
        0.6438714207692908,
        0.6318450363196126,
        0.7143618291719488,
        0.4822015486602418,
        0.5452826540039964,
        0.7582849697974654,
        0.5373295739832374,
        0.797792633137422,
        0.7008183619973147,
        0.6339706915587674,
        0.5967462882740306,
        0.7171514300924358,
        0.7709152691690526,
        0.4865751613931147,
        0.7831250611765473,
        0.6947617530605743,
        0.5885644343416682,
        0.4140011223344557,
        0.696276375672321,
        0.5386992379162752,
        0.7382570162481537,
        0.6124323750928184,
        0.5690768505944628,
        0.49771813293570105,
        0.3994090257879656,
        0.6515862025555486,
        0.6048548254378747,
        0.44578095227957376,
        0.5125197819588535,
        0.5916677813944501,
        0.4843474621078604,
        0.6280241710705287,
        0.3309313441483198,
        0.7020519967321832,
        0.3933831823895317,
        0.28636647604401944,
        0.17601764813331647,
        0.5384558606436375,
        0.7344470046082949,
        0.37854801977448205,
        0.6935154720752988,
        0.18548030101814963,
        0.6230125790179427,
        0.7402798669036875,
        0.4638320467262999,
        0.6263788399952556,
        0.7165617623918175,
        0.4587361069710003,
        0.25728458876985283
    ],
    "image_classes": [
        1,
        1,
        1,
        1,
        1,
        1,
        1,
        1,
        1,
        1,
        1,
        1,
        1,
        1,
        1,
        1,
        1,
        1,
        1,
        1,
        1,
        1,
        1,
        1,
        1,
        1,
        1,
        1,
        1,
        1,
        1,
        1,
        1,
        1,
        1,
        1,
        1,
        1,
        1,
        1,
        1,
        1,
        1,
        1,
        1,
        1,
        1,
        1,
        1,
        1,
        1,
        1,
        1,
        1,
        1,
        1,
        1,
        1,
        1,
        1,
        1,
        1,
        1,
        1,
        1,
        1,
        1,
        1,
        0,
        0,
        0,
        0,
        0,
        0,
        0,
        0,
        0,
        0,
        0,
        0,
        0,
        0,
        0,
        0,
        0,
        0,
        0,
        0,
        0,
        0,
        0,
        0,
        0,
        0,
        0,
        0,
        0,
        0,
        0,
        0,
        1,
        1,
        1,
        1,
        1,
        1,
        1,
        1,
        1,
        1,
        1,
        1,
        1,
        1,
        1,
        1,
        1,
        1,
        1,
        1,
        1,
        1,
        1,
        1,
        1,
        1,
        1,
        1,
        1,
        1,
        1,
        1,
        1,
        1,
        1,
        1,
        1,
        1,
        1,
        1,
        1,
        1,
        1,
        1,
        1,
        1,
        1,
        1,
        1,
        1,
        1
    ],