{
    "shared_fpr_metric": "mean-per-image-fpr",
    "fpr_lower_bound": 1e-05,
    "fpr_upper_bound": 0.0001,
    "num_threshs": 1540,
    "thresh_lower_bound": 0.7605723738670349,
    "thresh_upper_bound": 0.7859473824501038,
    "aupimos": [
        0.0,
        1.0,
        0.9484392367505204,
        0.9960385354383628,
        1.0,
        0.8350036355560556,
        1.0,
        0.0,
        1.0,
        0.9318086759493717,
        1.0,
        0.9730325405596985,
        0.890044873348842,
        1.0,
        0.0055835532750386505,
        0.9846911779998424,
        0.6182117195541713,
        0.0,
        0.006426689808958514,
        0.8734135443617285,
        0.05084888779402634,
        0.04475412577447224,
        1.0,
        0.9592922644134749,
        0.9474126521579205,
        0.4341435288455111,
        0.8934248126185064,
        1.0,
        0.9655988749975432,
        0.3611611144263395,
        0.5753598901646293,
        0.2222160443355165,
        0.11659415864937113,
        0.8388329147611525,
        0.8696691313896174,
        0.783113052210642,
        0.8840274080124308,
        0.9867333672232145,
        1.0,
        0.8822022557956386,
        0.3498006246569237,
        0.9999243053732306,
        0.0009701618414485112,
        0.632113699595071,
        0.822151053444024,
        1.0,
        0.0,
        0.385387636909182,
        0.2316601361637394,
        0.9790887292951476,
        0.9689819565011629,
        0.01581987917848536,
        0.7154666774780561,
        1.0,
        0.971357124105483,
        0.0,
        0.9988719834218049,
        1.0,
        0.9975783420444777,
        0.8151891481927089,
        0.9995196932824143,
        0.8759551967757868,
        0.3735096110101279,
        0.18017308349976735,
        0.0,
        6.750428499281586e-05,
        0.0,
        0.6132625689669171,
        0.8333464253431907,
        0.9978977447125441,
        0.020810864498941435,
        0.0,
        0.042713979861457634,
        0.08068702203341437,
        0.9526724339362955,
        1.0,
        0.0,
        6.059472012172736e-05,
        0.8627347061485854,
        0.0,
        0.7392327953993153,
        1.0,
        0.7193304776673463,
        0.0,
        0.9994716594505908,
        0.7343180753653409,
        0.09772050532040616,
        0.0,
        0.0,
        0.9565031642533712,
        0.06725459530494153,
        0.5130082671521762,
        0.386766729090101,
        0.0072045702699775945,
        0.37271801266834986,
        0.044869695868142136,
        0.688850216151914,
        0.3405355993609282,
        0.4352947642136261,
        0.9903899704114973,
        0.06028610906360458,
        0.8128001937106515,
        0.1678442518424946,
        0.511288199503599,
        0.649508191421927,
        0.6600658983491102,
        0.7671576795768473,
        0.9391814994776101,
        NaN,
        NaN,
        NaN,
        NaN,
        NaN,
        NaN,
        NaN,
        NaN,
        NaN,
        NaN,
        NaN,
        NaN,
        NaN,
        NaN,
        NaN,
        NaN,
        NaN,
        NaN,
        NaN,
        NaN,
        NaN,
        NaN,
        NaN,
        NaN,
        NaN,
        NaN,
        1.0,
        1.0,
        0.7729035675716354,
        0.7097961894503726,
        0.7300480380318729,
        1.0,
        1.0,
        0.9181047883389467,
        0.9435392093107188,
        0.04211952016752347,
        0.0,
        0.8085737996148521,
        0.5216172406004099,
        0.08845721245032703,
        0.0,
        0.007174248260934777,
        0.21591145754565433,
        0.09845777598141096,
        0.5377751602988786,
        0.8633385253741506,
        0.5568028287155552,
        0.4715508934143094,
        0.6936316145465212,
        0.7425940103598148,
        0.7903496167747445,
        0.0,
        0.0,
        0.8501389003579813,
        0.7917843785426403,
        0.6580413867539137,
        0.9573864968582552,
        0.013672386351548575,
        0.3369027637398079
    ],