{
    "avg_iou": 0.12397100021495204,
    "thresh": 0.34589904987367986,
    "ious_at_thresh": [
        0.10087761597068184,
        0.08908822806586385,
        0.12047053880894865,
        0.15077910174152154,
        0.12454407970821102,
        0.1665304454434001,
        0.1324435318275154,
        0.06821480406386067,
        0.07119842012264838,
        0.17336059588140793,
        0.1289836347975883,
        0.34887664264518864,
        0.3333333333333333,
        0.1752712923380467,
        0.14063777596075225,
        0.16075949367088607,
        0.262037037037037,
        0.24205378973105135,
        0.0,
        0.6814244465832531,
        0.3511019989748847,
        0.18219539796303283,
        0.0,
        0.0,
        0.24696356275303644,
        0.27023712183156173,
        0.0,
        0.4538087520259319,
        0.0,
        0.3464309102815979,
        0.015340536023398793,
        0.031657551535549014,
        0.03990072546773578,
        0.029189789123196447,
        0.04619826756496631,
        0.03583426651735722,
        0.07265170407315046,
        0.027491948786426832,
        0.030437072143233282,
        0.03453333333333333,
        0.020774380564566222,
        0.05951478392721759,
        0.11890416117491998,
        0.1932059447983015,
        0.020053081686818047,
        0.0992,
        0.1331162222674537,
        0.0,
        0.36869340232858994,
        0.34138696617474207,
        0.2754515599343186,
        0.019680851063829788,
        0.33588175331294595,
        0.0,
        0.3687264287786481,
        0.3201871657754011,
        0.3658753709198813,
        0.04963805584281282,
        0.6534313725490196,
        0.0,
        0.0,
        0.16964285714285715,
        0.0,
        0.0,
        0.040783034257748776,
        0.0,
        0.32885032537960956,
        0.33682514101531025,
        0.0,
        0.0,
        0.0,
        0.07953746885581038,
        0.010915541001500887,
        0.0,
        0.004074979625101874,
        0.0,
        0.0,
        0.264,
        0.0,
        0.05486632884850603,
        0.0,
        0.0,
        0.03304466727438469,
        0.10953430697161752,
        0.0,
        0.09963200218072782,
        0.14320685434516525,
        0.0,
        0.09723614492338536,
        0.028489483747609942,
        0.10820969337289812,
        0.11600558102451665,
        0.1385083713850837,
        0.11125278928912974,
        0.05483065953654189,
        0.10816461267605634,
        0.081296992481203,
        0.07335834896810507,
        0.1762545899632803,
        0.0,
        NaN,
        NaN,
        NaN,
        NaN,
        NaN,
        NaN,
        NaN,
        NaN,
        NaN,
        NaN,
        NaN,
        NaN,
        NaN,
        NaN,
        NaN,
        NaN,
        NaN,
        NaN,
        NaN,
        NaN,
        NaN,
        NaN,
        NaN,
        NaN,
        NaN,
        NaN,
        NaN,
        NaN,
        NaN,
        NaN,
        NaN,
        NaN,
        NaN,
        NaN,
        NaN,
        NaN,
        NaN,
        NaN,
        NaN,
        NaN,
        NaN,
        NaN,
        NaN,
        NaN,
        NaN,
        NaN,
        NaN,
        NaN,
        NaN,
        NaN,
        NaN,
        NaN,
        NaN,
        NaN,
        NaN,
        NaN,
        NaN,
        NaN,
        NaN,
        NaN,
        NaN,
        NaN,
        NaN,
        NaN,
        NaN,
        NaN,
        NaN,
        NaN,
        NaN,
        NaN,
        NaN,
        NaN,
        NaN,
        NaN,
        NaN,
        NaN,
        NaN,
        NaN,
        NaN,
        NaN,
        NaN,
        NaN,
        NaN,
        NaN,
        NaN,
        NaN,
        NaN,
        NaN,
        NaN,
        NaN,
        NaN,
        NaN,
        NaN,
        NaN,
        NaN,
        NaN,
        NaN,
        NaN,
        NaN,
        NaN
    ],
    "image_classes": [
        1,
        1,
        1,
        1,
        1,
        1,
        1,
        1,
        1,
        1,
        1,
        1,
        1,
        1,
        1,
        1,
        1,
        1,
        1,
        1,
        1,
        1,
        1,
        1,
        1,
        1,
        1,
        1,
        1,
        1,
        1,
        1,
        1,
        1,
        1,
        1,
        1,
        1,
        1,
        1,
        1,
        1,
        1,
        1,
        1,
        1,
        1,
        1,
        1,
        1,
        1,
        1,
        1,
        1,
        1,
        1,
        1,
        1,
        1,
        1,
        1,
        1,
        1,
        1,
        1,
        1,
        1,
        1,
        1,
        1,
        1,
        1,
        1,
        1,
        1,
        1,
        1,
        1,
        1,
        1,
        1,
        1,
        1,
        1,
        1,
        1,
        1,
        1,
        1,
        1,
        1,
        1,
        1,
        1,
        1,
        1,
        1,
        1,
        1,
        1,
        0,
        0,
        0,
        0,
        0,
        0,
        0,
        0,
        0,
        0,
        0,
        0,
        0,
        0,
        0,
        0,
        0,
        0,
        0,
        0,
        0,
        0,
        0,
        0,
        0,
        0,
        0,
        0,
        0,
        0,
        0,
        0,
        0,
        0,
        0,
        0,
        0,
        0,
        0,
        0,
        0,
        0,
        0,
        0,
        0,
        0,
        0,
        0,
        0,
        0,
        0,
        0,
        0,
        0,
        0,
        0,
        0,
        0,
        0,
        0,
        0,
        0,
        0,
        0,
        0,
        0,
        0,
        0,
        0,
        0,
        0,
        0,
        0,
        0,
        0,
        0,
        0,
        0,
        0,
        0,
        0,
        0,
        0,
        0,
        0,
        0,
        0,
        0,
        0,
        0,
        0,
        0,
        0,
        0,
        0,
        0,
        0,
        0,
        0,
        0
    ],