{
    "shared_fpr_metric": "mean-per-image-fpr",
    "fpr_lower_bound": 1e-05,
    "fpr_upper_bound": 0.0001,
    "num_threshs": null,
    "thresh_lower_bound": 247.9397430419922,
    "thresh_upper_bound": 287.64080810546875,
    "aupimos": [
        0.0,
        0.0,
        0.0,
        0.0,
        0.0,
        0.0,
        0.0,
        0.05074964633627479,
        0.0,
        0.0,
        0.0,
        0.0,
        0.0,
        0.24258951232287806,
        0.0,
        0.0,
        0.0,
        0.3575547870732126,
        0.19476936395877467,
        0.0005788791917378364,
        0.0,
        0.0,
        0.1890535501473819,
        0.03732277345481319,
        0.020949121781212676,
        0.42634203782327534,
        0.0,
        0.0,
        0.0,
        0.14016086940506417,
        0.20265928552477344,
        0.0020753716417380463,
        0.25221239925945105,
        0.0,
        0.12634875653308186,
        0.7238626987114927,
        0.9833471171854834,
        0.047601160133318034,
        0.9780955107314148,
        0.653591927281768,
        0.8592094908341503,
        0.0807142522583376,
        0.30311758220068846,
        0.3965241572922096,
        0.7672006545848582,
        0.8164627037176734,
        0.5566477464569826,
        0.4919255074902434,
        0.9230196953357994,
        0.8177423215876658,
        0.42495536937881734,
        0.32734031690244847,
        0.0,
        0.0,
        0.0,
        0.0,
        0.0,
        0.0,
        0.0,
        0.0,
        0.0,
        0.0,
        0.0,
        0.0,
        0.0,
        0.0,
        0.0015580614071975642,
        0.0,
        NaN,
        NaN,
        NaN,
        NaN,
        NaN,
        NaN,
        NaN,
        NaN,
        NaN,
        NaN,
        NaN,
        NaN,
        NaN,
        NaN,
        NaN,
        NaN,
        NaN,
        NaN,
        NaN,
        NaN,
        NaN,
        NaN,
        NaN,
        NaN,
        NaN,
        NaN,
        NaN,
        NaN,
        NaN,
        NaN,
        NaN,
        NaN,
        0.0,
        0.0,
        0.0,
        0.000528735131417538,
        0.027456653965053132,
        0.0,
        0.0,
        0.0,
        0.0,
        0.0,
        0.0,
        0.0,
        0.0,
        0.0,
        0.0,
        0.0038439242985540503,
        0.0,
        0.0,
        0.0,
        0.0,
        0.0,
        0.012150262125195231,
        0.0,
        0.0,
        0.0,
        0.0,
        0.0,
        0.0,
        0.0,
        0.0,
        0.0,
        0.0,
        0.0,
        0.0,
        0.0,
        0.0,
        0.0,
        0.0,
        0.00010514393078277828,
        0.0,
        0.0,
        0.0,
        0.0,
        0.0,
        0.0,
        0.0,
        0.0,
        0.0,
        0.0,
        0.0,
        0.021272115847754968
    ],
    "paths": [
        "MVTec/zipper/test/broken_teeth/000.png",
        "MVTec/zipper/test/broken_teeth/001.png",
        "MVTec/zipper/test/broken_teeth/002.png",
        "MVTec/zipper/test/broken_teeth/003.png",
        "MVTec/zipper/test/broken_teeth/004.png",
        "MVTec/zipper/test/broken_teeth/005.png",
        "MVTec/zipper/test/broken_teeth/006.png",
        "MVTec/zipper/test/broken_teeth/007.png",
        "MVTec/zipper/test/broken_teeth/008.png",
        "MVTec/zipper/test/broken_teeth/009.png",
        "MVTec/zipper/test/broken_teeth/010.png",
        "MVTec/zipper/test/broken_teeth/011.png",
        "MVTec/zipper/test/broken_teeth/012.png",
        "MVTec/zipper/test/broken_teeth/013.png",
        "MVTec/zipper/test/broken_teeth/014.png",
        "MVTec/zipper/test/broken_teeth/015.png",
        "MVTec/zipper/test/broken_teeth/016.png",
        "MVTec/zipper/test/broken_teeth/017.png",
        "MVTec/zipper/test/broken_teeth/018.png",
        "MVTec/zipper/test/combined/000.png",
        "MVTec/zipper/test/combined/001.png",
        "MVTec/zipper/test/combined/002.png",
        "MVTec/zipper/test/combined/003.png",
        "MVTec/zipper/test/combined/004.png",
        "MVTec/zipper/test/combined/005.png",
        "MVTec/zipper/test/combined/006.png",
        "MVTec/zipper/test/combined/007.png",
        "MVTec/zipper/test/combined/008.png",
        "MVTec/zipper/test/combined/009.png",
        "MVTec/zipper/test/combined/010.png",
        "MVTec/zipper/test/combined/011.png",
        "MVTec/zipper/test/combined/012.png",
        "MVTec/zipper/test/combined/013.png",
        "MVTec/zipper/test/combined/014.png",
        "MVTec/zipper/test/combined/015.png",
        "MVTec/zipper/test/fabric_border/000.png",
        "MVTec/zipper/test/fabric_border/001.png",
        "MVTec/zipper/test/fabric_border/002.png",
        "MVTec/zipper/test/fabric_border/003.png",
        "MVTec/zipper/test/fabric_border/004.png",
        "MVTec/zipper/test/fabric_border/005.png",
        "MVTec/zipper/test/fabric_border/006.png",
        "MVTec/zipper/test/fabric_border/007.png",
        "MVTec/zipper/test/fabric_border/008.png",
        "MVTec/zipper/test/fabric_border/009.png",
        "MVTec/zipper/test/fabric_border/010.png",
        "MVTec/zipper/test/fabric_border/011.png",
        "MVTec/zipper/test/fabric_border/012.png",
        "MVTec/zipper/test/fabric_border/013.png",
        "MVTec/zipper/test/fabric_border/014.png",
        "MVTec/zipper/test/fabric_border/015.png",
        "MVTec/zipper/test/fabric_border/016.png",
        "MVTec/zipper/test/fabric_interior/000.png",
        "MVTec/zipper/test/fabric_interior/001.png",
        "MVTec/zipper/test/fabric_interior/002.png",
        "MVTec/zipper/test/fabric_interior/003.png",
        "MVTec/zipper/test/fabric_interior/004.png",
        "MVTec/zipper/test/fabric_interior/005.png",
        "MVTec/zipper/test/fabric_interior/006.png",
        "MVTec/zipper/test/fabric_interior/007.png",
        "MVTec/zipper/test/fabric_interior/008.png",
        "MVTec/zipper/test/fabric_interior/009.png",
        "MVTec/zipper/test/fabric_interior/010.png",
        "MVTec/zipper/test/fabric_interior/011.png",
        "MVTec/zipper/test/fabric_interior/012.png",
        "MVTec/zipper/test/fabric_interior/013.png",
        "MVTec/zipper/test/fabric_interior/014.png",
        "MVTec/zipper/test/fabric_interior/015.png",
        "MVTec/zipper/test/good/000.png",
        "MVTec/zipper/test/good/001.png",
        "MVTec/zipper/test/good/002.png",
        "MVTec/zipper/test/good/003.png",
        "MVTec/zipper/test/good/004.png",
        "MVTec/zipper/test/good/005.png",
        "MVTec/zipper/test/good/006.png",
        "MVTec/zipper/test/good/007.png",
        "MVTec/zipper/test/good/008.png",
        "MVTec/zipper/test/good/009.png",
        "MVTec/zipper/test/good/010.png",
        "MVTec/zipper/test/good/011.png",
        "MVTec/zipper/test/good/012.png",
        "MVTec/zipper/test/good/013.png",
        "MVTec/zipper/test/good/014.png",
        "MVTec/zipper/test/good/015.png",
        "MVTec/zipper/test/good/016.png",
        "MVTec/zipper/test/good/017.png",
        "MVTec/zipper/test/good/018.png",
        "MVTec/zipper/test/good/019.png",
        "MVTec/zipper/test/good/020.png",
        "MVTec/zipper/test/good/021.png",
        "MVTec/zipper/test/good/022.png",
        "MVTec/zipper/test/good/023.png",
        "MVTec/zipper/test/good/024.png",
        "MVTec/zipper/test/good/025.png",
        "MVTec/zipper/test/good/026.png",
        "MVTec/zipper/test/good/027.png",
        "MVTec/zipper/test/good/028.png",
        "MVTec/zipper/test/good/029.png",
        "MVTec/zipper/test/good/030.png",
        "MVTec/zipper/test/good/031.png",
        "MVTec/zipper/test/rough/000.png",
        "MVTec/zipper/test/rough/001.png",
        "MVTec/zipper/test/rough/002.png",
        "MVTec/zipper/test/rough/003.png",
        "MVTec/zipper/test/rough/004.png",
        "MVTec/zipper/test/rough/005.png",
        "MVTec/zipper/test/rough/006.png",
        "MVTec/zipper/test/rough/007.png",
        "MVTec/zipper/test/rough/008.png",
