{
    "ious": [
        0.7457730642161081,
        0.6230011696115283,
        0.6654223855739965,
        0.7158570516082235,
        0.5908435898041624,
        0.6714135156671722,
        0.7303922492009971,
        0.7967968100135997,
        0.7886409638165588,
        0.6649787479666265,
        0.7034827239354523,
        0.7162303168279264,
        0.5823820421811404,
        0.6924283755706633,
        0.6952703550370092,
        0.636544721925012,
        0.7947057865172519,
        0.6927497723574808,
        0.7686721911137689,
        0.7022243631080483,
        0.6045918367346939,
        0.5658365221755223,
        0.6402045877247365,
        0.8122837250982284,
        0.5605923845819544,
        0.697075941378585,
        0.7075969612155137,
        0.6513291341945127,
        0.475408270461274,
        0.6388232417895852,
        0.7425067426594066,
        0.7562214908482014,
        0.7339527273789698,
        0.5957079693734498,
        0.45266190998902306,
        0.612885119121866,
        0.867919345090929,
        0.7811466372657111,
        0.7842569093343459,
        0.7440104372578477,
        0.7257167555107333,
        0.6102740782639996,
        0.6235143175377501,
        0.017679423285019737,
        0.5632669483001408,
        0.08307418924922257,
        0.30862795977943563,
        0.69836436157791,
        0.7145981148790473,
        0.5394955746323284,
        0.44214795936681145,
        0.2667413113579362,
        0.30579190374522774,
        0.6958958312638654,
        0.36140382356779327,
        0.6553073330809037,
        0.17869746551170998,
        0.5303542852512813,
        0.24879135117625623,
        0.6607857050703135,
        0.40834369388037023,
        0.0,
        0.22453350908267083,
        NaN,
        NaN,
        NaN,
        NaN,
        NaN,
        NaN,
        NaN,
        NaN,
        NaN,
        NaN,
        NaN,
        NaN,
        NaN,
        NaN,
        NaN,
        NaN,
        NaN,
        NaN,
        NaN,
        NaN
    ],
    "threshs": [
        0.6688379049301147,
        0.6562311053276062,
        0.656330943107605,
        0.6545926332473755,
        0.6446848511695862,
        0.6625969409942627,
        0.6450710296630859,
        0.6611406803131104,
        0.6774144172668457,
        0.6444741487503052,
        0.6799713969230652,
        0.6444818377494812,
        0.644494354724884,
        0.644817054271698,
        0.6444754600524902,
        0.644485354423523,
        0.6544496417045593,
        0.6444778442382812,
        0.6499854326248169,
        0.6444608569145203,
        0.6444675326347351,
        0.683630108833313,
        0.6444510221481323,
        0.6444879174232483,
        0.6444624662399292,
        0.6554908156394958,
        0.644544243812561,
        0.6444500088691711,
        0.6444746255874634,
        0.644456148147583,
        0.6444931030273438,
        0.6445229053497314,
        0.6445037722587585,
        0.6444908380508423,
        0.6444870829582214,
        0.6446111798286438,
        0.6566063761711121,
        0.6501293778419495,
        0.6444805860519409,
        0.6445338129997253,
        0.6446199417114258,
        0.6779049634933472,
        0.6444900035858154,
        0.6444643139839172,
        0.6444607377052307,
        0.6444780826568604,
        0.6444917321205139,
        0.6444780230522156,
        0.6444610357284546,
        0.6676190495491028,
        0.6444684267044067,
        0.6444662809371948,
        0.6444969773292542,
        0.644459068775177,
        0.6444790959358215,
        0.6964657306671143,
        0.7335647344589233,
        0.6444765329360962,
        0.6444880962371826,
        0.6829837560653687,
        0.759288489818573,
        0.6444500088691711,
        0.6444898843765259,
        NaN,
        NaN,
        NaN,
        NaN,
        NaN,
        NaN,
        NaN,
        NaN,
        NaN,
        NaN,
        NaN,
        NaN,
        NaN,
        NaN,
        NaN,
        NaN,
        NaN,
        NaN,
        NaN,
        NaN
    ],
    "image_classes": [
        1,
        1,
        1,
        1,
        1,
        1,
        1,
        1,
        1,
        1,
        1,
        1,
        1,
        1,
        1,
        1,
        1,
        1,
        1,
        1,
        1,
        1,
        1,
        1,
        1,
        1,
        1,
        1,
        1,
        1,
        1,
        1,
        1,
        1,
        1,
        1,
        1,
        1,
        1,
        1,
        1,
        1,
        1,
        1,
        1,
        1,
        1,
        1,
        1,
        1,
        1,
        1,
        1,
        1,
        1,
        1,
        1,
        1,
        1,
        1,
        1,
        1,
        1,
        0,
        0,
        0,
        0,
        0,
        0,
        0,
        0,
        0,
        0,
        0,
        0,
        0,
        0,
        0,
        0,
        0,
        0,
        0,
        0
    ],