{
    "shared_fpr_metric": "mean-per-image-fpr",
    "fpr_lower_bound": 1e-05,
    "fpr_upper_bound": 0.0001,
    "num_threshs": 7143,
    "thresh_lower_bound": 0.5273781411040762,
    "thresh_upper_bound": 0.6403736169538827,
    "aupimos": [
        0.9998135675086617,
        0.9998135675086617,
        0.9985220189535169,
        0.9998135675086617,
        0.9085690077362967,
        0.9998135675086617,
        0.9990196493081417,
        0.9907503925023616,
        0.9762319859162696,
        0.9998135675086617,
        0.9841337286792463,
        0.9998135675086617,
        0.9998135675086617,
        0.9928540318566724,
        0.9998135675086617,
        0.9480622557049444,
        0.9980284987635899,
        0.9992974825844574,
        0.9998135675086617,
        0.714960014456472,
        0.4050425720114084,
        0.9922643849490743,
        0.9996692571287035,
        0.7351411795139058,
        0.7231263255928629,
        0.8870202553093548,
        0.9998135675086617,
        0.7562645835615568,
        0.9420921657665003,
        0.9330216422939704,
        0.9953195541069008,
        0.9996145565164789,
        0.9910567087087804,
        0.9992424325826366,
        0.9404390473471733,
        NaN,
        NaN,
        NaN,
        NaN,
        NaN,
        NaN,
        NaN,
        NaN,
        NaN,
        NaN,
        NaN,
        NaN,
        NaN,
        NaN,
        NaN,
        NaN,
        NaN,
        NaN,
        NaN,
        NaN,
        NaN,
        NaN,
        NaN,
        NaN,
        NaN,
        NaN,
        NaN,
        NaN,
        NaN,
        NaN,
        NaN,
        NaN,
        NaN,
        0.1669998170704947,
        0.31076322568146975,
        0.029639002897163032,
        0.014275955249123786,
        0.7244578559662541,
        0.05677754200115088,
        0.14514449267403665,
        0.46747120348002813,
        0.14483484802382127,
        0.12890078729608961,
        0.37292315748713006,
        0.4966301741222131,
        3.0804561654032003e-07,
        0.38432169542380673,
        0.5811776933439944,
        0.22305476659717896,
        0.47035352877768266,
        0.760495104223767,
        0.7181890370932381,
        0.6389117192579444,
        0.614093462761258,
        0.7750847351707859,
        0.5966233163371684,
        0.5752209696549601,
        0.5870015042455444,
        0.8372491974531537,
        0.7691146611053813,
        0.8569383484543351,
        0.8605442530533993,
        0.8360097120110712,
        0.5140633008758924,
        0.2632907743914115,
        0.4837741112216145,
        0.4166713861868454,
        0.4175978282425496,
        0.6244054901702857,
        0.005995818379571522,
        0.13509808340719628,
        0.8743681579206452,
        0.2664537111443233,
        0.4328003473867658,
        0.5028751236163097,
        0.8151608250410226,
        0.9080099488314208,
        0.44651320790351534,
        0.8477493929691428,
        0.18959579148304548,
        0.29448240401644044,
        0.7627273590779644
    ],
    "paths": [
        "MVTec/tile/test/crack/000.png",
        "MVTec/tile/test/crack/001.png",
        "MVTec/tile/test/crack/002.png",
        "MVTec/tile/test/crack/003.png",
        "MVTec/tile/test/crack/004.png",
        "MVTec/tile/test/crack/005.png",
        "MVTec/tile/test/crack/006.png",
        "MVTec/tile/test/crack/007.png",
        "MVTec/tile/test/crack/008.png",
        "MVTec/tile/test/crack/009.png",
        "MVTec/tile/test/crack/010.png",
        "MVTec/tile/test/crack/011.png",
        "MVTec/tile/test/crack/012.png",
        "MVTec/tile/test/crack/013.png",
        "MVTec/tile/test/crack/014.png",
        "MVTec/tile/test/crack/015.png",
        "MVTec/tile/test/crack/016.png",
        "MVTec/tile/test/glue_strip/000.png",
        "MVTec/tile/test/glue_strip/001.png",
        "MVTec/tile/test/glue_strip/002.png",
        "MVTec/tile/test/glue_strip/003.png",
        "MVTec/tile/test/glue_strip/004.png",
        "MVTec/tile/test/glue_strip/005.png",
        "MVTec/tile/test/glue_strip/006.png",
        "MVTec/tile/test/glue_strip/007.png",
        "MVTec/tile/test/glue_strip/008.png",
        "MVTec/tile/test/glue_strip/009.png",
        "MVTec/tile/test/glue_strip/010.png",
        "MVTec/tile/test/glue_strip/011.png",
        "MVTec/tile/test/glue_strip/012.png",
        "MVTec/tile/test/glue_strip/013.png",
        "MVTec/tile/test/glue_strip/014.png",
        "MVTec/tile/test/glue_strip/015.png",
        "MVTec/tile/test/glue_strip/016.png",
        "MVTec/tile/test/glue_strip/017.png",
        "MVTec/tile/test/good/000.png",
        "MVTec/tile/test/good/001.png",
        "MVTec/tile/test/good/002.png",
        "MVTec/tile/test/good/003.png",
        "MVTec/tile/test/good/004.png",
        "MVTec/tile/test/good/005.png",
        "MVTec/tile/test/good/006.png",
        "MVTec/tile/test/good/007.png",
        "MVTec/tile/test/good/008.png",
        "MVTec/tile/test/good/009.png",
        "MVTec/tile/test/good/010.png",
        "MVTec/tile/test/good/011.png",
        "MVTec/tile/test/good/012.png",
        "MVTec/tile/test/good/013.png",
        "MVTec/tile/test/good/014.png",
        "MVTec/tile/test/good/015.png",
        "MVTec/tile/test/good/016.png",
        "MVTec/tile/test/good/017.png",
        "MVTec/tile/test/good/018.png",
        "MVTec/tile/test/good/019.png",
        "MVTec/tile/test/good/020.png",
        "MVTec/tile/test/good/021.png",
        "MVTec/tile/test/good/022.png",
        "MVTec/tile/test/good/023.png",
        "MVTec/tile/test/good/024.png",
        "MVTec/tile/test/good/025.png",
        "MVTec/tile/test/good/026.png",
        "MVTec/tile/test/good/027.png",
        "MVTec/tile/test/good/028.png",
        "MVTec/tile/test/good/029.png",
        "MVTec/tile/test/good/030.png",
        "MVTec/tile/test/good/031.png",
        "MVTec/tile/test/good/032.png",
        "MVTec/tile/test/gray_stroke/000.png",
        "MVTec/tile/test/gray_stroke/001.png",
        "MVTec/tile/test/gray_stroke/002.png",
        "MVTec/tile/test/gray_stroke/003.png",
        "MVTec/tile/test/gray_stroke/004.png",
        "MVTec/tile/test/gray_stroke/005.png",
        "MVTec/tile/test/gray_stroke/006.png",
        "MVTec/tile/test/gray_stroke/007.png",
        "MVTec/tile/test/gray_stroke/008.png",
        "MVTec/tile/test/gray_stroke/009.png",
        "MVTec/tile/test/gray_stroke/010.png",
        "MVTec/tile/test/gray_stroke/011.png",
        "MVTec/tile/test/gray_stroke/012.png",
        "MVTec/tile/test/gray_stroke/013.png",
        "MVTec/tile/test/gray_stroke/014.png",
        "MVTec/tile/test/gray_stroke/015.png",
        "MVTec/tile/test/oil/000.png",
        "MVTec/tile/test/oil/001.png",
        "MVTec/tile/test/oil/002.png",
        "MVTec/tile/test/oil/003.png",
        "MVTec/tile/test/oil/004.png",
        "MVTec/tile/test/oil/005.png",
        "MVTec/tile/test/oil/006.png",
        "MVTec/tile/test/oil/007.png",
        "MVTec/tile/test/oil/008.png",
        "MVTec/tile/test/oil/009.png",
        "MVTec/tile/test/oil/010.png",
        "MVTec/tile/test/oil/011.png",
        "MVTec/tile/test/oil/012.png",
        "MVTec/tile/test/oil/013.png",
        "MVTec/tile/test/oil/014.png",
        "MVTec/tile/test/oil/015.png",
        "MVTec/tile/test/oil/016.png",
        "MVTec/tile/test/oil/017.png",
        "MVTec/tile/test/rough/000.png",
        "MVTec/tile/test/rough/001.png",
        "MVTec/tile/test/rough/002.png",
        "MVTec/tile/test/rough/003.png",
        "MVTec/tile/test/rough/004.png",
        "MVTec/tile/test/rough/005.png",
        "MVTec/tile/test/rough/006.png",
        "MVTec/tile/test/rough/007.png",
        "MVTec/tile/test/rough/008.png",
        "MVTec/tile/test/rough/009.png",
        "MVTec/tile/test/rough/010.png",
        "MVTec/tile/test/rough/011.png",
        "MVTec/tile/test/rough/012.png",
        "MVTec/tile/test/rough/013.png",
        "MVTec/tile/test/rough/014.png"
    ]
}