{
    "avg_iou": 0.21775103384951117,
    "thresh": 2.3840315341949463,
    "ious_at_thresh": [
        0.0,
        0.16267566048341764,
        0.0,
        0.2613941018766756,
        0.31854056152154225,
        0.3231371412003479,
        0.23652912621359223,
        0.03309692671394799,
        0.22076825664837485,
        0.0,
        0.0,
        0.2616675406397483,
        0.09414295168762409,
        0.1674825174825175,
        0.21910112359550563,
        0.3956386292834891,
        0.20007861635220126,
        0.2177713037144938,
        0.5860160965794768,
        0.2615241635687732,
        0.44554455445544555,
        0.15740608484502214,
        0.40692878746219413,
        0.23536165327210104,
        0.6896551724137931,
        0.2441254547242159,
        0.25213351512397114,
        0.2704120419644215,
        0.21285334621889346,
        0.15250564334085778,
        0.012447185109055613,
        0.0,
        0.0,
        0.34862233954792937,
        0.175943328032384,
        0.33339092375028795,
        0.4032124065355857,
        0.3159982843662878,
        0.4305271238485159,
        0.18429272646140116,
        0.0,
        0.30242236446294074,
        0.0,
        0.1416283014296099,
        0.0,
        0.21484141232794735,
        0.0,
        0.0,
        0.0,
        0.6822362747916068,
        0.22238081644304883,
        0.0,
        0.012261380323054332,
        0.5688671556642216,
        0.42036102999734537,
        0.0,
        0.30681404988728095,
        0.5229628833861525,
        0.5800619834710744,
        0.6237368733901327,
        0.5230365696038927,
        0.0,
        0.0,
        0.0,
        0.0,
        0.0,
        0.0,
        0.0,
        0.5171188630490956,
        0.0,
        0.0,
        0.0,
        0.0,
        0.0,
        0.1797222949960702,
        0.0,
        0.0,
        0.0,
        0.0,
        0.0,
        0.2423386527326649,
        0.0,
        0.0,
        0.0,
        0.0,
        0.0,
        0.0,
        0.0,
        0.0,
        0.0,
        0.0,
        0.0,
        0.0,
        0.09604782464297576,
        0.014599303135888501,
        0.0,
        0.4940754402364771,
        0.0,
        0.10196078431372549,
        0.7319443891168387,
        0.18559737207260782,
        0.0,
        0.0,
        0.0,
        0.09072262543389081,
        0.11122002714522697,
        0.45184481823114486,
        0.35095302572648684,
        NaN,
        NaN,
        NaN,
        NaN,
        NaN,
        NaN,
        NaN,
        NaN,
        NaN,
        NaN,
        NaN,
        NaN,
        NaN,
        NaN,
        NaN,
        NaN,
        NaN,
        NaN,
        NaN,
        NaN,
        NaN,
        NaN,
        NaN,
        NaN,
        NaN,
        NaN,
        0.9619887828262252,
        0.9371739204243231,
        0.6900111887032678,
        0.6373736022173373,
        0.688538738848833,
        0.948866501605742,
        0.9601700612709521,
        0.7121270172104642,
        0.7109788208357184,
        0.5472511144130758,
        0.0,
        0.034103410341034104,
        0.4873882503192848,
        0.0,
        0.0,
        0.46509403889065987,
        0.0,
        0.0,
        0.10680994303469704,
        0.4617312684629845,
        0.370393228707459,
        0.0,
        0.34590469730371376,
        0.23968118417307144,
        0.5039537712895377,
        0.0,
        0.3796919566457501,
        0.6301179350244771,
        0.0,
        0.5565217391304348,
        0.4063427960565388,
        0.0,
        0.0
    ],
    "image_classes": [
        1,
        1,
        1,
        1,
        1,
        1,
        1,
        1,
        1,
        1,
        1,
        1,
        1,
        1,
        1,
        1,
        1,
        1,
        1,
        1,
        1,
        1,
        1,
        1,
        1,
        1,
        1,
        1,
        1,
        1,
        1,
        1,
        1,
        1,
        1,
        1,
        1,
        1,
        1,
        1,
        1,
        1,
        1,
        1,
        1,
        1,
        1,
        1,
        1,
        1,
        1,
        1,
        1,
        1,
        1,
        1,
        1,
        1,
        1,
        1,
        1,
        1,
        1,
        1,
        1,
        1,
        1,
        1,
        1,
        1,
        1,
        1,
        1,
        1,
        1,
        1,
        1,
        1,
        1,
        1,
        1,
        1,
        1,
        1,
        1,
        1,
        1,
        1,
        1,
        1,
        1,
        1,
        1,
        1,
        1,
        1,
        1,
        1,
        1,
        1,
        1,
        1,
        1,
        1,
        1,
        1,
        1,
        1,
        0,
        0,
        0,
        0,
        0,
        0,
        0,
        0,
        0,
        0,
        0,
        0,
        0,
        0,
        0,
        0,
        0,
        0,
        0,
        0,
        0,
        0,
        0,
        0,
        0,
        0,
        1,
        1,
        1,
        1,
        1,
        1,
        1,
        1,
        1,
        1,
        1,
        1,
        1,
        1,
        1,
        1,
        1,
        1,
        1,
        1,
        1,
        1,
        1,
        1,
        1,
        1,
        1,
        1,
        1,
        1,
        1,
        1,
        1
    ],