{
    "shared_fpr_metric": "mean-per-image-fpr",
    "fpr_lower_bound": 1e-05,
    "fpr_upper_bound": 0.0001,
    "num_threshs": 4827,
    "thresh_lower_bound": 153.64019775390625,
    "thresh_upper_bound": 175.3024444580078,
    "aupimos": [
        1.0,
        0.9321887608182549,
        0.14769152344721215,
        1.0,
        1.0,
        0.1251731884266886,
        0.3183771030856292,
        1.0,
        1.0,
        0.5066323355882485,
        0.515799882481145,
        1.0,
        0.9988458014391277,
        1.0,
        0.2855489450552807,
        1.0,
        0.7704147990989966,
        0.27362336455706854,
        0.998671974680521,
        0.8721997478133534,
        0.9039366878891604,
        0.9939786485457377,
        0.9948448727186828,
        0.612949416588459,
        0.7259484065838848,
        0.8980018281776397,
        0.6570834454194309,
        0.2742367059737429,
        0.7518696627474162,
        0.7747112107424682,
        0.823506957152335,
        0.8740872112321075,
        0.7240521345415314,
        0.7946059179648765,
        0.9146185502962619,
        0.4452263966255836,
        NaN,
        NaN,
        NaN,
        NaN,
        NaN,
        NaN,
        NaN,
        NaN,
        NaN,
        NaN,
        NaN,
        NaN,
        NaN,
        NaN,
        NaN,
        NaN,
        NaN,
        NaN,
        NaN,
        NaN,
        NaN,
        NaN,
        NaN,
        NaN,
        NaN,
        NaN,
        NaN,
        NaN,
        0.8497733297252565,
        0.0,
        0.8011876556724324,
        0.9065642977828137,
        1.0,
        0.9921618607901234,
        0.9496615040839462,
        1.0,
        1.0,
        0.8581132305059969,
        1.0,
        1.0,
        0.8434395923780571,
        0.9756751947132243,
        1.0,
        1.0,
        0.9068066284707865,
        0.0,
        0.6178039124426409,
        0.8926634345321135,
        0.9897832676453411,
        0.9977955567687186,
        0.9974792234478597,
        1.0,
        1.0,
        0.9984972298604936,
        0.97669306203084,
        1.0,
        1.0,
        1.0,
        1.0,
        1.0,
        1.0,
        0.9945651285287055,
        0.9735274518252633,
        0.9426485083260502,
        0.9769640522364574,
        1.0,
        0.9453683247050039,
        1.0,
        1.0,
        0.8910454300305208,
        0.9449727119695122,
        0.0,
        0.9612637555286553,
        1.0,
        0.6646517541656701,
        0.737089722664483,
        0.7677637510908841,
        0.04191834843035779,
        0.8380949649126154,
        1.0,
        0.0
    ],
    "paths": [
        "MVTec/carpet/test/color/000.png",
        "MVTec/carpet/test/color/001.png",
        "MVTec/carpet/test/color/002.png",
        "MVTec/carpet/test/color/003.png",
        "MVTec/carpet/test/color/004.png",
        "MVTec/carpet/test/color/005.png",
        "MVTec/carpet/test/color/006.png",
        "MVTec/carpet/test/color/007.png",
        "MVTec/carpet/test/color/008.png",
        "MVTec/carpet/test/color/009.png",
        "MVTec/carpet/test/color/010.png",
        "MVTec/carpet/test/color/011.png",
        "MVTec/carpet/test/color/012.png",
        "MVTec/carpet/test/color/013.png",
        "MVTec/carpet/test/color/014.png",
        "MVTec/carpet/test/color/015.png",
        "MVTec/carpet/test/color/016.png",
        "MVTec/carpet/test/color/017.png",
        "MVTec/carpet/test/color/018.png",
        "MVTec/carpet/test/cut/000.png",
        "MVTec/carpet/test/cut/001.png",
        "MVTec/carpet/test/cut/002.png",
        "MVTec/carpet/test/cut/003.png",
        "MVTec/carpet/test/cut/004.png",
        "MVTec/carpet/test/cut/005.png",
        "MVTec/carpet/test/cut/006.png",
        "MVTec/carpet/test/cut/007.png",
        "MVTec/carpet/test/cut/008.png",
        "MVTec/carpet/test/cut/009.png",
        "MVTec/carpet/test/cut/010.png",
        "MVTec/carpet/test/cut/011.png",
        "MVTec/carpet/test/cut/012.png",
        "MVTec/carpet/test/cut/013.png",
        "MVTec/carpet/test/cut/014.png",
        "MVTec/carpet/test/cut/015.png",
        "MVTec/carpet/test/cut/016.png",
        "MVTec/carpet/test/good/000.png",
        "MVTec/carpet/test/good/001.png",
        "MVTec/carpet/test/good/002.png",
        "MVTec/carpet/test/good/003.png",
        "MVTec/carpet/test/good/004.png",
        "MVTec/carpet/test/good/005.png",
        "MVTec/carpet/test/good/006.png",
        "MVTec/carpet/test/good/007.png",
        "MVTec/carpet/test/good/008.png",
        "MVTec/carpet/test/good/009.png",
        "MVTec/carpet/test/good/010.png",
        "MVTec/carpet/test/good/011.png",
        "MVTec/carpet/test/good/012.png",
        "MVTec/carpet/test/good/013.png",
        "MVTec/carpet/test/good/014.png",
        "MVTec/carpet/test/good/015.png",
        "MVTec/carpet/test/good/016.png",
        "MVTec/carpet/test/good/017.png",
        "MVTec/carpet/test/good/018.png",
        "MVTec/carpet/test/good/019.png",
        "MVTec/carpet/test/good/020.png",
        "MVTec/carpet/test/good/021.png",
        "MVTec/carpet/test/good/022.png",
        "MVTec/carpet/test/good/023.png",
        "MVTec/carpet/test/good/024.png",
        "MVTec/carpet/test/good/025.png",
        "MVTec/carpet/test/good/026.png",
        "MVTec/carpet/test/good/027.png",
        "MVTec/carpet/test/hole/000.png",
        "MVTec/carpet/test/hole/001.png",
        "MVTec/carpet/test/hole/002.png",
        "MVTec/carpet/test/hole/003.png",
        "MVTec/carpet/test/hole/004.png",
        "MVTec/carpet/test/hole/005.png",
        "MVTec/carpet/test/hole/006.png",
        "MVTec/carpet/test/hole/007.png",
        "MVTec/carpet/test/hole/008.png",
        "MVTec/carpet/test/hole/009.png",
        "MVTec/carpet/test/hole/010.png",
        "MVTec/carpet/test/hole/011.png",
        "MVTec/carpet/test/hole/012.png",
        "MVTec/carpet/test/hole/013.png",
        "MVTec/carpet/test/hole/014.png",
        "MVTec/carpet/test/hole/015.png",
        "MVTec/carpet/test/hole/016.png",
        "MVTec/carpet/test/metal_contamination/000.png",
        "MVTec/carpet/test/metal_contamination/001.png",
        "MVTec/carpet/test/metal_contamination/002.png",
        "MVTec/carpet/test/metal_contamination/003.png",
        "MVTec/carpet/test/metal_contamination/004.png",
        "MVTec/carpet/test/metal_contamination/005.png",
        "MVTec/carpet/test/metal_contamination/006.png",
        "MVTec/carpet/test/metal_contamination/007.png",
        "MVTec/carpet/test/metal_contamination/008.png",
        "MVTec/carpet/test/metal_contamination/009.png",
        "MVTec/carpet/test/metal_contamination/010.png",
        "MVTec/carpet/test/metal_contamination/011.png",
        "MVTec/carpet/test/metal_contamination/012.png",
        "MVTec/carpet/test/metal_contamination/013.png",
        "MVTec/carpet/test/metal_contamination/014.png",
        "MVTec/carpet/test/metal_contamination/015.png",
        "MVTec/carpet/test/metal_contamination/016.png",
        "MVTec/carpet/test/thread/000.png",
        "MVTec/carpet/test/thread/001.png",
        "MVTec/carpet/test/thread/002.png",
        "MVTec/carpet/test/thread/003.png",
        "MVTec/carpet/test/thread/004.png",
        "MVTec/carpet/test/thread/005.png",
        "MVTec/carpet/test/thread/006.png",
        "MVTec/carpet/test/thread/007.png",
        "MVTec/carpet/test/thread/008.png",
        "MVTec/carpet/test/thread/009.png",
        "MVTec/carpet/test/thread/010.png",
        "MVTec/carpet/test/thread/011.png",
        "MVTec/carpet/test/thread/012.png",
        "MVTec/carpet/test/thread/013.png",
        "MVTec/carpet/test/thread/014.png",
        "MVTec/carpet/test/thread/015.png",
        "MVTec/carpet/test/thread/016.png",
        "MVTec/carpet/test/thread/017.png",
        "MVTec/carpet/test/thread/018.png"
    ]
}