{
    "shared_fpr_metric": "mean-per-image-fpr",
    "fpr_lower_bound": 1e-05,
    "fpr_upper_bound": 0.0001,
    "num_threshs": 5093,
    "thresh_lower_bound": 0.2150409072637558,
    "thresh_upper_bound": 0.2736494839191437,
    "aupimos": [
        1.0,
        1.0,
        0.9301626027181716,
        1.0,
        1.0,
        1.0,
        1.0,
        1.0,
        1.0,
        0.9318086759493714,
        0.6785373658714904,
        1.0,
        1.0,
        1.0,
        0.8843331998724111,
        1.0,
        1.0,
        0.9184867472181946,
        1.0,
        1.0,
        1.0,
        0.9622312953810861,
        1.0,
        1.0,
        1.0,
        0.5681457509245839,
        0.6980622666692029,
        0.9812245150556889,
        0.7249299762466964,
        0.6341807401517026,
        0.9547869715932471,
        0.2526601523139868,
        0.34144364771779523,
        0.7942293306848673,
        0.3164303795492436,
        0.6521989524020704,
        0.9977414069405575,
        0.98405887037529,
        0.9485080731071974,
        0.9924910740852639,
        0.3886710768191588,
        0.7079797935253185,
        0.5122729007426665,
        0.40230877427095285,
        0.8360632612072914,
        0.604491669660845,
        0.05248243006889146,
        0.4724637692550636,
        0.7452445769441852,
        0.8753481444855356,
        0.8286786491777074,
        0.5629579992316175,
        0.36291327632667325,
        0.860210643046106,
        0.8931246306814002,
        0.1390431090171196,
        0.8382255002506808,
        1.0,
        0.8743642929692156,
        0.9619666605866983,
        0.7443553920402084,
        0.6160830456289543,
        0.6547266387149806,
        0.7300088284519332,
        0.0,
        0.5557257084676122,
        0.9879224963808672,
        0.7673576940592627,
        0.9004010825287958,
        0.9830185618836835,
        0.9164065663883416,
        0.0,
        0.6546104431705843,
        0.4016210179428323,
        0.8499029228009995,
        0.9822160527583086,
        0.0,
        0.9543866129026732,
        0.7348288087714675,
        0.9138898930683583,
        0.9382993338316618,
        0.9578214206272485,
        0.7192799259547357,
        0.0,
        0.9435953129563747,
        0.959061295821602,
        0.17194300337291915,
        0.0,
        0.9482592106894795,
        0.7484473864076178,
        0.7083686474880331,
        0.07004899994472799,
        0.009839698684356572,
        0.30578543718234585,
        0.4082448546176348,
        0.01198698626780471,
        0.7281623398241154,
        0.23696213525444088,
        0.4968676592309846,
        0.9237954938487581,
        0.31506745311506795,
        0.6165304474706186,
        0.2098004547461131,
        0.4753025370891313,
        0.4723508870052855,
        0.4739919538762874,
        0.5989484716049792,
        0.47698029519563534,
        NaN,
        NaN,
        NaN,
        NaN,
        NaN,
        NaN,
        NaN,
        NaN,
        NaN,
        NaN,
        NaN,
        NaN,
        NaN,
        NaN,
        NaN,
        NaN,
        NaN,
        NaN,
        NaN,
        NaN,
        NaN,
        NaN,
        NaN,
        NaN,
        NaN,
        NaN,
        1.0,
        1.0,
        0.6915204027799606,
        0.8193730737150171,
        0.6905571898204649,
        1.0,
        1.0,
        0.8474067999122423,
        0.8876377695097503,
        0.5897678846290038,
        0.46114371532610243,
        0.057925758649012976,
        0.8459232457263598,
        0.0,
        0.0,
        0.7490126511649751,
        0.2437267867443155,
        0.23407688918314545,
        0.22438381611946454,
        0.9207883922587279,
        0.739089297833524,
        0.22827591055853902,
        0.4525936854207891,
        0.291489788352801,
        0.5576401458939616,
        0.0029621023995356896,
        0.2581267309359012,
        0.3544721415233826,
        0.06113559227723875,
        0.9329737179826189,
        1.0,
        0.08132743210600915,
        0.13470535385935242
    ],