{
    "shared_fpr_metric": "mean-per-image-fpr",
    "fpr_lower_bound": 1e-05,
    "fpr_upper_bound": 0.0001,
    "num_threshs": null,
    "thresh_lower_bound": -0.019924836233258247,
    "thresh_upper_bound": 0.0,
    "aupimos": [
        0.04195338334985273,
        0.0,
        0.0,
        0.0,
        0.0,
        0.0003120875474231525,
        0.0,
        0.0,
        0.033109807288967494,
        0.061985576588123974,
        5.414494606521058e-05,
        0.2376043836994491,
        0.0,
        0.198294581850545,
        0.0,
        0.0,
        0.0,
        0.0,
        0.14827871597448344,
        0.036342179319847866,
        0.0,
        2.8469496183947395e-05,
        0.0,
        0.0864894090156032,
        0.00024185383074932867,
        0.0,
        0.0,
        0.08239486091746612,
        0.0,
        0.07277672623108183,
        0.06951986520569269,
        0.03319683450690033,
        0.01917027206387089,
        0.0006138856521189465,
        0.009599610820243612,
        0.006453527658681101,
        0.006777895360497276,
        0.2404903850762282,
        0.3365050366035404,
        0.26144113639875666,
        0.25656275589963395,
        0.03111550258385566,
        0.003961923715510155,
        0.1611848229794316,
        0.2749253130880525,
        0.3057453102781574,
        0.00016451806375088467,
        0.030183798016077897,
        0.029714845540593292,
        0.02541351240742695,
        0.024608262747867947,
        0.03337725659788516,
        0.02813590412454595,
        0.024418380643281522,
        0.02772698661659132,
        0.028376883288114534,
        0.021706366751204877,
        0.023902250741303463,
        0.020830857354137408,
        0.03163013468985601,
        0.03438450012837905,
        0.023127792320224626,
        0.03175420983621489,
        0.03220828552630729,
        0.025237080389669205,
        0.014909611836484097,
        0.030866373413559793,
        0.01933387700383705,
        0.02369315027164173,
        0.030981231990988175,
        NaN,
        NaN,
        NaN,
        NaN,
        NaN,
        NaN,
        NaN,
        NaN,
        NaN,
        NaN,
        NaN,
        NaN,
        NaN,
        NaN,
        NaN,
        NaN,
        NaN,
        NaN,
        NaN,
        NaN,
        NaN,
        NaN,
        0.004084750364559262,
        0.01871205314818085,
        0.0073160100224621185,
        0.0004696833075617974,
        3.862163242412375e-05,
        0.003481730570238501,
        0.0,
        0.014542839357432242,
        0.0036859788172791358,
        0.00012809532581603908,
        2.328652202579179e-05,
        0.000620530299445697,
        0.0006143830589532944,
        0.011278322488795166,
        2.911745037276581e-05,
        0.03932553562712185,
        0.003128016747187437,
        0.005105615727706572,
        0.013273802293230143,
        0.0,
        0.0021396971627725804,
        0.005632185630190008,
        4.878784588729919e-05
    ],
    "paths": [
        "MVTec/metal_nut/test/bent/000.png",
        "MVTec/metal_nut/test/bent/001.png",
        "MVTec/metal_nut/test/bent/002.png",
        "MVTec/metal_nut/test/bent/003.png",
        "MVTec/metal_nut/test/bent/004.png",
        "MVTec/metal_nut/test/bent/005.png",
        "MVTec/metal_nut/test/bent/006.png",
        "MVTec/metal_nut/test/bent/007.png",
        "MVTec/metal_nut/test/bent/008.png",
        "MVTec/metal_nut/test/bent/009.png",
        "MVTec/metal_nut/test/bent/010.png",
        "MVTec/metal_nut/test/bent/011.png",
        "MVTec/metal_nut/test/bent/012.png",
        "MVTec/metal_nut/test/bent/013.png",
        "MVTec/metal_nut/test/bent/014.png",
        "MVTec/metal_nut/test/bent/015.png",
        "MVTec/metal_nut/test/bent/016.png",
        "MVTec/metal_nut/test/bent/017.png",
        "MVTec/metal_nut/test/bent/018.png",
        "MVTec/metal_nut/test/bent/019.png",
        "MVTec/metal_nut/test/bent/020.png",
        "MVTec/metal_nut/test/bent/021.png",
        "MVTec/metal_nut/test/bent/022.png",
        "MVTec/metal_nut/test/bent/023.png",
        "MVTec/metal_nut/test/bent/024.png",
        "MVTec/metal_nut/test/color/000.png",
        "MVTec/metal_nut/test/color/001.png",
        "MVTec/metal_nut/test/color/002.png",
        "MVTec/metal_nut/test/color/003.png",
        "MVTec/metal_nut/test/color/004.png",
        "MVTec/metal_nut/test/color/005.png",
        "MVTec/metal_nut/test/color/006.png",
        "MVTec/metal_nut/test/color/007.png",
        "MVTec/metal_nut/test/color/008.png",
        "MVTec/metal_nut/test/color/009.png",
        "MVTec/metal_nut/test/color/010.png",
        "MVTec/metal_nut/test/color/011.png",
        "MVTec/metal_nut/test/color/012.png",
        "MVTec/metal_nut/test/color/013.png",
        "MVTec/metal_nut/test/color/014.png",
        "MVTec/metal_nut/test/color/015.png",
        "MVTec/metal_nut/test/color/016.png",
        "MVTec/metal_nut/test/color/017.png",
        "MVTec/metal_nut/test/color/018.png",
        "MVTec/metal_nut/test/color/019.png",
        "MVTec/metal_nut/test/color/020.png",
        "MVTec/metal_nut/test/color/021.png",
        "MVTec/metal_nut/test/flip/000.png",
        "MVTec/metal_nut/test/flip/001.png",
        "MVTec/metal_nut/test/flip/002.png",
        "MVTec/metal_nut/test/flip/003.png",
        "MVTec/metal_nut/test/flip/004.png",
        "MVTec/metal_nut/test/flip/005.png",
        "MVTec/metal_nut/test/flip/006.png",
        "MVTec/metal_nut/test/flip/007.png",
        "MVTec/metal_nut/test/flip/008.png",
        "MVTec/metal_nut/test/flip/009.png",
        "MVTec/metal_nut/test/flip/010.png",
        "MVTec/metal_nut/test/flip/011.png",
        "MVTec/metal_nut/test/flip/012.png",
        "MVTec/metal_nut/test/flip/013.png",
        "MVTec/metal_nut/test/flip/014.png",
        "MVTec/metal_nut/test/flip/015.png",
        "MVTec/metal_nut/test/flip/016.png",
        "MVTec/metal_nut/test/flip/017.png",
        "MVTec/metal_nut/test/flip/018.png",
        "MVTec/metal_nut/test/flip/019.png",
        "MVTec/metal_nut/test/flip/020.png",
        "MVTec/metal_nut/test/flip/021.png",
        "MVTec/metal_nut/test/flip/022.png",
        "MVTec/metal_nut/test/good/000.png",
        "MVTec/metal_nut/test/good/001.png",
        "MVTec/metal_nut/test/good/002.png",
        "MVTec/metal_nut/test/good/003.png",
        "MVTec/metal_nut/test/good/004.png",
        "MVTec/metal_nut/test/good/005.png",
        "MVTec/metal_nut/test/good/006.png",
        "MVTec/metal_nut/test/good/007.png",
        "MVTec/metal_nut/test/good/008.png",
        "MVTec/metal_nut/test/good/009.png",
        "MVTec/metal_nut/test/good/010.png",
        "MVTec/metal_nut/test/good/011.png",
        "MVTec/metal_nut/test/good/012.png",
        "MVTec/metal_nut/test/good/013.png",
        "MVTec/metal_nut/test/good/014.png",
        "MVTec/metal_nut/test/good/015.png",
        "MVTec/metal_nut/test/good/016.png",
        "MVTec/metal_nut/test/good/017.png",
        "MVTec/metal_nut/test/good/018.png",
        "MVTec/metal_nut/test/good/019.png",
        "MVTec/metal_nut/test/good/020.png",
        "MVTec/metal_nut/test/good/021.png",
        "MVTec/metal_nut/test/scratch/000.png",
        "MVTec/metal_nut/test/scratch/001.png",
        "MVTec/metal_nut/test/scratch/002.png",
        "MVTec/metal_nut/test/scratch/003.png",
        "MVTec/metal_nut/test/scratch/004.png",
        "MVTec/metal_nut/test/scratch/005.png",
        "MVTec/metal_nut/test/scratch/006.png",
        "MVTec/metal_nut/test/scratch/007.png",
        "MVTec/metal_nut/test/scratch/008.png",
        "MVTec/metal_nut/test/scratch/009.png",
        "MVTec/metal_nut/test/scratch/010.png",
        "MVTec/metal_nut/test/scratch/011.png",
        "MVTec/metal_nut/test/scratch/012.png",
        "MVTec/metal_nut/test/scratch/013.png",
        "MVTec/metal_nut/test/scratch/014.png",
        "MVTec/metal_nut/test/scratch/015.png",
        "MVTec/metal_nut/test/scratch/016.png",
