{
    "avg_iou": 0.34216052423346205,
    "thresh": 0.5467662961905911,
    "ious_at_thresh": [
        0.3910157830837718,
        0.32319530963722976,
        0.24954212454212454,
        0.26655023286759816,
        0.3619645021027871,
        0.5250603177493512,
        0.48298047841627717,
        0.430582971443611,
        0.4113213124445758,
        0.29680227691277417,
        0.3424323382506679,
        0.5200161257810926,
        0.44611429701403993,
        0.44127232185397647,
        0.5531505531505532,
        0.2911370857921017,
        0.21875478829357986,
        0.3749920660107902,
        0.3077397644419518,
        0.19536053661263275,
        0.4183112261404076,
        0.17329303475752164,
        0.18955132145052245,
        0.27096114519427406,
        0.5315777972027972,
        0.0,
        0.7344128329297821,
        0.32783438460294356,
        0.4140707035351768,
        0.23053407660492717,
        0.030358974358974358,
        0.0,
        0.0,
        0.6792308866168167,
        0.7369668246445498,
        NaN,
        NaN,
        NaN,
        NaN,
        NaN,
        NaN,
        NaN,
        NaN,
        NaN,
        NaN,
        NaN,
        NaN,
        NaN,
        NaN,
        NaN,
        NaN,
        NaN,
        NaN,
        NaN,
        NaN,
        NaN,
        0.4500085748585148,
        0.33417051621294347,
        0.28603964052689895,
        0.41991867451599196,
        0.5284610983981693,
        0.5280304058639881,
        0.3715339434503483,
        0.26368049426301854,
        0.344127195538167,
        0.4085714285714286,
        0.3514811849479584,
        0.3798210615403216,
        0.5573804401787191,
        0.0,
        0.048368542145994564,
        0.42252668818272093,
        0.324756649513299,
        0.31084773428906,
        0.19422536364380646,
        0.02784112000848491,
        0.3915356075778967,
        0.3927351226394248
    ],
    "image_classes": [
        1,
        1,
        1,
        1,
        1,
        1,
        1,
        1,
        1,
        1,
        1,
        1,
        1,
        1,
        1,
        1,
        1,
        1,
        1,
        1,
        1,
        1,
        1,
        1,
        1,
        1,
        1,
        1,
        1,
        1,
        1,
        1,
        1,
        1,
        1,
        0,
        0,
        0,
        0,
        0,
        0,
        0,
        0,
        0,
        0,
        0,
        0,
        0,
        0,
        0,
        0,
        0,
        0,
        0,
        0,
        0,
        1,
        1,
        1,
        1,
        1,
        1,
        1,
        1,
        1,
        1,
        1,
        1,
        1,
        1,
        1,
        1,
        1,
        1,
        1,
        1,
        1,
        1
    ],
    "paths": [
        "MVTec/grid/test/bent/000.png",
        "MVTec/grid/test/bent/001.png",
        "MVTec/grid/test/bent/002.png",
        "MVTec/grid/test/bent/003.png",
        "MVTec/grid/test/bent/004.png",
        "MVTec/grid/test/bent/005.png",
        "MVTec/grid/test/bent/006.png",
        "MVTec/grid/test/bent/007.png",
        "MVTec/grid/test/bent/008.png",
        "MVTec/grid/test/bent/009.png",
        "MVTec/grid/test/bent/010.png",
        "MVTec/grid/test/bent/011.png",
        "MVTec/grid/test/broken/000.png",
        "MVTec/grid/test/broken/001.png",
        "MVTec/grid/test/broken/002.png",
        "MVTec/grid/test/broken/003.png",
        "MVTec/grid/test/broken/004.png",
        "MVTec/grid/test/broken/005.png",
        "MVTec/grid/test/broken/006.png",
        "MVTec/grid/test/broken/007.png",
        "MVTec/grid/test/broken/008.png",
        "MVTec/grid/test/broken/009.png",
        "MVTec/grid/test/broken/010.png",
        "MVTec/grid/test/broken/011.png",
        "MVTec/grid/test/glue/000.png",
        "MVTec/grid/test/glue/001.png",
        "MVTec/grid/test/glue/002.png",
        "MVTec/grid/test/glue/003.png",
        "MVTec/grid/test/glue/004.png",
        "MVTec/grid/test/glue/005.png",
        "MVTec/grid/test/glue/006.png",
        "MVTec/grid/test/glue/007.png",
        "MVTec/grid/test/glue/008.png",
        "MVTec/grid/test/glue/009.png",
        "MVTec/grid/test/glue/010.png",
        "MVTec/grid/test/good/000.png",
        "MVTec/grid/test/good/001.png",
        "MVTec/grid/test/good/002.png",
        "MVTec/grid/test/good/003.png",
        "MVTec/grid/test/good/004.png",
        "MVTec/grid/test/good/005.png",
        "MVTec/grid/test/good/006.png",
        "MVTec/grid/test/good/007.png",
        "MVTec/grid/test/good/008.png",
        "MVTec/grid/test/good/009.png",
        "MVTec/grid/test/good/010.png",
        "MVTec/grid/test/good/011.png",
        "MVTec/grid/test/good/012.png",
        "MVTec/grid/test/good/013.png",
        "MVTec/grid/test/good/014.png",
        "MVTec/grid/test/good/015.png",
        "MVTec/grid/test/good/016.png",
        "MVTec/grid/test/good/017.png",
        "MVTec/grid/test/good/018.png",
        "MVTec/grid/test/good/019.png",
        "MVTec/grid/test/good/020.png",
        "MVTec/grid/test/metal_contamination/000.png",
        "MVTec/grid/test/metal_contamination/001.png",
        "MVTec/grid/test/metal_contamination/002.png",
        "MVTec/grid/test/metal_contamination/003.png",
        "MVTec/grid/test/metal_contamination/004.png",
        "MVTec/grid/test/metal_contamination/005.png",
        "MVTec/grid/test/metal_contamination/006.png",
        "MVTec/grid/test/metal_contamination/007.png",
        "MVTec/grid/test/metal_contamination/008.png",
        "MVTec/grid/test/metal_contamination/009.png",
        "MVTec/grid/test/metal_contamination/010.png",
        "MVTec/grid/test/thread/000.png",
        "MVTec/grid/test/thread/001.png",
        "MVTec/grid/test/thread/002.png",
        "MVTec/grid/test/thread/003.png",
        "MVTec/grid/test/thread/004.png",
        "MVTec/grid/test/thread/005.png",
        "MVTec/grid/test/thread/006.png",
        "MVTec/grid/test/thread/007.png",
        "MVTec/grid/test/thread/008.png",
        "MVTec/grid/test/thread/009.png",
        "MVTec/grid/test/thread/010.png"
    ]
}