{
    "shared_fpr_metric": "mean-per-image-fpr",
    "fpr_lower_bound": 1e-05,
    "fpr_upper_bound": 0.0001,
    "num_threshs": null,
    "thresh_lower_bound": -0.26157689094543457,
    "thresh_upper_bound": -0.09006357192993164,
    "aupimos": [
        NaN,
        NaN,
        NaN,
        NaN,
        NaN,
        NaN,
        NaN,
        NaN,
        NaN,
        NaN,
        NaN,
        NaN,
        NaN,
        NaN,
        NaN,
        NaN,
        NaN,
        NaN,
        NaN,
        NaN,
        NaN,
        NaN,
        NaN,
        NaN,
        NaN,
        NaN,
        NaN,
        NaN,
        NaN,
        NaN,
        NaN,
        NaN,
        NaN,
        NaN,
        NaN,
        NaN,
        NaN,
        NaN,
        NaN,
        NaN,
        NaN,
        0.513111348347013,
        0.43187934663906224,
        0.532174365298123,
        0.0,
        0.9294217260660854,
        0.9996968981043166,
        0.0007708006637946113,
        0.20931351208336582,
        0.7321134682227577,
        0.0,
        0.959031978580478,
        0.0,
        0.1053257377846186,
        0.0,
        0.5731366460599832,
        0.2510177734878369,
        0.6182479055730188,
        0.0,
        8.668073292019747e-06,
        0.0,
        0.025455175312409442,
        0.0,
        0.0,
        0.0,
        0.8560111775619386,
        0.786666698051831,
        0.4069598300355206,
        0.13268833732739657,
        0.9826630913090045,
        0.0,
        0.8321634007790082,
        0.0,
        0.2541236892806571,
        0.43143791702171724,
        0.8593463091537391,
        0.9996968981043166,
        0.9571589339849051,
        0.9996968981043166,
        0.2706764930044078,
        0.9996968981043166,
        0.9131582410231707,
        0.001983996175176044,
        0.8880904765438379,
        0.9697109855757973,
        0.7058582356623496,
        0.0,
        0.0,
        0.8290052997845051,
        0.6792263780363322,
        0.9996968981043166,
        0.9996968981043166,
        0.9996968981043166,
        0.8464536352626011,
        0.07019480959718048,
        0.9996968981043166,
        0.9996968981043166,
        0.9996968981043166,
        0.9996968981043166,
        0.8530400191720668,
        0.0,
        0.9474802981678729,
        0.9989331689940752,
        0.9996968981043166,
        0.9996968981043166,
        0.9996968981043166,
        0.7572881032787109,
        0.9996968981043166,
        0.9234392169776128,
        0.9996968981043166,
        0.919728638536948,
        0.9110678556466952,
        0.38559249499471276,
        0.9996968981043166,
        0.0,
        0.0,
        0.0,
        0.0,
        0.0,
        0.3938290868046343,
        0.0,
        0.24226401874525963,
        0.0,
        0.0,
        0.0,
        0.0,
        0.0,
        0.0,
        0.20690769074737128,
        0.0,
        0.0,
        0.16092554141181925,
        0.0,
        0.0,
        0.0,
        0.24971520009124773,
        0.0,
        0.557864848832615,
        0.9479493268879023,
        0.9860123132870539,
        0.8405252370600419,
        0.8785256797911453,
        0.983838334506759,
        0.9989025900665265,
        0.9961734376797213,
        0.0,
        0.770997560200481,
        0.9431954134580637,
        0.992388742144134,
        0.9915281758055678,
        0.9941473618774203,
        0.3588660976200314,
        0.12041040737785275,
        0.9996770999263043,
        0.6565347343376741,
        0.9926537234292115,
        0.9996968981043166,
        0.9996968981043166,
        0.996391416715304,
        0.925572077269178
    ],
    "paths": [
        "MVTec/screw/test/good/000.png",
        "MVTec/screw/test/good/001.png",
        "MVTec/screw/test/good/002.png",
        "MVTec/screw/test/good/003.png",
        "MVTec/screw/test/good/004.png",
        "MVTec/screw/test/good/005.png",
        "MVTec/screw/test/good/006.png",
        "MVTec/screw/test/good/007.png",
        "MVTec/screw/test/good/008.png",
        "MVTec/screw/test/good/009.png",
        "MVTec/screw/test/good/010.png",
        "MVTec/screw/test/good/011.png",
        "MVTec/screw/test/good/012.png",
        "MVTec/screw/test/good/013.png",
        "MVTec/screw/test/good/014.png",
        "MVTec/screw/test/good/015.png",
        "MVTec/screw/test/good/016.png",
        "MVTec/screw/test/good/017.png",
        "MVTec/screw/test/good/018.png",
        "MVTec/screw/test/good/019.png",
        "MVTec/screw/test/good/020.png",
        "MVTec/screw/test/good/021.png",
        "MVTec/screw/test/good/022.png",
        "MVTec/screw/test/good/023.png",
        "MVTec/screw/test/good/024.png",
        "MVTec/screw/test/good/025.png",
        "MVTec/screw/test/good/026.png",
        "MVTec/screw/test/good/027.png",
        "MVTec/screw/test/good/028.png",
        "MVTec/screw/test/good/029.png",
        "MVTec/screw/test/good/030.png",
        "MVTec/screw/test/good/031.png",
        "MVTec/screw/test/good/032.png",
        "MVTec/screw/test/good/033.png",
        "MVTec/screw/test/good/034.png",
        "MVTec/screw/test/good/035.png",
        "MVTec/screw/test/good/036.png",
        "MVTec/screw/test/good/037.png",
        "MVTec/screw/test/good/038.png",
        "MVTec/screw/test/good/039.png",
        "MVTec/screw/test/good/040.png",
        "MVTec/screw/test/manipulated_front/000.png",
        "MVTec/screw/test/manipulated_front/001.png",
        "MVTec/screw/test/manipulated_front/002.png",
        "MVTec/screw/test/manipulated_front/003.png",
        "MVTec/screw/test/manipulated_front/004.png",
        "MVTec/screw/test/manipulated_front/005.png",
        "MVTec/screw/test/manipulated_front/006.png",
        "MVTec/screw/test/manipulated_front/007.png",
        "MVTec/screw/test/manipulated_front/008.png",
        "MVTec/screw/test/manipulated_front/009.png",
        "MVTec/screw/test/manipulated_front/010.png",
        "MVTec/screw/test/manipulated_front/011.png",
        "MVTec/screw/test/manipulated_front/012.png",
        "MVTec/screw/test/manipulated_front/013.png",
        "MVTec/screw/test/manipulated_front/014.png",
        "MVTec/screw/test/manipulated_front/015.png",
        "MVTec/screw/test/manipulated_front/016.png",
        "MVTec/screw/test/manipulated_front/017.png",
        "MVTec/screw/test/manipulated_front/018.png",
        "MVTec/screw/test/manipulated_front/019.png",
        "MVTec/screw/test/manipulated_front/020.png",
        "MVTec/screw/test/manipulated_front/021.png",
        "MVTec/screw/test/manipulated_front/022.png",
        "MVTec/screw/test/manipulated_front/023.png",
        "MVTec/screw/test/scratch_head/000.png",
        "MVTec/screw/test/scratch_head/001.png",
        "MVTec/screw/test/scratch_head/002.png",
        "MVTec/screw/test/scratch_head/003.png",
        "MVTec/screw/test/scratch_head/004.png",
        "MVTec/screw/test/scratch_head/005.png",
        "MVTec/screw/test/scratch_head/006.png",
        "MVTec/screw/test/scratch_head/007.png",
        "MVTec/screw/test/scratch_head/008.png",
        "MVTec/screw/test/scratch_head/009.png",
        "MVTec/screw/test/scratch_head/010.png",
        "MVTec/screw/test/scratch_head/011.png",
        "MVTec/screw/test/scratch_head/012.png",
        "MVTec/screw/test/scratch_head/013.png",
        "MVTec/screw/test/scratch_head/014.png",
        "MVTec/screw/test/scratch_head/015.png",
        "MVTec/screw/test/scratch_head/016.png",
        "MVTec/screw/test/scratch_head/017.png",
        "MVTec/screw/test/scratch_head/018.png",
        "MVTec/screw/test/scratch_head/019.png",
        "MVTec/screw/test/scratch_head/020.png",
        "MVTec/screw/test/scratch_head/021.png",
        "MVTec/screw/test/scratch_head/022.png",
        "MVTec/screw/test/scratch_head/023.png",
        "MVTec/screw/test/scratch_neck/000.png",
        "MVTec/screw/test/scratch_neck/001.png",
        "MVTec/screw/test/scratch_neck/002.png",
        "MVTec/screw/test/scratch_neck/003.png",
