{
    "shared_fpr_metric": "mean-per-image-fpr",
    "fpr_lower_bound": 1e-05,
    "fpr_upper_bound": 0.0001,
    "num_threshs": 2703,
    "thresh_lower_bound": 0.692335307598114,
    "thresh_upper_bound": 0.734992504119873,
    "aupimos": [
        NaN,
        NaN,
        NaN,
        NaN,
        NaN,
        NaN,
        NaN,
        NaN,
        NaN,
        NaN,
        NaN,
        NaN,
        NaN,
        NaN,
        NaN,
        NaN,
        NaN,
        NaN,
        NaN,
        NaN,
        NaN,
        NaN,
        NaN,
        NaN,
        NaN,
        NaN,
        NaN,
        NaN,
        NaN,
        NaN,
        NaN,
        NaN,
        NaN,
        NaN,
        NaN,
        NaN,
        NaN,
        NaN,
        NaN,
        NaN,
        NaN,
        0.21577545592695865,
        0.8376187961811997,
        0.3347124264463049,
        0.9392779985164167,
        0.45891658385905115,
        0.92092126401294,
        0.7879610810765537,
        0.9104677731599428,
        0.1333047282274833,
        0.5441500732480464,
        0.6542970129159876,
        0.0,
        0.061721830112136694,
        0.5997385910586696,
        0.35724862603553365,
        0.7828649603198226,
        0.9085064900939352,
        0.13774044052744408,
        0.3945783765322293,
        0.0,
        0.01601688564589829,
        0.0,
        0.21417349725025076,
        0.07702035173744799,
        0.855763750729349,
        0.3749217115409386,
        0.4650694869116863,
        0.0,
        0.2658805847863774,
        0.0,
        0.0,
        0.7103035012787018,
        0.20326537894223465,
        0.010786163437023207,
        0.9632264976957478,
        0.780893535387802,
        0.10184367654684823,
        0.7130153165495117,
        0.43644510442595513,
        0.9847356784765781,
        0.4849403633258135,
        0.0,
        0.09799253299656706,
        0.0,
        0.007537195126981096,
        0.08461618869418289,
        0.5761628107948895,
        0.0,
        0.0,
        0.9758547923775043,
        0.0,
        1.0,
        0.7152955638685533,
        0.0,
        0.9317875311497523,
        1.0,
        1.0,
        1.0,
        0.48044463564651657,
        0.0,
        0.0,
        0.4576624023610042,
        0.7994490583282072,
        1.0,
        1.0,
        0.24968499220053877,
        1.0,
        0.7887164167713628,
        0.9919025421868393,
        0.9810926299488146,
        0.8709374697894345,
        0.5181222928029793,
        0.9900173536946404,
        0.0,
        0.0021615358289577493,
        0.047097037215821785,
        0.21351880516639032,
        0.0,
        0.0914430405268913,
        0.0,
        2.4695745635819512e-06,
        0.0028854040335157785,
        0.0,
        0.0,
        0.0,
        0.0,
        0.1603592846068105,
        0.0011126910203220096,
        0.0,
        0.016278704994107884,
        0.2579728569956695,
        0.0,
        0.0,
        0.0,
        0.0,
        0.0,
        0.8432584048579898,
        0.8318326032489494,
        0.6831766450951656,
        0.109452284729145,
        0.6782593571328384,
        0.9448583112959379,
        0.9498527611004938,
        1.0,
        0.3508105250397021,
        0.0,
        0.32721637462384456,
        0.8049276702017264,
        0.7196465425515324,
        0.9940629594836065,
        0.6125310152184215,
        0.0,
        0.8637824137941096,
        0.0,
        0.32138367043164257,
        0.9926840493848873,
        1.0,
        0.4648705698797663,
        0.9356727343345694
    ],
    "paths": [
        "MVTec/screw/test/good/000.png",
        "MVTec/screw/test/good/001.png",
        "MVTec/screw/test/good/002.png",
        "MVTec/screw/test/good/003.png",
        "MVTec/screw/test/good/004.png",
        "MVTec/screw/test/good/005.png",
        "MVTec/screw/test/good/006.png",
        "MVTec/screw/test/good/007.png",
        "MVTec/screw/test/good/008.png",
        "MVTec/screw/test/good/009.png",
        "MVTec/screw/test/good/010.png",
        "MVTec/screw/test/good/011.png",
        "MVTec/screw/test/good/012.png",
        "MVTec/screw/test/good/013.png",
        "MVTec/screw/test/good/014.png",
        "MVTec/screw/test/good/015.png",
        "MVTec/screw/test/good/016.png",
        "MVTec/screw/test/good/017.png",
        "MVTec/screw/test/good/018.png",
        "MVTec/screw/test/good/019.png",
        "MVTec/screw/test/good/020.png",
        "MVTec/screw/test/good/021.png",
        "MVTec/screw/test/good/022.png",
        "MVTec/screw/test/good/023.png",
        "MVTec/screw/test/good/024.png",
        "MVTec/screw/test/good/025.png",
        "MVTec/screw/test/good/026.png",
        "MVTec/screw/test/good/027.png",
        "MVTec/screw/test/good/028.png",
        "MVTec/screw/test/good/029.png",
        "MVTec/screw/test/good/030.png",
        "MVTec/screw/test/good/031.png",
        "MVTec/screw/test/good/032.png",
        "MVTec/screw/test/good/033.png",
        "MVTec/screw/test/good/034.png",
        "MVTec/screw/test/good/035.png",
        "MVTec/screw/test/good/036.png",
        "MVTec/screw/test/good/037.png",
        "MVTec/screw/test/good/038.png",
        "MVTec/screw/test/good/039.png",
        "MVTec/screw/test/good/040.png",
        "MVTec/screw/test/manipulated_front/000.png",
        "MVTec/screw/test/manipulated_front/001.png",
        "MVTec/screw/test/manipulated_front/002.png",
        "MVTec/screw/test/manipulated_front/003.png",
        "MVTec/screw/test/manipulated_front/004.png",
        "MVTec/screw/test/manipulated_front/005.png",
        "MVTec/screw/test/manipulated_front/006.png",
        "MVTec/screw/test/manipulated_front/007.png",
        "MVTec/screw/test/manipulated_front/008.png",
        "MVTec/screw/test/manipulated_front/009.png",
        "MVTec/screw/test/manipulated_front/010.png",
        "MVTec/screw/test/manipulated_front/011.png",
        "MVTec/screw/test/manipulated_front/012.png",
        "MVTec/screw/test/manipulated_front/013.png",
        "MVTec/screw/test/manipulated_front/014.png",
        "MVTec/screw/test/manipulated_front/015.png",
        "MVTec/screw/test/manipulated_front/016.png",
        "MVTec/screw/test/manipulated_front/017.png",
        "MVTec/screw/test/manipulated_front/018.png",
        "MVTec/screw/test/manipulated_front/019.png",
        "MVTec/screw/test/manipulated_front/020.png",
        "MVTec/screw/test/manipulated_front/021.png",
        "MVTec/screw/test/manipulated_front/022.png",
        "MVTec/screw/test/manipulated_front/023.png",
        "MVTec/screw/test/scratch_head/000.png",
        "MVTec/screw/test/scratch_head/001.png",
        "MVTec/screw/test/scratch_head/002.png",
        "MVTec/screw/test/scratch_head/003.png",
        "MVTec/screw/test/scratch_head/004.png",
        "MVTec/screw/test/scratch_head/005.png",
        "MVTec/screw/test/scratch_head/006.png",
        "MVTec/screw/test/scratch_head/007.png",
        "MVTec/screw/test/scratch_head/008.png",
        "MVTec/screw/test/scratch_head/009.png",
        "MVTec/screw/test/scratch_head/010.png",
        "MVTec/screw/test/scratch_head/011.png",
        "MVTec/screw/test/scratch_head/012.png",
        "MVTec/screw/test/scratch_head/013.png",
        "MVTec/screw/test/scratch_head/014.png",
        "MVTec/screw/test/scratch_head/015.png",
        "MVTec/screw/test/scratch_head/016.png",
        "MVTec/screw/test/scratch_head/017.png",
        "MVTec/screw/test/scratch_head/018.png",
        "MVTec/screw/test/scratch_head/019.png",
        "MVTec/screw/test/scratch_head/020.png",
        "MVTec/screw/test/scratch_head/021.png",
        "MVTec/screw/test/scratch_head/022.png",
        "MVTec/screw/test/scratch_head/023.png",
        "MVTec/screw/test/scratch_neck/000.png",
        "MVTec/screw/test/scratch_neck/001.png",
        "MVTec/screw/test/scratch_neck/002.png",
        "MVTec/screw/test/scratch_neck/003.png",
        "MVTec/screw/test/scratch_neck/004.png",
