{
    "ious": [
        0.469020667656115,
        0.36575972170455956,
        0.19355492501013377,
        0.01920854997111496,
        0.14530139510397472,
        0.33501912209601004,
        0.06886657101865136,
        0.17534055186866923,
        0.6269547480546952,
        0.22954470471791488,
        0.5616109346171901,
        0.24230061595072394,
        0.41435200753245005,
        0.27526811829704256,
        0.42527160117778456,
        0.1881427289668024,
        0.3903211945429155,
        0.4180928195502558,
        0.48854961832061067,
        0.2973734244067319,
        0.5774478837650031,
        0.5953757225433526,
        0.6664234665959176,
        0.5235216166970349,
        0.2680228862047044,
        0.45158648304313537,
        0.4478168264110756,
        0.36021942299878096,
        0.32956653735874514,
        0.5036731162498034,
        NaN,
        NaN,
        NaN,
        NaN,
        NaN,
        NaN,
        NaN,
        NaN,
        NaN,
        NaN,
        NaN,
        NaN
    ],
    "threshs": [
        0.7826823242416705,
        0.7592809421500623,
        0.7592870433625952,
        0.7595359328845387,
        0.7592924635765981,
        0.7592834011140374,
        0.7592548961113408,
        0.7593169675045102,
        0.8905274302070137,
        0.9069842383458788,
        1.0704631671660092,
        0.7592898027196391,
        1.0017955522395972,
        0.759323415312376,
        0.7861324417922104,
        0.8810769689758812,
        1.2272614433738815,
        1.0564989421545492,
        0.7593298883959774,
        0.7704744581067009,
        0.8935083694326025,
        0.8416802209876687,
        0.8831028017746885,
        0.9515058938698557,
        0.7592935109437102,
        0.9868566677259878,
        1.0987364238555868,
        0.8018762588365489,
        0.9573405332295912,
        0.8528905110937016,
        NaN,
        NaN,
        NaN,
        NaN,
        NaN,
        NaN,
        NaN,
        NaN,
        NaN,
        NaN,
        NaN,
        NaN
    ],
    "image_classes": [
        1,
        1,
        1,
        1,
        1,
        1,
        1,
        1,
        1,
        1,
        1,
        1,
        1,
        1,
        1,
        1,
        1,
        1,
        1,
        1,
        1,
        1,
        1,
        1,
        1,
        1,
        1,
        1,
        1,
        1,
        0,
        0,
        0,
        0,
        0,
        0,
        0,
        0,
        0,
        0,
        0,
        0
    ],
    "paths": [
        "MVTec/toothbrush/test/defective/000.png",
        "MVTec/toothbrush/test/defective/001.png",
        "MVTec/toothbrush/test/defective/002.png",
        "MVTec/toothbrush/test/defective/003.png",
        "MVTec/toothbrush/test/defective/004.png",
        "MVTec/toothbrush/test/defective/005.png",
        "MVTec/toothbrush/test/defective/006.png",
        "MVTec/toothbrush/test/defective/007.png",
        "MVTec/toothbrush/test/defective/008.png",
        "MVTec/toothbrush/test/defective/009.png",
        "MVTec/toothbrush/test/defective/010.png",
        "MVTec/toothbrush/test/defective/011.png",
        "MVTec/toothbrush/test/defective/012.png",
        "MVTec/toothbrush/test/defective/013.png",
        "MVTec/toothbrush/test/defective/014.png",
        "MVTec/toothbrush/test/defective/015.png",
        "MVTec/toothbrush/test/defective/016.png",
        "MVTec/toothbrush/test/defective/017.png",
        "MVTec/toothbrush/test/defective/018.png",
        "MVTec/toothbrush/test/defective/019.png",
        "MVTec/toothbrush/test/defective/020.png",
        "MVTec/toothbrush/test/defective/021.png",
        "MVTec/toothbrush/test/defective/022.png",
        "MVTec/toothbrush/test/defective/023.png",
        "MVTec/toothbrush/test/defective/024.png",
        "MVTec/toothbrush/test/defective/025.png",
        "MVTec/toothbrush/test/defective/026.png",
        "MVTec/toothbrush/test/defective/027.png",
        "MVTec/toothbrush/test/defective/028.png",
        "MVTec/toothbrush/test/defective/029.png",
        "MVTec/toothbrush/test/good/000.png",
        "MVTec/toothbrush/test/good/001.png",
        "MVTec/toothbrush/test/good/002.png",
        "MVTec/toothbrush/test/good/003.png",
        "MVTec/toothbrush/test/good/004.png",
        "MVTec/toothbrush/test/good/005.png",
        "MVTec/toothbrush/test/good/006.png",
        "MVTec/toothbrush/test/good/007.png",
        "MVTec/toothbrush/test/good/008.png",
        "MVTec/toothbrush/test/good/009.png",
        "MVTec/toothbrush/test/good/010.png",
        "MVTec/toothbrush/test/good/011.png"
    ],
    "min_thresh": 0.7592521905899048
}