{
    "shared_fpr_metric": "mean-per-image-fpr",
    "fpr_lower_bound": 1e-05,
    "fpr_upper_bound": 0.0001,
    "num_threshs": null,
    "thresh_lower_bound": 0.6027642488479614,
    "thresh_upper_bound": 0.7219827771186829,
    "aupimos": [
        0.5622762070542213,
        0.5361199336375467,
        0.4664051933631314,
        0.6840293837319659,
        0.36847237928238624,
        0.680613340446559,
        0.24708548540586522,
        0.29264604633867847,
        0.5874661550657558,
        0.5604986230045799,
        0.1681000429649133,
        0.5051530169848067,
        0.4560030082436352,
        0.6137072353272227,
        0.6843783307010128,
        0.0,
        0.42571192683928866,
        0.4619829160328857,
        0.5211518433181116,
        0.49925171511907057,
        0.5188957374393417,
        0.6319286142859184,
        0.47777956265919885,
        0.32682242072369777,
        0.4012747408129723,
        0.0,
        0.0,
        0.9642954128704282,
        0.001319678638484236,
        0.0,
        0.563635151906605,
        0.38036271755172146,
        0.5611594077660351,
        0.3796184248648273,
        0.8823532874817516,
        0.9485389514909738,
        0.6448836073904792,
        1.0,
        1.0,
        0.9932401996012773,
        0.9892752755561565,
        0.64330549401221,
        0.6477420405585244,
        0.7971920568059313,
        1.0,
        1.0,
        0.45542611957024615,
        0.1920643312819989,
        0.18515602102880133,
        0.19764047697786205,
        0.1858432405433534,
        0.18364479720258003,
        0.18260659857149833,
        0.22283907353682117,
        0.17775279712467057,
        0.16867136887542653,
        0.152816380692112,
        0.1334282294110361,
        0.15012129211506234,
        0.1632915078715379,
        0.17818454670485426,
        0.29312548826475304,
        0.15085737153666587,
        0.15689021634715242,
        0.12750262704179113,
        0.106408263993608,
        0.1454721195823214,
        0.1389438504272714,
        0.10081248819291669,
        0.14366074316727956,
        NaN,
        NaN,
        NaN,
        NaN,
        NaN,
        NaN,
        NaN,
        NaN,
        NaN,
        NaN,
        NaN,
        NaN,
        NaN,
        NaN,
        NaN,
        NaN,
        NaN,
        NaN,
        NaN,
        NaN,
        NaN,
        NaN,
        0.0,
        0.0,
        0.14807651714194148,
        0.31729101741988924,
        0.40069165877696467,
        0.4968912902970417,
        0.09694597326136667,
        0.2588960876281126,
        0.18425150227986198,
        0.46856946246151554,
        0.4068942978976177,
        0.14592621255561597,
        0.09994039722882624,
        0.1468095934175685,
        0.10336252274635707,
        0.16797595047103875,
        0.10309080867638888,
        0.2539304439350462,
        0.3014845632560389,
        0.030693505532400293,
        0.0,
        0.0,
        0.0
    ],
    "paths": [
        "MVTec/metal_nut/test/bent/000.png",
        "MVTec/metal_nut/test/bent/001.png",
        "MVTec/metal_nut/test/bent/002.png",
        "MVTec/metal_nut/test/bent/003.png",
        "MVTec/metal_nut/test/bent/004.png",
        "MVTec/metal_nut/test/bent/005.png",
        "MVTec/metal_nut/test/bent/006.png",
        "MVTec/metal_nut/test/bent/007.png",
        "MVTec/metal_nut/test/bent/008.png",
        "MVTec/metal_nut/test/bent/009.png",
        "MVTec/metal_nut/test/bent/010.png",
        "MVTec/metal_nut/test/bent/011.png",
        "MVTec/metal_nut/test/bent/012.png",
        "MVTec/metal_nut/test/bent/013.png",
        "MVTec/metal_nut/test/bent/014.png",
        "MVTec/metal_nut/test/bent/015.png",
        "MVTec/metal_nut/test/bent/016.png",
        "MVTec/metal_nut/test/bent/017.png",
        "MVTec/metal_nut/test/bent/018.png",
        "MVTec/metal_nut/test/bent/019.png",
        "MVTec/metal_nut/test/bent/020.png",
        "MVTec/metal_nut/test/bent/021.png",
        "MVTec/metal_nut/test/bent/022.png",
        "MVTec/metal_nut/test/bent/023.png",
        "MVTec/metal_nut/test/bent/024.png",
        "MVTec/metal_nut/test/color/000.png",
        "MVTec/metal_nut/test/color/001.png",
        "MVTec/metal_nut/test/color/002.png",
        "MVTec/metal_nut/test/color/003.png",
        "MVTec/metal_nut/test/color/004.png",
        "MVTec/metal_nut/test/color/005.png",
        "MVTec/metal_nut/test/color/006.png",
        "MVTec/metal_nut/test/color/007.png",
        "MVTec/metal_nut/test/color/008.png",
        "MVTec/metal_nut/test/color/009.png",
        "MVTec/metal_nut/test/color/010.png",
        "MVTec/metal_nut/test/color/011.png",
        "MVTec/metal_nut/test/color/012.png",
        "MVTec/metal_nut/test/color/013.png",
        "MVTec/metal_nut/test/color/014.png",
        "MVTec/metal_nut/test/color/015.png",
        "MVTec/metal_nut/test/color/016.png",
        "MVTec/metal_nut/test/color/017.png",
        "MVTec/metal_nut/test/color/018.png",
        "MVTec/metal_nut/test/color/019.png",
        "MVTec/metal_nut/test/color/020.png",
        "MVTec/metal_nut/test/color/021.png",
        "MVTec/metal_nut/test/flip/000.png",
        "MVTec/metal_nut/test/flip/001.png",
        "MVTec/metal_nut/test/flip/002.png",
        "MVTec/metal_nut/test/flip/003.png",
        "MVTec/metal_nut/test/flip/004.png",
        "MVTec/metal_nut/test/flip/005.png",
        "MVTec/metal_nut/test/flip/006.png",
        "MVTec/metal_nut/test/flip/007.png",
        "MVTec/metal_nut/test/flip/008.png",
        "MVTec/metal_nut/test/flip/009.png",
        "MVTec/metal_nut/test/flip/010.png",
        "MVTec/metal_nut/test/flip/011.png",
        "MVTec/metal_nut/test/flip/012.png",
        "MVTec/metal_nut/test/flip/013.png",
        "MVTec/metal_nut/test/flip/014.png",
        "MVTec/metal_nut/test/flip/015.png",
        "MVTec/metal_nut/test/flip/016.png",
        "MVTec/metal_nut/test/flip/017.png",
        "MVTec/metal_nut/test/flip/018.png",
        "MVTec/metal_nut/test/flip/019.png",
        "MVTec/metal_nut/test/flip/020.png",
        "MVTec/metal_nut/test/flip/021.png",
        "MVTec/metal_nut/test/flip/022.png",
        "MVTec/metal_nut/test/good/000.png",
        "MVTec/metal_nut/test/good/001.png",
        "MVTec/metal_nut/test/good/002.png",
        "MVTec/metal_nut/test/good/003.png",
        "MVTec/metal_nut/test/good/004.png",
        "MVTec/metal_nut/test/good/005.png",
        "MVTec/metal_nut/test/good/006.png",
        "MVTec/metal_nut/test/good/007.png",
        "MVTec/metal_nut/test/good/008.png",
        "MVTec/metal_nut/test/good/009.png",
        "MVTec/metal_nut/test/good/010.png",
        "MVTec/metal_nut/test/good/011.png",
        "MVTec/metal_nut/test/good/012.png",
        "MVTec/metal_nut/test/good/013.png",
        "MVTec/metal_nut/test/good/014.png",
        "MVTec/metal_nut/test/good/015.png",
        "MVTec/metal_nut/test/good/016.png",
        "MVTec/metal_nut/test/good/017.png",
        "MVTec/metal_nut/test/good/018.png",
        "MVTec/metal_nut/test/good/019.png",
        "MVTec/metal_nut/test/good/020.png",
        "MVTec/metal_nut/test/good/021.png",
        "MVTec/metal_nut/test/scratch/000.png",
        "MVTec/metal_nut/test/scratch/001.png",
        "MVTec/metal_nut/test/scratch/002.png",
        "MVTec/metal_nut/test/scratch/003.png",
        "MVTec/metal_nut/test/scratch/004.png",
        "MVTec/metal_nut/test/scratch/005.png",
        "MVTec/metal_nut/test/scratch/006.png",
        "MVTec/metal_nut/test/scratch/007.png",
        "MVTec/metal_nut/test/scratch/008.png",
        "MVTec/metal_nut/test/scratch/009.png",
        "MVTec/metal_nut/test/scratch/010.png",
        "MVTec/metal_nut/test/scratch/011.png",
        "MVTec/metal_nut/test/scratch/012.png",
        "MVTec/metal_nut/test/scratch/013.png",
        "MVTec/metal_nut/test/scratch/014.png",
        "MVTec/metal_nut/test/scratch/015.png",
        "MVTec/metal_nut/test/scratch/016.png",
