{
    "avg_iou": 0.2579895387651424,
    "thresh": 1.811380386352539,
    "ious_at_thresh": [
        0.0,
        0.15522244681489783,
        0.15899707229187,
        0.2535558204211363,
        0.053176059414591526,
        0.2866575591985428,
        0.1907746119653137,
        0.1819215240484497,
        0.28667038482989404,
        0.2520613903099609,
        0.27543405305177987,
        0.21199812529292297,
        0.08216278622282086,
        0.3006711409395973,
        0.11948396431155052,
        0.30930739382342,
        0.0,
        0.11625715735304776,
        0.12515533463518552,
        0.3558919560700505,
        0.3887185775597793,
        0.0,
        0.0,
        0.5897312859884837,
        0.0,
        0.5500966050234612,
        0.0,
        0.7245812584880036,
        0.8052505147563487,
        0.05212569316081331,
        0.531821337653321,
        0.6741540256709452,
        0.27187701569554934,
        0.25127425556648486,
        0.0,
        0.4613664091093941,
        0.3053504487106668,
        0.36413952889689793,
        0.0,
        0.45506653019447285,
        0.0,
        0.0,
        0.0,
        0.46888135593220337,
        0.6236271890768774,
        NaN,
        NaN,
        NaN,
        NaN,
        NaN,
        NaN,
        NaN,
        NaN,
        NaN,
        NaN,
        NaN,
        NaN,
        NaN,
        NaN,
        NaN,
        NaN,
        NaN,
        NaN,
        NaN,
        NaN,
        NaN,
        NaN,
        NaN,
        0.14263661265611216,
        0.2090297373561971,
        0.0,
        0.0,
        0.4272524054815823,
        0.0,
        0.0,
        0.6714628297362111,
        0.19501545595054096,
        0.11208267090620032,
        0.0,
        0.22034586344077292,
        0.6151761517615176,
        0.11690087711025182,
        0.20020812857720993,
        0.3031636863823934,
        0.27282136203684537,
        0.3425468904244817,
        0.6799196787148595,
        0.1834421820975797,
        0.3645399166399487,
        0.0,
        0.0,
        0.3239152371342079,
        0.0,
        0.10583321534758601,
        0.0,
        0.05025894538606403,
        0.48319944717975294,
        0.47499564384039034,
        0.0,
        0.6668504023812148,
        0.4629871188651557,
        0.0,
        0.0,
        0.5206353658964199,
        0.020252541816989177,
        0.2175805047867711,
        0.0,
        0.3524523074985834,
        0.5669021941242097,
        0.20326455189405604,
        0.0,
        0.18055145539351716,
        0.595540526757624,
        0.23982253544628704,
        0.06991563453598995,
        0.16731212314329133,
        0.20194808788532848,
        0.152043451838347,
        0.508435383254147,
        0.30652186130156234,
        0.4717313291353511,
        0.4080303574175683,
        0.3213963779398509,
        0.535527836448412,
        0.5706228084405456,
        0.42017818991772354,
        0.3187243699130699,
        0.237101706086374,
        0.7027238914819136,
        0.17919201645730293,
        0.32738496829037916,
        0.46702207641309545
    ],
    "image_classes": [
        1,
        1,
        1,
        1,
        1,
        1,
        1,
        1,
        1,
        1,
        1,
        1,
        1,
        1,
        1,
        1,
        1,
        1,
        1,
        1,
        1,
        1,
        1,
        1,
        1,
        1,
        1,
        1,
        1,
        1,
        1,
        1,
        1,
        1,
        1,
        1,
        1,
        1,
        1,
        1,
        1,
        1,
        1,
        1,
        1,
        0,
        0,
        0,
        0,
        0,
        0,
        0,
        0,
        0,
        0,
        0,
        0,
        0,
        0,
        0,
        0,
        0,
        0,
        0,
        0,
        0,
        0,
        0,
        1,
        1,
        1,
        1,
        1,
        1,
        1,
        1,
        1,
        1,
        1,
        1,
        1,
        1,
        1,
        1,
        1,
        1,
        1,
        1,
        1,
        1,
        1,
        1,
        1,
        1,
        1,
        1,
        1,
        1,
        1,
        1,
        1,
        1,
        1,
        1,
        1,
        1,
        1,
        1,
        1,
        1,
        1,
        1,
        1,
        1,
        1,
        1,
        1,
        1,
        1,
        1,
        1,
        1,
        1,
        1,
        1,
        1,
        1,
        1,
        1,
        1,
        1,
        1
    ],