{
    "shared_fpr_metric": "mean-per-image-fpr",
    "fpr_lower_bound": 1e-05,
    "fpr_upper_bound": 0.0001,
    "num_threshs": 978,
    "thresh_lower_bound": 27.537534713745117,
    "thresh_upper_bound": 28.401363372802734,
    "aupimos": [
        0.9975954104445572,
        0.9974132154990055,
        0.9975954104445572,
        0.9720792153552903,
        0.9975954104445572,
        0.9975954104445572,
        0.9881835658017755,
        0.9972293648746658,
        0.9975954104445572,
        0.9960901397266648,
        0.9975954104445572,
        0.9882142755403495,
        0.9975954104445572,
        0.9975954104445572,
        0.9651392712609482,
        0.9933013158186756,
        0.9975611733677289,
        0.9975954104445572,
        0.9975954104445572,
        0.9960325304140204,
        0.9975954104445572,
        0.9685481731632004,
        0.9975954104445572,
        0.9957409628713076,
        0.9880487933031782,
        0.9970264242249607,
        0.9975954104445572,
        0.9966727066568556,
        0.9975954104445572,
        0.9975954104445572,
        0.9975954104445572,
        0.9841352732911822,
        0.9975954104445572,
        0.9966451023641916,
        0.995662621845315,
        0.9975954104445572,
        0.9975954104445572,
        0.9975954104445572,
        0.9898156885139572,
        0.9975954104445572,
        0.9972434380314589,
        0.9975954104445572,
        0.9975954104445572,
        0.9974220105166552,
        0.9975954104445572,
        0.9975954104445572,
        0.9975954104445572,
        0.9959202317833228,
        0.9975954104445572,
        0.9975289793724094,
        0.8141059963462778,
        0.8136002634187974,
        0.9954865289495817,
        0.9935650841499021,
        0.9540658284548647,
        0.9975954104445572,
        0.9975954104445572,
        0.992820109365668,
        0.9281506154706591,
        0.9780404855388567,
        0.9975954104445572,
        0.9193006025190069,
        0.953935103598505,
        NaN,
        NaN,
        NaN,
        NaN,
        NaN,
        NaN,
        NaN,
        NaN,
        NaN,
        NaN,
        NaN,
        NaN,
        NaN,
        NaN,
        NaN,
        NaN,
        NaN,
        NaN,
        NaN,
        NaN
    ],
    "paths": [
        "MVTec/bottle/test/broken_large/000.png",
        "MVTec/bottle/test/broken_large/001.png",
        "MVTec/bottle/test/broken_large/002.png",
        "MVTec/bottle/test/broken_large/003.png",
        "MVTec/bottle/test/broken_large/004.png",
        "MVTec/bottle/test/broken_large/005.png",
        "MVTec/bottle/test/broken_large/006.png",
        "MVTec/bottle/test/broken_large/007.png",
        "MVTec/bottle/test/broken_large/008.png",
        "MVTec/bottle/test/broken_large/009.png",
        "MVTec/bottle/test/broken_large/010.png",
        "MVTec/bottle/test/broken_large/011.png",
        "MVTec/bottle/test/broken_large/012.png",
        "MVTec/bottle/test/broken_large/013.png",
        "MVTec/bottle/test/broken_large/014.png",
        "MVTec/bottle/test/broken_large/015.png",
        "MVTec/bottle/test/broken_large/016.png",
        "MVTec/bottle/test/broken_large/017.png",
        "MVTec/bottle/test/broken_large/018.png",
        "MVTec/bottle/test/broken_large/019.png",
        "MVTec/bottle/test/broken_small/000.png",
        "MVTec/bottle/test/broken_small/001.png",
        "MVTec/bottle/test/broken_small/002.png",
        "MVTec/bottle/test/broken_small/003.png",
        "MVTec/bottle/test/broken_small/004.png",
        "MVTec/bottle/test/broken_small/005.png",
        "MVTec/bottle/test/broken_small/006.png",
        "MVTec/bottle/test/broken_small/007.png",
        "MVTec/bottle/test/broken_small/008.png",
        "MVTec/bottle/test/broken_small/009.png",
        "MVTec/bottle/test/broken_small/010.png",
        "MVTec/bottle/test/broken_small/011.png",
        "MVTec/bottle/test/broken_small/012.png",
        "MVTec/bottle/test/broken_small/013.png",
        "MVTec/bottle/test/broken_small/014.png",
        "MVTec/bottle/test/broken_small/015.png",
        "MVTec/bottle/test/broken_small/016.png",
        "MVTec/bottle/test/broken_small/017.png",
        "MVTec/bottle/test/broken_small/018.png",
        "MVTec/bottle/test/broken_small/019.png",
        "MVTec/bottle/test/broken_small/020.png",
        "MVTec/bottle/test/broken_small/021.png",
        "MVTec/bottle/test/contamination/000.png",
        "MVTec/bottle/test/contamination/001.png",
        "MVTec/bottle/test/contamination/002.png",
        "MVTec/bottle/test/contamination/003.png",
        "MVTec/bottle/test/contamination/004.png",
        "MVTec/bottle/test/contamination/005.png",
        "MVTec/bottle/test/contamination/006.png",
        "MVTec/bottle/test/contamination/007.png",
        "MVTec/bottle/test/contamination/008.png",
        "MVTec/bottle/test/contamination/009.png",
        "MVTec/bottle/test/contamination/010.png",
        "MVTec/bottle/test/contamination/011.png",
        "MVTec/bottle/test/contamination/012.png",
        "MVTec/bottle/test/contamination/013.png",
        "MVTec/bottle/test/contamination/014.png",
        "MVTec/bottle/test/contamination/015.png",
        "MVTec/bottle/test/contamination/016.png",
        "MVTec/bottle/test/contamination/017.png",
        "MVTec/bottle/test/contamination/018.png",
        "MVTec/bottle/test/contamination/019.png",
        "MVTec/bottle/test/contamination/020.png",
        "MVTec/bottle/test/good/000.png",
        "MVTec/bottle/test/good/001.png",
        "MVTec/bottle/test/good/002.png",
        "MVTec/bottle/test/good/003.png",
        "MVTec/bottle/test/good/004.png",
        "MVTec/bottle/test/good/005.png",
        "MVTec/bottle/test/good/006.png",
        "MVTec/bottle/test/good/007.png",
        "MVTec/bottle/test/good/008.png",
        "MVTec/bottle/test/good/009.png",
        "MVTec/bottle/test/good/010.png",
        "MVTec/bottle/test/good/011.png",
        "MVTec/bottle/test/good/012.png",
        "MVTec/bottle/test/good/013.png",
        "MVTec/bottle/test/good/014.png",
        "MVTec/bottle/test/good/015.png",
        "MVTec/bottle/test/good/016.png",
        "MVTec/bottle/test/good/017.png",
        "MVTec/bottle/test/good/018.png",
        "MVTec/bottle/test/good/019.png"
    ]
}