{
    "shared_fpr_metric": "mean-per-image-fpr",
    "fpr_lower_bound": 1e-05,
    "fpr_upper_bound": 0.0001,
    "num_threshs": null,
    "thresh_lower_bound": 0.768254816532135,
    "thresh_upper_bound": 0.7990651726722717,
    "aupimos": [
        0.2951028670379305,
        0.0,
        0.6088382827350078,
        0.6894938725362305,
        0.8069650664567989,
        0.8825991550742888,
        0.5393779607932495,
        0.5266715992597756,
        0.33513857099970445,
        0.37378042150535745,
        0.08485284549024383,
        0.03245046646167105,
        0.0,
        0.025789027133855186,
        0.03110053378765851,
        0.10076914796212577,
        0.08543550457075309,
        0.03084112586655585,
        0.10720440923731689,
        0.07595042364641771,
        0.8321270896118368,
        0.9810028755840976,
        0.9008908103789321,
        0.8558699452009174,
        0.9770860560997182,
        0.5310101818786538,
        0.7214562342607065,
        0.9606642061913614,
        0.9595249061760375,
        0.8808708711722236,
        NaN,
        NaN,
        NaN,
        NaN,
        NaN,
        NaN,
        NaN,
        NaN,
        NaN,
        NaN,
        NaN,
        NaN,
        NaN,
        NaN,
        NaN,
        NaN,
        NaN,
        NaN,
        NaN,
        NaN,
        NaN,
        NaN,
        NaN,
        NaN,
        NaN,
        NaN,
        NaN,
        NaN,
        NaN,
        NaN,
        NaN,
        NaN,
        NaN,
        NaN,
        NaN,
        NaN,
        NaN,
        NaN,
        NaN,
        NaN,
        NaN,
        NaN,
        NaN,
        NaN,
        NaN,
        NaN,
        NaN,
        NaN,
        NaN,
        NaN,
        NaN,
        NaN,
        NaN,
        NaN,
        NaN,
        NaN,
        NaN,
        NaN,
        NaN,
        NaN,
        0.038596280632527874,
        0.49680365872324406,
        0.7947179912484864,
        0.7001404420567083,
        0.6140333477189669,
        0.6025513634096372,
        0.03554767243494564,
        0.7868230883940784,
        0.9145109978744487,
        0.4982686907996262
    ],
    "paths": [
        "MVTec/transistor/test/bent_lead/000.png",
        "MVTec/transistor/test/bent_lead/001.png",
        "MVTec/transistor/test/bent_lead/002.png",
        "MVTec/transistor/test/bent_lead/003.png",
        "MVTec/transistor/test/bent_lead/004.png",
        "MVTec/transistor/test/bent_lead/005.png",
        "MVTec/transistor/test/bent_lead/006.png",
        "MVTec/transistor/test/bent_lead/007.png",
        "MVTec/transistor/test/bent_lead/008.png",
        "MVTec/transistor/test/bent_lead/009.png",
        "MVTec/transistor/test/cut_lead/000.png",
        "MVTec/transistor/test/cut_lead/001.png",
        "MVTec/transistor/test/cut_lead/002.png",
        "MVTec/transistor/test/cut_lead/003.png",
        "MVTec/transistor/test/cut_lead/004.png",
        "MVTec/transistor/test/cut_lead/005.png",
        "MVTec/transistor/test/cut_lead/006.png",
        "MVTec/transistor/test/cut_lead/007.png",
        "MVTec/transistor/test/cut_lead/008.png",
        "MVTec/transistor/test/cut_lead/009.png",
        "MVTec/transistor/test/damaged_case/000.png",
        "MVTec/transistor/test/damaged_case/001.png",
        "MVTec/transistor/test/damaged_case/002.png",
        "MVTec/transistor/test/damaged_case/003.png",
        "MVTec/transistor/test/damaged_case/004.png",
        "MVTec/transistor/test/damaged_case/005.png",
        "MVTec/transistor/test/damaged_case/006.png",
        "MVTec/transistor/test/damaged_case/007.png",
        "MVTec/transistor/test/damaged_case/008.png",
        "MVTec/transistor/test/damaged_case/009.png",
        "MVTec/transistor/test/good/000.png",
        "MVTec/transistor/test/good/001.png",
        "MVTec/transistor/test/good/002.png",
        "MVTec/transistor/test/good/003.png",
        "MVTec/transistor/test/good/004.png",
        "MVTec/transistor/test/good/005.png",
        "MVTec/transistor/test/good/006.png",
        "MVTec/transistor/test/good/007.png",
        "MVTec/transistor/test/good/008.png",
        "MVTec/transistor/test/good/009.png",
        "MVTec/transistor/test/good/010.png",
        "MVTec/transistor/test/good/011.png",
        "MVTec/transistor/test/good/012.png",
        "MVTec/transistor/test/good/013.png",
        "MVTec/transistor/test/good/014.png",
        "MVTec/transistor/test/good/015.png",
        "MVTec/transistor/test/good/016.png",
        "MVTec/transistor/test/good/017.png",
        "MVTec/transistor/test/good/018.png",
        "MVTec/transistor/test/good/019.png",
        "MVTec/transistor/test/good/020.png",
        "MVTec/transistor/test/good/021.png",
        "MVTec/transistor/test/good/022.png",
        "MVTec/transistor/test/good/023.png",
        "MVTec/transistor/test/good/024.png",
        "MVTec/transistor/test/good/025.png",
        "MVTec/transistor/test/good/026.png",
        "MVTec/transistor/test/good/027.png",
        "MVTec/transistor/test/good/028.png",
        "MVTec/transistor/test/good/029.png",
        "MVTec/transistor/test/good/030.png",
        "MVTec/transistor/test/good/031.png",
        "MVTec/transistor/test/good/032.png",
        "MVTec/transistor/test/good/033.png",
        "MVTec/transistor/test/good/034.png",
        "MVTec/transistor/test/good/035.png",
        "MVTec/transistor/test/good/036.png",
        "MVTec/transistor/test/good/037.png",
        "MVTec/transistor/test/good/038.png",
        "MVTec/transistor/test/good/039.png",
        "MVTec/transistor/test/good/040.png",
        "MVTec/transistor/test/good/041.png",
        "MVTec/transistor/test/good/042.png",
        "MVTec/transistor/test/good/043.png",
        "MVTec/transistor/test/good/044.png",
        "MVTec/transistor/test/good/045.png",
        "MVTec/transistor/test/good/046.png",
        "MVTec/transistor/test/good/047.png",
        "MVTec/transistor/test/good/048.png",
        "MVTec/transistor/test/good/049.png",
        "MVTec/transistor/test/good/050.png",
        "MVTec/transistor/test/good/051.png",
        "MVTec/transistor/test/good/052.png",
        "MVTec/transistor/test/good/053.png",
        "MVTec/transistor/test/good/054.png",
        "MVTec/transistor/test/good/055.png",
        "MVTec/transistor/test/good/056.png",
        "MVTec/transistor/test/good/057.png",
        "MVTec/transistor/test/good/058.png",
        "MVTec/transistor/test/good/059.png",
        "MVTec/transistor/test/misplaced/000.png",
        "MVTec/transistor/test/misplaced/001.png",
        "MVTec/transistor/test/misplaced/002.png",
        "MVTec/transistor/test/misplaced/003.png",
        "MVTec/transistor/test/misplaced/004.png",
        "MVTec/transistor/test/misplaced/005.png",
        "MVTec/transistor/test/misplaced/006.png",
        "MVTec/transistor/test/misplaced/007.png",
        "MVTec/transistor/test/misplaced/008.png",
        "MVTec/transistor/test/misplaced/009.png"
    ]
}