{
    "avg_iou": 0.2606972965185926,
    "thresh": 0.2312510907649994,
    "ious_at_thresh": [
        0.0,
        0.0,
        0.00048426150121065375,
        0.5198738170347004,
        0.4774193548387097,
        0.0,
        0.7060931899641577,
        0.0,
        0.0,
        0.1401400663472171,
        0.39856441254250097,
        0.21944035346097202,
        0.0,
        0.0,
        0.44744568408690544,
        0.0,
        0.48716486023958927,
        0.3994475138121547,
        0.32774494984196784,
        0.0,
        0.0,
        0.0,
        0.0,
        0.0,
        0.15466790524849047,
        0.0,
        0.10286405808793868,
        0.0,
        0.0,
        0.0,
        0.060995713814704915,
        0.0,
        0.0,
        0.0,
        0.0,
        0.21604938271604937,
        0.0,
        0.0,
        0.0,
        0.0,
        0.0,
        0.0,
        0.0,
        0.0,
        0.0,
        0.2916652691598189,
        0.314543404735062,
        0.35367884090828583,
        0.3580184577407501,
        0.35069790628115655,
        0.29442833471416735,
        0.3400152632917833,
        0.4716664920917566,
        0.5443960282877348,
        0.3645142965347472,
        0.4735640471040615,
        0.5736596552269493,
        0.399082951229679,
        0.4306323362362741,
        0.6424003132545846,
        0.628849073792894,
        0.5234668335419274,
        0.48994736072525225,
        0.1898025772344292,
        0.28968717894214757,
        0.47898699520876115,
        0.0,
        0.47556461968426617,
        0.22908255861328197,
        0.5842346471127406,
        0.5132015087438564,
        0.64306575104586,
        0.541018366432731,
        0.6948588709677419,
        0.6759695676377807,
        0.7003644495982772,
        0.4634593738274899,
        0.6000534228802564,
        0.7200355239786856,
        0.41325692301526873,
        0.5736848599514663,
        0.09689000389290194,
        0.18378544061302682,
        0.5075569100634407,
        0.6346264533210545,
        0.3359727128761116,
        0.20506845324788814,
        0.2317596566523605,
        0.3405529953917051,
        0.0,
        0.25092478421701603,
        0.0,
        0.19384057971014493,
        0.1543980037429819,
        0.0,
        0.30434782608695654,
        0.3718674211802749,
        0.3654602675059009,
        0.4151436031331593,
        0.18758495695514274,
        NaN,
        NaN,
        NaN,
        NaN,
        NaN,
        NaN,
        NaN,
        NaN,
        NaN,
        NaN,
        NaN,
        NaN,
        NaN,
        NaN,
        NaN,
        NaN,
        NaN,
        NaN,
        NaN,
        NaN,
        NaN,
        NaN,
        NaN,
        NaN,
        NaN,
        NaN,
        NaN,
        NaN,
        NaN,
        NaN,
        NaN,
        NaN,
        NaN,
        NaN,
        NaN,
        NaN,
        NaN,
        NaN,
        NaN,
        NaN,
        NaN,
        NaN,
        NaN,
        NaN,
        NaN,
        NaN,
        NaN,
        NaN,
        NaN,
        NaN,
        NaN,
        NaN,
        NaN,
        NaN,
        NaN,
        NaN,
        NaN,
        NaN,
        NaN,
        NaN
    ],
    "image_classes": [
        1,
        1,
        1,
        1,
        1,
        1,
        1,
        1,
        1,
        1,
        1,
        1,
        1,
        1,
        1,
        1,
        1,
        1,
        1,
        1,
        1,
        1,
        1,
        1,
        1,
        1,
        1,
        1,
        1,
        1,
        1,
        1,
        1,
        1,
        1,
        1,
        1,
        1,
        1,
        1,
        1,
        1,
        1,
        1,
        1,
        1,
        1,
        1,
        1,
        1,
        1,
        1,
        1,
        1,
        1,
        1,
        1,
        1,
        1,
        1,
        1,
        1,
        1,
        1,
        1,
        1,
        1,
        1,
        1,
        1,
        1,
        1,
        1,
        1,
        1,
        1,
        1,
        1,
        1,
        1,
        1,
        1,
        1,
        1,
        1,
        1,
        1,
        1,
        1,
        1,
        1,
        1,
        1,
        1,
        1,
        1,
        1,
        1,
        1,
        1,
        0,
        0,
        0,
        0,
        0,
        0,
        0,
        0,
        0,
        0,
        0,
        0,
        0,
        0,
        0,
        0,
        0,
        0,
        0,
        0,
        0,
        0,
        0,
        0,
        0,
        0,
        0,
        0,
        0,
        0,
        0,
        0,
        0,
        0,
        0,
        0,
        0,
        0,
        0,
        0,
        0,
        0,
        0,
        0,
        0,
        0,
        0,
        0,
        0,
        0,
        0,
        0,
        0,
        0,
        0,
        0,
        0,
        0,
        0,
        0
    ],