{
    "ious": [
        0.510187217559716,
        0.657966238364857,
        0.6292274388729195,
        0.429534533457649,
        0.7345590818597025,
        0.46024205014391234,
        0.7488818035354161,
        0.5489491698017142,
        0.6736589503299614,
        0.4064785450779885,
        0.13460578363224393,
        0.5747294683464896,
        0.8353270755055165,
        0.340080971659919,
        0.7027549323625905,
        0.566438204731373,
        0.4242220781626227,
        0.6900447427293065,
        0.6288160404560174,
        NaN,
        NaN,
        NaN,
        NaN,
        NaN,
        NaN,
        NaN,
        NaN,
        NaN,
        NaN,
        NaN,
        NaN,
        NaN,
        NaN,
        NaN,
        NaN,
        NaN,
        NaN,
        NaN,
        0.6656515412986838,
        0.7088966419537723,
        0.6853827118354808,
        0.6874069478908189,
        0.25852384922550353,
        0.30004175365344465,
        0.34281767955801107,
        0.5409111012826183,
        0.7368782947513179,
        0.7015933027275182,
        0.674048332879077,
        0.6369409246079963,
        0.6835610094929382,
        0.5942659894905788,
        0.5469034894687206,
        0.6901696666269321,
        0.7650078930673788,
        0.8013845889232886,
        0.6706061153564102,
        0.6605874894336433,
        0.5612458514169006,
        0.10935757783686423,
        0.5845595840631077,
        0.4955063856624796,
        0.2511266511266511,
        0.624690923179881,
        0.5743046571798189,
        0.8479798842010539,
        0.4746076203561803,
        0.3487284607007879,
        0.22009247583018074,
        0.5101489298747411,
        0.6906832714752046,
        0.42313707965590436,
        0.5771927902262641,
        0.3384611548818191,
        0.31442339373970346,
        0.6352805035011276,
        0.642185763529168,
        0.3141391340036938,
        0.4683750509069265
    ],
    "threshs": [
        0.31918469071388245,
        1.3647676706314087,
        0.19023366272449493,
        6.746826171875,
        0.45517027378082275,
        2.7760236263275146,
        0.2681162655353546,
        1.4666517972946167,
        0.16119827330112457,
        3.325589895248413,
        2.4583218097686768,
        2.6671929359436035,
        2.0027925968170166,
        1.4102219343185425,
        2.9826231002807617,
        0.5167045593261719,
        0.4796108305454254,
        2.5139129161834717,
        0.5662457942962646,
        NaN,
        NaN,
        NaN,
        NaN,
        NaN,
        NaN,
        NaN,
        NaN,
        NaN,
        NaN,
        NaN,
        NaN,
        NaN,
        NaN,
        NaN,
        NaN,
        NaN,
        NaN,
        NaN,
        3.7413878440856934,
        4.892405033111572,
        4.9727349281311035,
        2.6277735233306885,
        1.086456537246704,
        0.9555647969245911,
        0.9824808239936829,
        2.4797277450561523,
        4.876947402954102,
        4.2595133781433105,
        0.5404297113418579,
        0.19677595794200897,
        0.09860465675592422,
        0.09445339441299438,
        0.24902907013893127,
        0.06914830207824707,
        0.09433753788471222,
        0.3777894973754883,
        0.8868063688278198,
        0.7032389640808105,
        0.13511331379413605,
        0.024138376116752625,
        1.4285674095153809,
        1.9701424837112427,
        2.876756191253662,
        0.4055792987346649,
        -7.548314897576347e-05,
        1.316290020942688,
        3.3240504264831543,
        1.5036182403564453,
        2.904201030731201,
        0.0697719007730484,
        0.32357895374298096,
        3.1244819164276123,
        0.9988298416137695,
        1.9870423078536987,
        0.45981714129447937,
        0.04029272124171257,
        0.2283141165971756,
        3.8037877082824707,
        1.2040166854858398
    ],
    "image_classes": [
        1,
        1,
        1,
        1,
        1,
        1,
        1,
        1,
        1,
        1,
        1,
        1,
        1,
        1,
        1,
        1,
        1,
        1,
        1,
        0,
        0,
        0,
        0,
        0,
        0,
        0,
        0,
        0,
        0,
        0,
        0,
        0,
        0,
        0,
        0,
        0,
        0,
        0,
        1,
        1,
        1,
        1,
        1,
        1,
        1,
        1,
        1,
        1,
        1,
        1,
        1,
        1,
        1,
        1,
        1,
        1,
        1,
        1,
        1,
        1,
        1,
        1,
        1,
        1,
        1,
        1,
        1,
        1,
        1,
        1,
        1,
        1,
        1,
        1,
        1,
        1,
        1,
        1,
        1
    ],