{
    "ious": [
        0.8402420007500839,
        0.6746485491639582,
        0.7429692074264812,
        0.6642452371957472,
        0.6947661700706901,
        0.5978880820945095,
        0.6958279354011653,
        0.8116579869082132,
        0.8277182235834609,
        0.778073901658423,
        0.7136880203880029,
        0.8065600858058064,
        0.7879330515961129,
        0.7993012268233612,
        0.7412402345817543,
        0.7672759499279938,
        0.8447738087106983,
        0.7813508879999407,
        0.8040907480201406,
        0.770546807521095,
        0.7759949463044852,
        0.6157256667821268,
        0.7317215182854132,
        0.7815782731232386,
        0.6849744208771628,
        0.7845492937236056,
        0.7321316368206094,
        0.6689978835005062,
        0.5600090579710145,
        0.8131042856500427,
        0.7318093236112023,
        0.6793923645812513,
        0.8131989966323434,
        0.7379293409865251,
        0.725475013401632,
        0.542342846483865,
        0.7880895116595211,
        0.7621583684253984,
        0.7660286991824288,
        0.7873832681055527,
        0.6079590703960229,
        0.7259117514633048,
        0.6353702236361272,
        0.542404279340999,
        0.7722484769116893,
        0.5638925500533484,
        0.34363675782822806,
        0.78821517889042,
        0.8675962194990476,
        0.5847991985621261,
        0.6235139379439761,
        0.7996793673735536,
        0.8568248811887145,
        0.8992541389049261,
        0.707254604184746,
        0.7064531683208101,
        0.21535081568737438,
        0.481536860035961,
        0.7152146410849716,
        0.5619334672918062,
        0.3035479632063075,
        0.6891241578440809,
        0.7499655933991756,
        NaN,
        NaN,
        NaN,
        NaN,
        NaN,
        NaN,
        NaN,
        NaN,
        NaN,
        NaN,
        NaN,
        NaN,
        NaN,
        NaN,
        NaN,
        NaN,
        NaN,
        NaN,
        NaN,
        NaN
    ],
    "threshs": [
        0.7333328924541257,
        0.691259626779488,
        0.6492950694286028,
        0.6116521107249097,
        0.7088134843925292,
        0.7564330341686332,
        0.6931227574418428,
        0.6340573340781295,
        0.7128055689351505,
        0.5440729397495689,
        0.5999452671024978,
        0.605843405877523,
        0.5376435213016327,
        0.695590206138172,
        0.6080769186641857,
        0.6182650480427355,
        0.7040415879622922,
        0.600853141207924,
        0.7595163372057652,
        0.6623243494307854,
        0.6955816671945644,
        0.8951463708486006,
        0.6498326565213415,
        0.6205055837447098,
        0.7229358026025063,
        0.7955114521134763,
        0.7211835709929488,
        0.673697746164144,
        0.7656329826712582,
        0.7225183868928801,
        0.681656906839852,
        0.6899602378184462,
        0.6663905299527612,
        0.6836737928580103,
        0.7126672456535872,
        0.7452197548418893,
        0.8470313156442242,
        0.7591795313396555,
        0.7394445525051587,
        0.8133187664917225,
        0.6768877540929641,
        0.7812725560459893,
        0.5458015692585259,
        0.4555248181140884,
        0.5470005660208405,
        0.4420195640987851,
        0.5790591853144729,
        0.5132961807137915,
        0.5000367275242487,
        1.0234859158126555,
        0.3933364442970463,
        0.3840869469994409,
        0.5655386734074382,
        0.5774974863060477,
        0.3967346210821021,
        1.051963332066991,
        0.5411100185470701,
        0.6471268886593707,
        0.4025661415588819,
        0.9134410676451663,
        1.0614373480996406,
        0.4625175037926742,
        0.3909748053076516,
        NaN,
        NaN,
        NaN,
        NaN,
        NaN,
        NaN,
        NaN,
        NaN,
        NaN,
        NaN,
        NaN,
        NaN,
        NaN,
        NaN,
        NaN,
        NaN,
        NaN,
        NaN,
        NaN,
        NaN
    ],
    "image_classes": [
        1,
        1,
        1,
        1,
        1,
        1,
        1,
        1,
        1,
        1,
        1,
        1,
        1,
        1,
        1,
        1,
        1,
        1,
        1,
        1,
        1,
        1,
        1,
        1,
        1,
        1,
        1,
        1,
        1,
        1,
        1,
        1,
        1,
        1,
        1,
        1,
        1,
        1,
        1,
        1,
        1,
        1,
        1,
        1,
        1,
        1,
        1,
        1,
        1,
        1,
        1,
        1,
        1,
        1,
        1,
        1,
        1,
        1,
        1,
        1,
        1,
        1,
        1,
        0,
        0,
        0,
        0,
        0,
        0,
        0,
        0,
        0,
        0,
        0,
        0,
        0,
        0,
        0,
        0,
        0,
        0,
        0,
        0
    ],