{
    "shared_fpr_metric": "mean-per-image-fpr",
    "fpr_lower_bound": 1e-05,
    "fpr_upper_bound": 0.0001,
    "num_threshs": null,
    "thresh_lower_bound": 13.045302391052246,
    "thresh_upper_bound": 16.30385398864746,
    "aupimos": [
        0.8914770037624966,
        0.6113491666648846,
        0.6968504963865514,
        0.83778233196085,
        0.0,
        0.9174592167406495,
        0.0,
        0.007991169323180003,
        0.2639750086565632,
        0.26889885512943623,
        0.9110508284862997,
        0.11469532278443709,
        0.7220117420617503,
        0.268446067116141,
        0.9173445637932814,
        0.0,
        0.0054138897996471366,
        0.06764817768103953,
        0.0,
        0.0314318352496896,
        0.25213290916861136,
        0.8107485311261446,
        0.0,
        0.09893128024705769,
        0.8573588062638572,
        0.8845691987341758,
        0.5173988457448431,
        0.0,
        0.2795343308493432,
        0.007513731307656682,
        0.9994213263875313,
        0.8266519955411846,
        0.5439473448535417,
        0.0,
        0.9994213263875313,
        0.9994213263875313,
        0.9994213263875313,
        0.9994213263875313,
        0.9994213263875313,
        0.9994213263875313,
        0.9747328182782427,
        0.9138866448099341,
        0.9726843287722454,
        0.7731387803395295,
        0.8624173913739506,
        0.6898384221650515,
        0.8979008334372819,
        0.8712694221633486,
        0.9921174679775229,
        0.9366001509751556,
        0.0,
        0.3119782315462117,
        0.0,
        0.0,
        0.0,
        0.0,
        0.10251282752857335,
        0.23892143532028956,
        0.9984510094854054,
        0.20238350062579238,
        0.9994213263875313,
        0.9988888073486124,
        0.0,
        0.0,
        0.195998108343403,
        0.9994213263875313,
        0.9994213263875313,
        0.6015681718330952,
        0.8314669399764201,
        0.8150968287966089,
        0.0,
        0.04062265147676642,
        0.0,
        0.0,
        0.0,
        0.0,
        0.0,
        0.0,
        0.0064631006639252276,
        0.1461271827848559,
        0.06279841571495917,
        0.0007332038186491542,
        0.0,
        0.0,
        0.0,
        0.0,
        0.0,
        0.0,
        0.0,
        0.0,
        0.6540383369367797,
        0.6514227964701512,
        0.17984837866320166,
        0.5267302100042284,
        0.3756079903398607,
        0.6501710908204138,
        0.3919370353614126,
        0.06032694935105507,
        0.6914357756142665,
        0.17875674881443993,
        NaN,
        NaN,
        NaN,
        NaN,
        NaN,
        NaN,
        NaN,
        NaN,
        NaN,
        NaN,
        NaN,
        NaN,
        NaN,
        NaN,
        NaN,
        NaN,
        NaN,
        NaN,
        NaN,
        NaN,
        NaN,
        NaN,
        NaN,
        NaN,
        NaN,
        NaN,
        NaN,
        NaN,
        NaN,
        NaN,
        NaN,
        NaN,
        NaN,
        NaN,
        NaN,
        NaN,
        NaN,
        NaN,
        NaN,
        NaN,
        NaN,
        NaN,
        NaN,
        NaN,
        NaN,
        NaN,
        NaN,
        NaN,
        NaN,
        NaN
    ],
    "paths": [
        "VisA/visa_pytorch/pipe_fryum/test/bad/000.JPG",
        "VisA/visa_pytorch/pipe_fryum/test/bad/001.JPG",
        "VisA/visa_pytorch/pipe_fryum/test/bad/002.JPG",
        "VisA/visa_pytorch/pipe_fryum/test/bad/003.JPG",
        "VisA/visa_pytorch/pipe_fryum/test/bad/004.JPG",
        "VisA/visa_pytorch/pipe_fryum/test/bad/005.JPG",
        "VisA/visa_pytorch/pipe_fryum/test/bad/006.JPG",
        "VisA/visa_pytorch/pipe_fryum/test/bad/007.JPG",
        "VisA/visa_pytorch/pipe_fryum/test/bad/008.JPG",
        "VisA/visa_pytorch/pipe_fryum/test/bad/009.JPG",
        "VisA/visa_pytorch/pipe_fryum/test/bad/010.JPG",
        "VisA/visa_pytorch/pipe_fryum/test/bad/011.JPG",
        "VisA/visa_pytorch/pipe_fryum/test/bad/012.JPG",
        "VisA/visa_pytorch/pipe_fryum/test/bad/013.JPG",
        "VisA/visa_pytorch/pipe_fryum/test/bad/014.JPG",
        "VisA/visa_pytorch/pipe_fryum/test/bad/015.JPG",
        "VisA/visa_pytorch/pipe_fryum/test/bad/016.JPG",
        "VisA/visa_pytorch/pipe_fryum/test/bad/017.JPG",
        "VisA/visa_pytorch/pipe_fryum/test/bad/018.JPG",
        "VisA/visa_pytorch/pipe_fryum/test/bad/019.JPG",
        "VisA/visa_pytorch/pipe_fryum/test/bad/020.JPG",
        "VisA/visa_pytorch/pipe_fryum/test/bad/021.JPG",
        "VisA/visa_pytorch/pipe_fryum/test/bad/022.JPG",
        "VisA/visa_pytorch/pipe_fryum/test/bad/023.JPG",
        "VisA/visa_pytorch/pipe_fryum/test/bad/024.JPG",
        "VisA/visa_pytorch/pipe_fryum/test/bad/025.JPG",
        "VisA/visa_pytorch/pipe_fryum/test/bad/026.JPG",
        "VisA/visa_pytorch/pipe_fryum/test/bad/027.JPG",
        "VisA/visa_pytorch/pipe_fryum/test/bad/028.JPG",
        "VisA/visa_pytorch/pipe_fryum/test/bad/029.JPG",
        "VisA/visa_pytorch/pipe_fryum/test/bad/030.JPG",
        "VisA/visa_pytorch/pipe_fryum/test/bad/031.JPG",
        "VisA/visa_pytorch/pipe_fryum/test/bad/032.JPG",
        "VisA/visa_pytorch/pipe_fryum/test/bad/033.JPG",
        "VisA/visa_pytorch/pipe_fryum/test/bad/034.JPG",
        "VisA/visa_pytorch/pipe_fryum/test/bad/035.JPG",
        "VisA/visa_pytorch/pipe_fryum/test/bad/036.JPG",
        "VisA/visa_pytorch/pipe_fryum/test/bad/037.JPG",
        "VisA/visa_pytorch/pipe_fryum/test/bad/038.JPG",
        "VisA/visa_pytorch/pipe_fryum/test/bad/039.JPG",
        "VisA/visa_pytorch/pipe_fryum/test/bad/040.JPG",
        "VisA/visa_pytorch/pipe_fryum/test/bad/041.JPG",
        "VisA/visa_pytorch/pipe_fryum/test/bad/042.JPG",
        "VisA/visa_pytorch/pipe_fryum/test/bad/043.JPG",
        "VisA/visa_pytorch/pipe_fryum/test/bad/044.JPG",
        "VisA/visa_pytorch/pipe_fryum/test/bad/045.JPG",
        "VisA/visa_pytorch/pipe_fryum/test/bad/046.JPG",
        "VisA/visa_pytorch/pipe_fryum/test/bad/047.JPG",
        "VisA/visa_pytorch/pipe_fryum/test/bad/048.JPG",
        "VisA/visa_pytorch/pipe_fryum/test/bad/049.JPG",
        "VisA/visa_pytorch/pipe_fryum/test/bad/050.JPG",
        "VisA/visa_pytorch/pipe_fryum/test/bad/051.JPG",
        "VisA/visa_pytorch/pipe_fryum/test/bad/052.JPG",
        "VisA/visa_pytorch/pipe_fryum/test/bad/053.JPG",
        "VisA/visa_pytorch/pipe_fryum/test/bad/054.JPG",
        "VisA/visa_pytorch/pipe_fryum/test/bad/055.JPG",
        "VisA/visa_pytorch/pipe_fryum/test/bad/056.JPG",
        "VisA/visa_pytorch/pipe_fryum/test/bad/057.JPG",
        "VisA/visa_pytorch/pipe_fryum/test/bad/058.JPG",
        "VisA/visa_pytorch/pipe_fryum/test/bad/059.JPG",
        "VisA/visa_pytorch/pipe_fryum/test/bad/060.JPG",
        "VisA/visa_pytorch/pipe_fryum/test/bad/061.JPG",
        "VisA/visa_pytorch/pipe_fryum/test/bad/062.JPG",
        "VisA/visa_pytorch/pipe_fryum/test/bad/063.JPG",
        "VisA/visa_pytorch/pipe_fryum/test/bad/064.JPG",
        "VisA/visa_pytorch/pipe_fryum/test/bad/065.JPG",
        "VisA/visa_pytorch/pipe_fryum/test/bad/066.JPG",
        "VisA/visa_pytorch/pipe_fryum/test/bad/067.JPG",
        "VisA/visa_pytorch/pipe_fryum/test/bad/068.JPG",
        "VisA/visa_pytorch/pipe_fryum/test/bad/069.JPG",
        "VisA/visa_pytorch/pipe_fryum/test/bad/070.JPG",
        "VisA/visa_pytorch/pipe_fryum/test/bad/071.JPG",
        "VisA/visa_pytorch/pipe_fryum/test/bad/072.JPG",
        "VisA/visa_pytorch/pipe_fryum/test/bad/073.JPG",
        "VisA/visa_pytorch/pipe_fryum/test/bad/074.JPG",
        "VisA/visa_pytorch/pipe_fryum/test/bad/075.JPG",
        "VisA/visa_pytorch/pipe_fryum/test/bad/076.JPG",
        "VisA/visa_pytorch/pipe_fryum/test/bad/077.JPG",
        "VisA/visa_pytorch/pipe_fryum/test/bad/078.JPG",
        "VisA/visa_pytorch/pipe_fryum/test/bad/079.JPG",
        "VisA/visa_pytorch/pipe_fryum/test/bad/080.JPG",
        "VisA/visa_pytorch/pipe_fryum/test/bad/081.JPG",
