{
    "shared_fpr_metric": "mean-per-image-fpr",
    "fpr_lower_bound": 1e-05,
    "fpr_upper_bound": 0.0001,
    "num_threshs": 5060,
    "thresh_lower_bound": 214.36441040039062,
    "thresh_upper_bound": 244.3094024658203,
    "aupimos": [
        0.9998135675086617,
        0.9998135675086617,
        0.9985220189535169,
        0.9813962788260391,
        0.9578250308058844,
        0.9998135675086617,
        0.9998135675086617,
        0.9996928193326826,
        0.9826150051106043,
        0.9998135675086617,
        0.9810399856892719,
        0.9955893716360791,
        0.9989775124011968,
        0.9998135675086617,
        0.9998135675086617,
        0.9179392881318583,
        0.9905555386617237,
        0.9992974825844574,
        0.999360295325845,
        0.8911823205819014,
        0.36176481343249556,
        0.9998079374714668,
        0.9998135675086617,
        0.8859146936739649,
        0.9124575201371475,
        0.9996959131906362,
        0.9998135675086617,
        0.5336967921924881,
        0.998221197934724,
        0.9998135675086617,
        0.9936252911699147,
        0.9994619075043473,
        0.9991411884268527,
        0.9998135675086617,
        0.9985302937235865,
        NaN,
        NaN,
        NaN,
        NaN,
        NaN,
        NaN,
        NaN,
        NaN,
        NaN,
        NaN,
        NaN,
        NaN,
        NaN,
        NaN,
        NaN,
        NaN,
        NaN,
        NaN,
        NaN,
        NaN,
        NaN,
        NaN,
        NaN,
        NaN,
        NaN,
        NaN,
        NaN,
        NaN,
        NaN,
        NaN,
        NaN,
        NaN,
        NaN,
        0.5092601086390856,
        0.7362110131202125,
        0.07038564040417458,
        0.0,
        0.010160762823577658,
        0.0027797929004118684,
        0.8871334983226806,
        0.9564498451081527,
        0.8922513356295764,
        0.4570651037360473,
        0.5500263434982935,
        0.4421383003805907,
        0.0,
        0.6719911477680223,
        0.18367195578588774,
        0.9869619530871466,
        0.45272683409176906,
        0.623313605768559,
        0.5817964243730611,
        0.8819449834472031,
        0.91051070988349,
        0.8384903963713215,
        0.5582481452133453,
        0.5157986828179055,
        0.565001373592787,
        0.8542940866234027,
        0.5033828492732637,
        0.9081911691419828,
        0.8172524355348735,
        0.7043995379617402,
        0.5436534236788791,
        0.5345681815084232,
        0.6160981861816784,
        0.5214428630725378,
        0.1700507198557927,
        0.8291758120390393,
        0.2600679445771586,
        0.12958088507512594,
        0.2820102262185215,
        0.17185927157245412,
        0.40239303241893637,
        0.31281069391009386,
        0.5935503762094694,
        0.7168566480572107,
        0.5717321614087052,
        0.7324749114272078,
        0.10048904589973082,
        0.2810319044405596,
        0.45312385809060185
    ],
    "paths": [
        "MVTec/tile/test/crack/000.png",
        "MVTec/tile/test/crack/001.png",
        "MVTec/tile/test/crack/002.png",
        "MVTec/tile/test/crack/003.png",
        "MVTec/tile/test/crack/004.png",
        "MVTec/tile/test/crack/005.png",
        "MVTec/tile/test/crack/006.png",
        "MVTec/tile/test/crack/007.png",
        "MVTec/tile/test/crack/008.png",
        "MVTec/tile/test/crack/009.png",
        "MVTec/tile/test/crack/010.png",
        "MVTec/tile/test/crack/011.png",
        "MVTec/tile/test/crack/012.png",
        "MVTec/tile/test/crack/013.png",
        "MVTec/tile/test/crack/014.png",
        "MVTec/tile/test/crack/015.png",
        "MVTec/tile/test/crack/016.png",
        "MVTec/tile/test/glue_strip/000.png",
        "MVTec/tile/test/glue_strip/001.png",
        "MVTec/tile/test/glue_strip/002.png",
        "MVTec/tile/test/glue_strip/003.png",
        "MVTec/tile/test/glue_strip/004.png",
        "MVTec/tile/test/glue_strip/005.png",
        "MVTec/tile/test/glue_strip/006.png",
        "MVTec/tile/test/glue_strip/007.png",
        "MVTec/tile/test/glue_strip/008.png",
        "MVTec/tile/test/glue_strip/009.png",
        "MVTec/tile/test/glue_strip/010.png",
        "MVTec/tile/test/glue_strip/011.png",
        "MVTec/tile/test/glue_strip/012.png",
        "MVTec/tile/test/glue_strip/013.png",
        "MVTec/tile/test/glue_strip/014.png",
        "MVTec/tile/test/glue_strip/015.png",
        "MVTec/tile/test/glue_strip/016.png",
        "MVTec/tile/test/glue_strip/017.png",
        "MVTec/tile/test/good/000.png",
        "MVTec/tile/test/good/001.png",
        "MVTec/tile/test/good/002.png",
        "MVTec/tile/test/good/003.png",
        "MVTec/tile/test/good/004.png",
        "MVTec/tile/test/good/005.png",
        "MVTec/tile/test/good/006.png",
        "MVTec/tile/test/good/007.png",
        "MVTec/tile/test/good/008.png",
        "MVTec/tile/test/good/009.png",
        "MVTec/tile/test/good/010.png",
        "MVTec/tile/test/good/011.png",
        "MVTec/tile/test/good/012.png",
        "MVTec/tile/test/good/013.png",
        "MVTec/tile/test/good/014.png",
        "MVTec/tile/test/good/015.png",
        "MVTec/tile/test/good/016.png",
        "MVTec/tile/test/good/017.png",
        "MVTec/tile/test/good/018.png",
        "MVTec/tile/test/good/019.png",
        "MVTec/tile/test/good/020.png",
        "MVTec/tile/test/good/021.png",
        "MVTec/tile/test/good/022.png",
        "MVTec/tile/test/good/023.png",
        "MVTec/tile/test/good/024.png",
        "MVTec/tile/test/good/025.png",
        "MVTec/tile/test/good/026.png",
        "MVTec/tile/test/good/027.png",
        "MVTec/tile/test/good/028.png",
        "MVTec/tile/test/good/029.png",
        "MVTec/tile/test/good/030.png",
        "MVTec/tile/test/good/031.png",
        "MVTec/tile/test/good/032.png",
        "MVTec/tile/test/gray_stroke/000.png",
        "MVTec/tile/test/gray_stroke/001.png",
        "MVTec/tile/test/gray_stroke/002.png",
        "MVTec/tile/test/gray_stroke/003.png",
        "MVTec/tile/test/gray_stroke/004.png",
        "MVTec/tile/test/gray_stroke/005.png",
        "MVTec/tile/test/gray_stroke/006.png",
        "MVTec/tile/test/gray_stroke/007.png",
        "MVTec/tile/test/gray_stroke/008.png",
        "MVTec/tile/test/gray_stroke/009.png",
        "MVTec/tile/test/gray_stroke/010.png",
        "MVTec/tile/test/gray_stroke/011.png",
        "MVTec/tile/test/gray_stroke/012.png",
        "MVTec/tile/test/gray_stroke/013.png",
        "MVTec/tile/test/gray_stroke/014.png",
        "MVTec/tile/test/gray_stroke/015.png",
        "MVTec/tile/test/oil/000.png",
        "MVTec/tile/test/oil/001.png",
        "MVTec/tile/test/oil/002.png",
        "MVTec/tile/test/oil/003.png",
        "MVTec/tile/test/oil/004.png",
        "MVTec/tile/test/oil/005.png",
        "MVTec/tile/test/oil/006.png",
        "MVTec/tile/test/oil/007.png",
        "MVTec/tile/test/oil/008.png",
        "MVTec/tile/test/oil/009.png",
        "MVTec/tile/test/oil/010.png",
        "MVTec/tile/test/oil/011.png",
        "MVTec/tile/test/oil/012.png",
        "MVTec/tile/test/oil/013.png",
        "MVTec/tile/test/oil/014.png",
        "MVTec/tile/test/oil/015.png",
        "MVTec/tile/test/oil/016.png",
        "MVTec/tile/test/oil/017.png",
        "MVTec/tile/test/rough/000.png",
        "MVTec/tile/test/rough/001.png",
        "MVTec/tile/test/rough/002.png",
        "MVTec/tile/test/rough/003.png",
        "MVTec/tile/test/rough/004.png",
        "MVTec/tile/test/rough/005.png",
        "MVTec/tile/test/rough/006.png",
        "MVTec/tile/test/rough/007.png",
        "MVTec/tile/test/rough/008.png",
        "MVTec/tile/test/rough/009.png",
        "MVTec/tile/test/rough/010.png",
        "MVTec/tile/test/rough/011.png",
        "MVTec/tile/test/rough/012.png",
        "MVTec/tile/test/rough/013.png",
        "MVTec/tile/test/rough/014.png"
    ]
}