{
    "ious": [
        0.35155176004998956,
        0.5675623342965236,
        0.5263275515291125,
        0.39760876435268094,
        0.5458445040214477,
        0.32587225600552033,
        0.4762398210754471,
        0.5835650561927934,
        0.5509142657324085,
        0.5073727983175202,
        0.13736693800876643,
        0.4662744758773827,
        0.814537127903173,
        0.2963737464949385,
        0.6758703040323322,
        0.4330918876373422,
        0.36154969378000484,
        0.6519030102845131,
        0.48362028818283553,
        NaN,
        NaN,
        NaN,
        NaN,
        NaN,
        NaN,
        NaN,
        NaN,
        NaN,
        NaN,
        NaN,
        NaN,
        NaN,
        NaN,
        NaN,
        NaN,
        NaN,
        NaN,
        NaN,
        0.6020486555697824,
        0.6032825761357963,
        0.6164955070603337,
        0.6597119049157031,
        0.1571274404002747,
        0.21897439900093663,
        0.2928636422721955,
        0.42686935086277733,
        0.5947164948453608,
        0.6628254750175933,
        0.6069644783633675,
        0.6251302785929173,
        0.6863175180341329,
        0.5326308476146364,
        0.5577826829962973,
        0.5960117777738597,
        0.7339229954468548,
        0.7360457984052341,
        0.6882323185398536,
        0.6211410540678833,
        0.5607591343904141,
        0.14793401413982718,
        0.6323032831077439,
        0.4145172335083314,
        0.24946119141354636,
        0.4519541511257642,
        0.5605508302956662,
        0.7878819230652764,
        0.5084335337341349,
        0.2924306535025858,
        0.21169282911166606,
        0.6934354882016123,
        0.6227566793421897,
        0.4263733939618252,
        0.5059060065343051,
        0.3350155454422566,
        0.3514381598467499,
        0.5433725420371462,
        0.802029530397328,
        0.3129506251711235,
        0.319644225040429
    ],
    "threshs": [
        0.7247872662080634,
        0.7175496827506176,
        0.6413470715310821,
        1.1420667550087238,
        0.6920199298252809,
        1.0338647208216414,
        0.6422093402567368,
        0.8811756928964491,
        0.6713463169695155,
        0.914210892477586,
        0.9754168330265123,
        0.9063441275901417,
        0.9079201364886132,
        0.9224900218230504,
        0.9285519911182067,
        0.8172806435888518,
        0.7699537821855635,
        0.952899505025619,
        0.7091211121173796,
        NaN,
        NaN,
        NaN,
        NaN,
        NaN,
        NaN,
        NaN,
        NaN,
        NaN,
        NaN,
        NaN,
        NaN,
        NaN,
        NaN,
        NaN,
        NaN,
        NaN,
        NaN,
        NaN,
        1.0097842328370326,
        1.057755013781523,
        1.0275347154999381,
        0.9587689659037446,
        0.6935905346076606,
        0.6095725394205709,
        0.7778605040085276,
        0.8823202635891054,
        1.077669517866021,
        1.0185100864593661,
        0.8794065437115934,
        0.7437707805884728,
        0.7830215398069961,
        0.8001228591378581,
        0.9035349350063258,
        0.7057628211770971,
        0.6807138939443869,
        0.8879410904855634,
        0.872173476920044,
        0.9312266270971907,
        0.542547477011738,
        0.5970598794784124,
        0.7982943058845114,
        0.8343349392568522,
        0.8492749450780702,
        0.7043277634604657,
        0.553053082051184,
        0.6710067321318662,
        0.9650595711392669,
        0.8420838781761244,
        0.990821427112191,
        0.5576516369844093,
        0.6010010001580477,
        0.8802954734869977,
        0.7890364838361847,
        0.9177578433291849,
        0.7521919709599008,
        0.57638509575634,
        0.6609188940846457,
        1.0236675182677484,
        0.7022277816002573
    ],
    "image_classes": [
        1,
        1,
        1,
        1,
        1,
        1,
        1,
        1,
        1,
        1,
        1,
        1,
        1,
        1,
        1,
        1,
        1,
        1,
        1,
        0,
        0,
        0,
        0,
        0,
        0,
        0,
        0,
        0,
        0,
        0,
        0,
        0,
        0,
        0,
        0,
        0,
        0,
        0,
        1,
        1,
        1,
        1,
        1,
        1,
        1,
        1,
        1,
        1,
        1,
        1,
        1,
        1,
        1,
        1,
        1,
        1,
        1,
        1,
        1,
        1,
        1,
        1,
        1,
        1,
        1,
        1,
        1,
        1,
        1,
        1,
        1,
        1,
        1,
        1,
        1,
        1,
        1,
        1,
        1
    ],