{
    "shared_fpr_metric": "mean-per-image-fpr",
    "fpr_lower_bound": 1e-05,
    "fpr_upper_bound": 0.0001,
    "num_threshs": 3451,
    "thresh_lower_bound": -0.3154323101043701,
    "thresh_upper_bound": -0.25081494450569153,
    "aupimos": [
        0.14899277691353982,
        1.0,
        0.9256194195495845,
        0.9884193104679967,
        1.0,
        0.2905616217454356,
        0.9602124549080194,
        0.9234242273842456,
        0.5578151567345423,
        0.8375945518313473,
        0.9959833732418936,
        0.9455162946195435,
        0.9690271906218515,
        0.9112322269751059,
        1.0,
        0.993349747442444,
        0.0,
        0.918067289326126,
        0.9999755539510327,
        0.21001288130568965,
        1.0,
        0.6586307381325636,
        0.06723237743383204,
        0.9940476190476194,
        1.0,
        1.0,
        0.8106017885478509,
        0.18163229503638018,
        0.33010939966598507,
        0.9916910682396529,
        0.9394486155601541,
        0.9299348463271976,
        0.5165042189652895,
        1.0,
        0.7399633013821456,
        0.696883913361726,
        0.569120447981416,
        0.7571835399823279,
        0.9766528661580308,
        0.6204503767949934,
        0.9935825015710749,
        0.8807036306250742,
        0.9293763512537906,
        0.9268032136540856,
        0.8574580714159831,
        NaN,
        NaN,
        NaN,
        NaN,
        NaN,
        NaN,
        NaN,
        NaN,
        NaN,
        NaN,
        NaN,
        NaN,
        NaN,
        NaN,
        NaN,
        NaN,
        NaN,
        NaN,
        NaN,
        NaN,
        NaN,
        NaN,
        NaN,
        1.0,
        0.0,
        0.0,
        0.8068812703048802,
        0.9534701232700176,
        0.0,
        0.0,
        1.0,
        0.9414012653353466,
        0.5740375291107969,
        0.8333752037508196,
        0.9992864862637614,
        1.0,
        1.0,
        0.822346728563455,
        0.7002688869423758,
        1.0,
        0.9764507189706142,
        0.9806118052563553,
        0.7685387254306312,
        1.0,
        0.08711213198454829,
        0.8391091277833385,
        0.5198927362988167,
        0.3409663713123588,
        0.23882597476209966,
        0.48485514002179814,
        0.6965345754016667,
        0.002104075094959712,
        0.5694302440096275,
        0.0274560127320036,
        0.1578222288951451,
        0.9562928751411074,
        0.2049855703396538,
        0.0,
        0.9974139022254014,
        0.5469418431678413,
        0.07107855155090549,
        0.0,
        0.4039666568657679,
        0.48635836045436465,
        0.2860753896135621,
        0.3978194033531574,
        0.5339896684075996,
        0.9448974916964246,
        1.0,
        0.627057842421169,
        0.9993098278252225,
        1.0,
        0.9432021092406514,
        0.9973752484615799,
        0.9704434912851682,
        0.9483759701649813,
        0.9683663958914297,
        1.0,
        0.9446360109679768,
        0.6600441398666227,
        0.9881442875070737,
        0.9801311988833636,
        0.9812668340825323,
        0.9252802428652436,
        0.9570424460295657,
        0.9999602630255937,
        0.9287751753848473
    ],
    "paths": [
        "MVTec/capsule/test/crack/000.png",
        "MVTec/capsule/test/crack/001.png",
        "MVTec/capsule/test/crack/002.png",
        "MVTec/capsule/test/crack/003.png",
        "MVTec/capsule/test/crack/004.png",
        "MVTec/capsule/test/crack/005.png",
        "MVTec/capsule/test/crack/006.png",
        "MVTec/capsule/test/crack/007.png",
        "MVTec/capsule/test/crack/008.png",
        "MVTec/capsule/test/crack/009.png",
        "MVTec/capsule/test/crack/010.png",
        "MVTec/capsule/test/crack/011.png",
        "MVTec/capsule/test/crack/012.png",
        "MVTec/capsule/test/crack/013.png",
        "MVTec/capsule/test/crack/014.png",
        "MVTec/capsule/test/crack/015.png",
        "MVTec/capsule/test/crack/016.png",
        "MVTec/capsule/test/crack/017.png",
        "MVTec/capsule/test/crack/018.png",
        "MVTec/capsule/test/crack/019.png",
        "MVTec/capsule/test/crack/020.png",
        "MVTec/capsule/test/crack/021.png",
        "MVTec/capsule/test/crack/022.png",
        "MVTec/capsule/test/faulty_imprint/000.png",
        "MVTec/capsule/test/faulty_imprint/001.png",
        "MVTec/capsule/test/faulty_imprint/002.png",
        "MVTec/capsule/test/faulty_imprint/003.png",
        "MVTec/capsule/test/faulty_imprint/004.png",
        "MVTec/capsule/test/faulty_imprint/005.png",
        "MVTec/capsule/test/faulty_imprint/006.png",
        "MVTec/capsule/test/faulty_imprint/007.png",
        "MVTec/capsule/test/faulty_imprint/008.png",
        "MVTec/capsule/test/faulty_imprint/009.png",
        "MVTec/capsule/test/faulty_imprint/010.png",
        "MVTec/capsule/test/faulty_imprint/011.png",
        "MVTec/capsule/test/faulty_imprint/012.png",
        "MVTec/capsule/test/faulty_imprint/013.png",
        "MVTec/capsule/test/faulty_imprint/014.png",
        "MVTec/capsule/test/faulty_imprint/015.png",
        "MVTec/capsule/test/faulty_imprint/016.png",
        "MVTec/capsule/test/faulty_imprint/017.png",
        "MVTec/capsule/test/faulty_imprint/018.png",
        "MVTec/capsule/test/faulty_imprint/019.png",
        "MVTec/capsule/test/faulty_imprint/020.png",
        "MVTec/capsule/test/faulty_imprint/021.png",
        "MVTec/capsule/test/good/000.png",
        "MVTec/capsule/test/good/001.png",
        "MVTec/capsule/test/good/002.png",
        "MVTec/capsule/test/good/003.png",
        "MVTec/capsule/test/good/004.png",
        "MVTec/capsule/test/good/005.png",
        "MVTec/capsule/test/good/006.png",
        "MVTec/capsule/test/good/007.png",
        "MVTec/capsule/test/good/008.png",
        "MVTec/capsule/test/good/009.png",
        "MVTec/capsule/test/good/010.png",
        "MVTec/capsule/test/good/011.png",
        "MVTec/capsule/test/good/012.png",
        "MVTec/capsule/test/good/013.png",
        "MVTec/capsule/test/good/014.png",
        "MVTec/capsule/test/good/015.png",
        "MVTec/capsule/test/good/016.png",
        "MVTec/capsule/test/good/017.png",
        "MVTec/capsule/test/good/018.png",
        "MVTec/capsule/test/good/019.png",
        "MVTec/capsule/test/good/020.png",
        "MVTec/capsule/test/good/021.png",
        "MVTec/capsule/test/good/022.png",
        "MVTec/capsule/test/poke/000.png",
        "MVTec/capsule/test/poke/001.png",
        "MVTec/capsule/test/poke/002.png",
        "MVTec/capsule/test/poke/003.png",
        "MVTec/capsule/test/poke/004.png",
        "MVTec/capsule/test/poke/005.png",
        "MVTec/capsule/test/poke/006.png",
        "MVTec/capsule/test/poke/007.png",
        "MVTec/capsule/test/poke/008.png",
        "MVTec/capsule/test/poke/009.png",
        "MVTec/capsule/test/poke/010.png",
        "MVTec/capsule/test/poke/011.png",
        "MVTec/capsule/test/poke/012.png",
        "MVTec/capsule/test/poke/013.png",
        "MVTec/capsule/test/poke/014.png",
        "MVTec/capsule/test/poke/015.png",
        "MVTec/capsule/test/poke/016.png",
        "MVTec/capsule/test/poke/017.png",
        "MVTec/capsule/test/poke/018.png",
        "MVTec/capsule/test/poke/019.png",
        "MVTec/capsule/test/poke/020.png",
        "MVTec/capsule/test/scratch/000.png",
        "MVTec/capsule/test/scratch/001.png",
        "MVTec/capsule/test/scratch/002.png",
        "MVTec/capsule/test/scratch/003.png",
        "MVTec/capsule/test/scratch/004.png",
        "MVTec/capsule/test/scratch/005.png",
        "MVTec/capsule/test/scratch/006.png",
        "MVTec/capsule/test/scratch/007.png",
        "MVTec/capsule/test/scratch/008.png",
        "MVTec/capsule/test/scratch/009.png",
        "MVTec/capsule/test/scratch/010.png",
        "MVTec/capsule/test/scratch/011.png",
        "MVTec/capsule/test/scratch/012.png",
        "MVTec/capsule/test/scratch/013.png",
