{
    "shared_fpr_metric": "mean-per-image-fpr",
    "fpr_lower_bound": 1e-05,
    "fpr_upper_bound": 0.0001,
    "num_threshs": null,
    "thresh_lower_bound": 192.76148986816406,
    "thresh_upper_bound": 258.8060302734375,
    "aupimos": [
        1.0,
        0.9343554395682573,
        0.9270346212888996,
        0.35020145466494795,
        0.0,
        0.5834699839511553,
        1.0,
        0.5710789379964029,
        0.9259763879999204,
        0.02995941383141165,
        1.0,
        0.9246752533711164,
        0.44976485747429995,
        0.4631854194925351,
        0.7541189026940007,
        0.9041641208204187,
        1.0,
        0.8180554800084633,
        0.9902023755505788,
        1.0,
        0.7598953925660964,
        0.06285859388588622,
        1.0,
        0.909895116446609,
        0.9856908186388946,
        0.8785480109792031,
        1.0,
        1.0,
        0.0021149348382033454,
        0.47589681469068107,
        0.8013379106787549,
        0.9471620403448905,
        0.6103896795696481,
        0.5562108657846362,
        0.7120161869256195,
        0.9978006915718474,
        0.9978176653079368,
        0.6166684390548122,
        1.0,
        0.7543168453224256,
        0.6712036581776665,
        0.7264785211404817,
        0.47356781184524505,
        0.724860533668619,
        0.7327563874802886,
        0.09918892021953124,
        0.059539391987521666,
        0.2416842603736665,
        0.17017934045339128,
        0.6258731527205278,
        0.8334963140303442,
        0.4663046895991508,
        0.8096914610402132,
        0.6565664574589939,
        0.38270993442246004,
        1.0,
        1.0,
        1.0,
        0.9694514578925186,
        0.25280857680028146,
        1.0,
        1.0,
        1.0,
        1.0,
        1.0,
        0.0,
        1.0,
        0.953636126067023,
        1.0,
        1.0,
        1.0,
        0.4822907732430116,
        0.996437937209332,
        1.0,
        NaN,
        NaN,
        NaN,
        NaN,
        NaN,
        NaN,
        NaN,
        NaN,
        NaN,
        NaN,
        NaN,
        NaN,
        NaN,
        NaN,
        NaN,
        NaN,
        NaN,
        NaN,
        NaN,
        NaN,
        NaN,
        NaN,
        NaN,
        NaN,
        NaN,
        NaN,
        NaN,
        NaN,
        NaN,
        NaN,
        NaN,
        NaN,
        1.0,
        0.6763833127820421,
        0.986503590281971,
        1.0,
        1.0,
        1.0,
        1.0,
        1.0,
        1.0,
        1.0,
        1.0,
        1.0,
        1.0,
        1.0,
        1.0,
        1.0,
        1.0,
        1.0
    ],
    "paths": [
        "MVTec/leather/test/color/000.png",
        "MVTec/leather/test/color/001.png",
        "MVTec/leather/test/color/002.png",
        "MVTec/leather/test/color/003.png",
        "MVTec/leather/test/color/004.png",
        "MVTec/leather/test/color/005.png",
        "MVTec/leather/test/color/006.png",
        "MVTec/leather/test/color/007.png",
        "MVTec/leather/test/color/008.png",
        "MVTec/leather/test/color/009.png",
        "MVTec/leather/test/color/010.png",
        "MVTec/leather/test/color/011.png",
        "MVTec/leather/test/color/012.png",
        "MVTec/leather/test/color/013.png",
        "MVTec/leather/test/color/014.png",
        "MVTec/leather/test/color/015.png",
        "MVTec/leather/test/color/016.png",
        "MVTec/leather/test/color/017.png",
        "MVTec/leather/test/color/018.png",
        "MVTec/leather/test/cut/000.png",
        "MVTec/leather/test/cut/001.png",
        "MVTec/leather/test/cut/002.png",
        "MVTec/leather/test/cut/003.png",
        "MVTec/leather/test/cut/004.png",
        "MVTec/leather/test/cut/005.png",
        "MVTec/leather/test/cut/006.png",
        "MVTec/leather/test/cut/007.png",
        "MVTec/leather/test/cut/008.png",
        "MVTec/leather/test/cut/009.png",
        "MVTec/leather/test/cut/010.png",
        "MVTec/leather/test/cut/011.png",
        "MVTec/leather/test/cut/012.png",
        "MVTec/leather/test/cut/013.png",
        "MVTec/leather/test/cut/014.png",
        "MVTec/leather/test/cut/015.png",
        "MVTec/leather/test/cut/016.png",
        "MVTec/leather/test/cut/017.png",
        "MVTec/leather/test/cut/018.png",
        "MVTec/leather/test/fold/000.png",
        "MVTec/leather/test/fold/001.png",
        "MVTec/leather/test/fold/002.png",
        "MVTec/leather/test/fold/003.png",
        "MVTec/leather/test/fold/004.png",
        "MVTec/leather/test/fold/005.png",
        "MVTec/leather/test/fold/006.png",
        "MVTec/leather/test/fold/007.png",
        "MVTec/leather/test/fold/008.png",
        "MVTec/leather/test/fold/009.png",
        "MVTec/leather/test/fold/010.png",
        "MVTec/leather/test/fold/011.png",
        "MVTec/leather/test/fold/012.png",
        "MVTec/leather/test/fold/013.png",
        "MVTec/leather/test/fold/014.png",
        "MVTec/leather/test/fold/015.png",
        "MVTec/leather/test/fold/016.png",
        "MVTec/leather/test/glue/000.png",
        "MVTec/leather/test/glue/001.png",
        "MVTec/leather/test/glue/002.png",
        "MVTec/leather/test/glue/003.png",
        "MVTec/leather/test/glue/004.png",
        "MVTec/leather/test/glue/005.png",
        "MVTec/leather/test/glue/006.png",
        "MVTec/leather/test/glue/007.png",
        "MVTec/leather/test/glue/008.png",
        "MVTec/leather/test/glue/009.png",
        "MVTec/leather/test/glue/010.png",
        "MVTec/leather/test/glue/011.png",
        "MVTec/leather/test/glue/012.png",
        "MVTec/leather/test/glue/013.png",
        "MVTec/leather/test/glue/014.png",
        "MVTec/leather/test/glue/015.png",
        "MVTec/leather/test/glue/016.png",
        "MVTec/leather/test/glue/017.png",
        "MVTec/leather/test/glue/018.png",
        "MVTec/leather/test/good/000.png",
        "MVTec/leather/test/good/001.png",
        "MVTec/leather/test/good/002.png",
        "MVTec/leather/test/good/003.png",
        "MVTec/leather/test/good/004.png",
        "MVTec/leather/test/good/005.png",
        "MVTec/leather/test/good/006.png",
        "MVTec/leather/test/good/007.png",
        "MVTec/leather/test/good/008.png",
        "MVTec/leather/test/good/009.png",
        "MVTec/leather/test/good/010.png",
        "MVTec/leather/test/good/011.png",
        "MVTec/leather/test/good/012.png",
        "MVTec/leather/test/good/013.png",
        "MVTec/leather/test/good/014.png",
        "MVTec/leather/test/good/015.png",
        "MVTec/leather/test/good/016.png",
        "MVTec/leather/test/good/017.png",
        "MVTec/leather/test/good/018.png",
        "MVTec/leather/test/good/019.png",
        "MVTec/leather/test/good/020.png",
        "MVTec/leather/test/good/021.png",
        "MVTec/leather/test/good/022.png",
        "MVTec/leather/test/good/023.png",
        "MVTec/leather/test/good/024.png",
        "MVTec/leather/test/good/025.png",
        "MVTec/leather/test/good/026.png",
        "MVTec/leather/test/good/027.png",
        "MVTec/leather/test/good/028.png",
        "MVTec/leather/test/good/029.png",
        "MVTec/leather/test/good/030.png",
        "MVTec/leather/test/good/031.png",
        "MVTec/leather/test/poke/000.png",
        "MVTec/leather/test/poke/001.png",
        "MVTec/leather/test/poke/002.png",
        "MVTec/leather/test/poke/003.png",
        "MVTec/leather/test/poke/004.png",
        "MVTec/leather/test/poke/005.png",
        "MVTec/leather/test/poke/006.png",
        "MVTec/leather/test/poke/007.png",
        "MVTec/leather/test/poke/008.png",
        "MVTec/leather/test/poke/009.png",
        "MVTec/leather/test/poke/010.png",
        "MVTec/leather/test/poke/011.png",
        "MVTec/leather/test/poke/012.png",
        "MVTec/leather/test/poke/013.png",
        "MVTec/leather/test/poke/014.png",
        "MVTec/leather/test/poke/015.png",
        "MVTec/leather/test/poke/016.png",
        "MVTec/leather/test/poke/017.png"
