{
    "avg_iou": 0.24882133018252722,
    "thresh": 33.38710403442383,
    "ious_at_thresh": [
        0.07787391841779975,
        0.22787585741594513,
        0.3265138154027043,
        0.1633134905684073,
        0.3962491153573956,
        0.41699871004729827,
        0.3687909583056321,
        0.4251696065128901,
        0.4420731707317073,
        0.22341279729767147,
        0.3067426745579318,
        0.2940673245265001,
        0.3301040915180872,
        0.27990804705003736,
        0.08640895574602064,
        0.20219318545946524,
        0.10020679173829633,
        0.2586427656850192,
        0.14592568711211412,
        0.1251821778055382,
        0.16508178014454164,
        0.08855534182333862,
        0.08364703133518524,
        0.11862872659387905,
        0.465042850699143,
        0.0,
        0.537137069547603,
        0.6494159928122192,
        0.4553743418518043,
        0.21857167560089918,
        0.47422885572139306,
        0.0,
        0.0,
        0.6136141993368441,
        0.4446402924663794,
        NaN,
        NaN,
        NaN,
        NaN,
        NaN,
        NaN,
        NaN,
        NaN,
        NaN,
        NaN,
        NaN,
        NaN,
        NaN,
        NaN,
        NaN,
        NaN,
        NaN,
        NaN,
        NaN,
        NaN,
        NaN,
        0.17968910497842908,
        0.14425645592163847,
        0.15991052993805918,
        0.349410459718171,
        0.32034910427193386,
        0.2348598454262314,
        0.22977880488610103,
        0.21740273396424817,
        0.2360212899902707,
        0.28657707987316927,
        0.2429270621941029,
        0.13720917215515793,
        0.31063560891639247,
        0.09365558912386707,
        0.0,
        0.23134178637348526,
        0.18465368626253612,
        0.15885847597862354,
        0.307819947043248,
        0.26882349412047035,
        0.17009060368522855,
        0.2069536863929967
    ],
    "image_classes": [
        1,
        1,
        1,
        1,
        1,
        1,
        1,
        1,
        1,
        1,
        1,
        1,
        1,
        1,
        1,
        1,
        1,
        1,
        1,
        1,
        1,
        1,
        1,
        1,
        1,
        1,
        1,
        1,
        1,
        1,
        1,
        1,
        1,
        1,
        1,
        0,
        0,
        0,
        0,
        0,
        0,
        0,
        0,
        0,
        0,
        0,
        0,
        0,
        0,
        0,
        0,
        0,
        0,
        0,
        0,
        0,
        1,
        1,
        1,
        1,
        1,
        1,
        1,
        1,
        1,
        1,
        1,
        1,
        1,
        1,
        1,
        1,
        1,
        1,
        1,
        1,
        1,
        1
    ],
    "paths": [
        "MVTec/grid/test/bent/000.png",
        "MVTec/grid/test/bent/001.png",
        "MVTec/grid/test/bent/002.png",
        "MVTec/grid/test/bent/003.png",
        "MVTec/grid/test/bent/004.png",
        "MVTec/grid/test/bent/005.png",
        "MVTec/grid/test/bent/006.png",
        "MVTec/grid/test/bent/007.png",
        "MVTec/grid/test/bent/008.png",
        "MVTec/grid/test/bent/009.png",
        "MVTec/grid/test/bent/010.png",
        "MVTec/grid/test/bent/011.png",
        "MVTec/grid/test/broken/000.png",
        "MVTec/grid/test/broken/001.png",
        "MVTec/grid/test/broken/002.png",
        "MVTec/grid/test/broken/003.png",
        "MVTec/grid/test/broken/004.png",
        "MVTec/grid/test/broken/005.png",
        "MVTec/grid/test/broken/006.png",
        "MVTec/grid/test/broken/007.png",
        "MVTec/grid/test/broken/008.png",
        "MVTec/grid/test/broken/009.png",
        "MVTec/grid/test/broken/010.png",
        "MVTec/grid/test/broken/011.png",
        "MVTec/grid/test/glue/000.png",
        "MVTec/grid/test/glue/001.png",
        "MVTec/grid/test/glue/002.png",
        "MVTec/grid/test/glue/003.png",
        "MVTec/grid/test/glue/004.png",
        "MVTec/grid/test/glue/005.png",
        "MVTec/grid/test/glue/006.png",
        "MVTec/grid/test/glue/007.png",
        "MVTec/grid/test/glue/008.png",
        "MVTec/grid/test/glue/009.png",
        "MVTec/grid/test/glue/010.png",
        "MVTec/grid/test/good/000.png",
        "MVTec/grid/test/good/001.png",
        "MVTec/grid/test/good/002.png",
        "MVTec/grid/test/good/003.png",
        "MVTec/grid/test/good/004.png",
        "MVTec/grid/test/good/005.png",
        "MVTec/grid/test/good/006.png",
        "MVTec/grid/test/good/007.png",
        "MVTec/grid/test/good/008.png",
        "MVTec/grid/test/good/009.png",
        "MVTec/grid/test/good/010.png",
        "MVTec/grid/test/good/011.png",
        "MVTec/grid/test/good/012.png",
        "MVTec/grid/test/good/013.png",
        "MVTec/grid/test/good/014.png",
        "MVTec/grid/test/good/015.png",
        "MVTec/grid/test/good/016.png",
        "MVTec/grid/test/good/017.png",
        "MVTec/grid/test/good/018.png",
        "MVTec/grid/test/good/019.png",
        "MVTec/grid/test/good/020.png",
        "MVTec/grid/test/metal_contamination/000.png",
        "MVTec/grid/test/metal_contamination/001.png",
        "MVTec/grid/test/metal_contamination/002.png",
        "MVTec/grid/test/metal_contamination/003.png",
        "MVTec/grid/test/metal_contamination/004.png",
        "MVTec/grid/test/metal_contamination/005.png",
        "MVTec/grid/test/metal_contamination/006.png",
        "MVTec/grid/test/metal_contamination/007.png",
        "MVTec/grid/test/metal_contamination/008.png",
        "MVTec/grid/test/metal_contamination/009.png",
        "MVTec/grid/test/metal_contamination/010.png",
        "MVTec/grid/test/thread/000.png",
        "MVTec/grid/test/thread/001.png",
        "MVTec/grid/test/thread/002.png",
        "MVTec/grid/test/thread/003.png",
        "MVTec/grid/test/thread/004.png",
        "MVTec/grid/test/thread/005.png",
        "MVTec/grid/test/thread/006.png",
        "MVTec/grid/test/thread/007.png",
        "MVTec/grid/test/thread/008.png",
        "MVTec/grid/test/thread/009.png",
        "MVTec/grid/test/thread/010.png"
    ],
    "min_thresh": 29.18328285217285
}