{
    "shared_fpr_metric": "mean-per-image-fpr",
    "fpr_lower_bound": 1e-05,
    "fpr_upper_bound": 0.0001,
    "num_threshs": 5688,
    "thresh_lower_bound": 0.3050524890422821,
    "thresh_upper_bound": 0.40821507573127747,
    "aupimos": [
        0.0,
        0.0,
        0.0,
        0.018895192813489954,
        0.0,
        0.0,
        0.0,
        0.0,
        0.0,
        0.007778453094031145,
        0.0,
        0.0,
        0.0,
        0.0,
        0.0,
        0.0,
        0.003584765013194636,
        0.0597058881186764,
        0.0006913217451106051,
        0.0,
        0.0,
        0.0,
        0.0,
        0.0,
        0.0,
        0.0,
        0.0,
        0.0,
        0.0,
        0.0,
        0.0,
        0.0,
        0.0,
        0.0,
        0.0,
        0.0,
        0.0,
        0.0,
        0.0,
        0.0,
        0.0,
        0.0,
        0.0,
        0.0,
        0.0,
        1.0,
        1.0,
        0.8914376609896036,
        0.8906735440931777,
        0.840499785441351,
        0.6669278536830094,
        0.9215608221892825,
        0.8557955555240813,
        0.4943491281025468,
        0.9738438576074152,
        0.8568343112300365,
        0.4137399897444628,
        0.42946034270650746,
        0.7217978630836063,
        0.3674904251548472,
        0.6876662825022458,
        0.8218908044715164,
        0.8685561007771125,
        0.9866730614848694,
        1.0,
        0.0257837250365898,
        0.0,
        0.012538748584894196,
        0.039312232434122206,
        0.11610048134335925,
        0.01150447393373215,
        0.3663446361593732,
        0.388543627569197,
        0.3071520307658048,
        0.25580423142491876,
        0.2655482114822008,
        0.05872299279803804,
        0.13537908255488046,
        0.21542633323834848,
        0.152563036826387,
        0.026187972964265123,
        0.0,
        0.0,
        0.3343672918663426,
        0.3439740087458919,
        0.0,
        0.10024586001794088,
        0.0,
        0.0,
        0.0,
        0.0,
        0.0,
        0.0,
        0.0,
        0.0,
        0.11869730572702773,
        0.045103399443212885,
        0.0,
        0.0,
        0.0,
        NaN,
        NaN,
        NaN,
        NaN,
        NaN,
        NaN,
        NaN,
        NaN,
        NaN,
        NaN,
        NaN,
        NaN,
        NaN,
        NaN,
        NaN,
        NaN,
        NaN,
        NaN,
        NaN,
        NaN,
        NaN,
        NaN,
        NaN,
        NaN,
        NaN,
        NaN,
        NaN,
        NaN,
        NaN,
        NaN,
        NaN,
        NaN,
        NaN,
        NaN,
        NaN,
        NaN,
        NaN,
        NaN,
        NaN,
        NaN,
        NaN,
        NaN,
        NaN,
        NaN,
        NaN,
        NaN,
        NaN,
        NaN,
        NaN,
        NaN,
        NaN,
        NaN,
        NaN,
        NaN,
        NaN,
        NaN,
        NaN,
        NaN,
        NaN,
        NaN
    ],
    "paths": [
        "VisA/visa_pytorch/capsules/test/bad/000.JPG",
        "VisA/visa_pytorch/capsules/test/bad/001.JPG",
        "VisA/visa_pytorch/capsules/test/bad/002.JPG",
        "VisA/visa_pytorch/capsules/test/bad/003.JPG",
        "VisA/visa_pytorch/capsules/test/bad/004.JPG",
        "VisA/visa_pytorch/capsules/test/bad/005.JPG",
        "VisA/visa_pytorch/capsules/test/bad/006.JPG",
        "VisA/visa_pytorch/capsules/test/bad/007.JPG",
        "VisA/visa_pytorch/capsules/test/bad/008.JPG",
        "VisA/visa_pytorch/capsules/test/bad/009.JPG",
        "VisA/visa_pytorch/capsules/test/bad/010.JPG",
        "VisA/visa_pytorch/capsules/test/bad/011.JPG",
        "VisA/visa_pytorch/capsules/test/bad/012.JPG",
        "VisA/visa_pytorch/capsules/test/bad/013.JPG",
        "VisA/visa_pytorch/capsules/test/bad/014.JPG",
        "VisA/visa_pytorch/capsules/test/bad/015.JPG",
        "VisA/visa_pytorch/capsules/test/bad/016.JPG",
        "VisA/visa_pytorch/capsules/test/bad/017.JPG",
        "VisA/visa_pytorch/capsules/test/bad/018.JPG",
        "VisA/visa_pytorch/capsules/test/bad/019.JPG",
        "VisA/visa_pytorch/capsules/test/bad/020.JPG",
        "VisA/visa_pytorch/capsules/test/bad/021.JPG",
        "VisA/visa_pytorch/capsules/test/bad/022.JPG",
        "VisA/visa_pytorch/capsules/test/bad/023.JPG",
        "VisA/visa_pytorch/capsules/test/bad/024.JPG",
        "VisA/visa_pytorch/capsules/test/bad/025.JPG",
        "VisA/visa_pytorch/capsules/test/bad/026.JPG",
        "VisA/visa_pytorch/capsules/test/bad/027.JPG",
        "VisA/visa_pytorch/capsules/test/bad/028.JPG",
        "VisA/visa_pytorch/capsules/test/bad/029.JPG",
        "VisA/visa_pytorch/capsules/test/bad/030.JPG",
        "VisA/visa_pytorch/capsules/test/bad/031.JPG",
        "VisA/visa_pytorch/capsules/test/bad/032.JPG",
        "VisA/visa_pytorch/capsules/test/bad/033.JPG",
        "VisA/visa_pytorch/capsules/test/bad/034.JPG",
        "VisA/visa_pytorch/capsules/test/bad/035.JPG",
        "VisA/visa_pytorch/capsules/test/bad/036.JPG",
        "VisA/visa_pytorch/capsules/test/bad/037.JPG",
        "VisA/visa_pytorch/capsules/test/bad/038.JPG",
        "VisA/visa_pytorch/capsules/test/bad/039.JPG",
        "VisA/visa_pytorch/capsules/test/bad/040.JPG",
        "VisA/visa_pytorch/capsules/test/bad/041.JPG",
        "VisA/visa_pytorch/capsules/test/bad/042.JPG",
        "VisA/visa_pytorch/capsules/test/bad/043.JPG",
        "VisA/visa_pytorch/capsules/test/bad/044.JPG",
        "VisA/visa_pytorch/capsules/test/bad/045.JPG",
        "VisA/visa_pytorch/capsules/test/bad/046.JPG",
        "VisA/visa_pytorch/capsules/test/bad/047.JPG",
        "VisA/visa_pytorch/capsules/test/bad/048.JPG",
        "VisA/visa_pytorch/capsules/test/bad/049.JPG",
        "VisA/visa_pytorch/capsules/test/bad/050.JPG",
        "VisA/visa_pytorch/capsules/test/bad/051.JPG",
        "VisA/visa_pytorch/capsules/test/bad/052.JPG",
        "VisA/visa_pytorch/capsules/test/bad/053.JPG",
        "VisA/visa_pytorch/capsules/test/bad/054.JPG",
        "VisA/visa_pytorch/capsules/test/bad/055.JPG",
        "VisA/visa_pytorch/capsules/test/bad/056.JPG",
        "VisA/visa_pytorch/capsules/test/bad/057.JPG",
        "VisA/visa_pytorch/capsules/test/bad/058.JPG",
        "VisA/visa_pytorch/capsules/test/bad/059.JPG",
        "VisA/visa_pytorch/capsules/test/bad/060.JPG",
        "VisA/visa_pytorch/capsules/test/bad/061.JPG",
        "VisA/visa_pytorch/capsules/test/bad/062.JPG",
        "VisA/visa_pytorch/capsules/test/bad/063.JPG",
        "VisA/visa_pytorch/capsules/test/bad/064.JPG",
        "VisA/visa_pytorch/capsules/test/bad/065.JPG",
        "VisA/visa_pytorch/capsules/test/bad/066.JPG",
        "VisA/visa_pytorch/capsules/test/bad/067.JPG",
        "VisA/visa_pytorch/capsules/test/bad/068.JPG",
        "VisA/visa_pytorch/capsules/test/bad/069.JPG",
        "VisA/visa_pytorch/capsules/test/bad/070.JPG",
        "VisA/visa_pytorch/capsules/test/bad/071.JPG",
        "VisA/visa_pytorch/capsules/test/bad/072.JPG",
        "VisA/visa_pytorch/capsules/test/bad/073.JPG",
        "VisA/visa_pytorch/capsules/test/bad/074.JPG",
        "VisA/visa_pytorch/capsules/test/bad/075.JPG",
        "VisA/visa_pytorch/capsules/test/bad/076.JPG",
        "VisA/visa_pytorch/capsules/test/bad/077.JPG",
        "VisA/visa_pytorch/capsules/test/bad/078.JPG",
        "VisA/visa_pytorch/capsules/test/bad/079.JPG",
        "VisA/visa_pytorch/capsules/test/bad/080.JPG",
        "VisA/visa_pytorch/capsules/test/bad/081.JPG",
        "VisA/visa_pytorch/capsules/test/bad/082.JPG",
        "VisA/visa_pytorch/capsules/test/bad/083.JPG",
        "VisA/visa_pytorch/capsules/test/bad/084.JPG",
        "VisA/visa_pytorch/capsules/test/bad/085.JPG",
        "VisA/visa_pytorch/capsules/test/bad/086.JPG",
        "VisA/visa_pytorch/capsules/test/bad/087.JPG",
        "VisA/visa_pytorch/capsules/test/bad/088.JPG",
        "VisA/visa_pytorch/capsules/test/bad/089.JPG",
