{
    "shared_fpr_metric": "mean-per-image-fpr",
    "fpr_lower_bound": 1e-05,
    "fpr_upper_bound": 0.0001,
    "num_threshs": 2802,
    "thresh_lower_bound": -0.18665891885757446,
    "thresh_upper_bound": -0.12609726190567017,
    "aupimos": [
        0.028287069147252875,
        0.9347061652903009,
        0.8484498554221227,
        0.7477037977760196,
        1.0,
        0.05959112501388756,
        0.7179709481255377,
        0.8385932384668823,
        0.00025776465852603764,
        0.3048722744358675,
        0.9991283783250705,
        0.3458717786263988,
        0.48426197235548435,
        1.0,
        1.0,
        0.8821424388473796,
        0.0,
        0.999372333453626,
        0.9997954459818942,
        0.6494497098245692,
        1.0,
        1.0,
        1.0,
        0.7396022431612541,
        0.0,
        0.26614631115634574,
        0.0,
        0.1523439453842392,
        0.1824331402724184,
        0.0,
        0.35179141011281256,
        0.013037891789137945,
        0.2965798070749396,
        0.6878081151369786,
        0.0,
        0.2795235904460409,
        0.2537805124882712,
        0.2790995030532361,
        0.0,
        0.40623364967430226,
        0.00544214354212328,
        0.2607891110368914,
        0.0,
        0.5926103363523365,
        0.06475901828745742,
        NaN,
        NaN,
        NaN,
        NaN,
        NaN,
        NaN,
        NaN,
        NaN,
        NaN,
        NaN,
        NaN,
        NaN,
        NaN,
        NaN,
        NaN,
        NaN,
        NaN,
        NaN,
        NaN,
        NaN,
        NaN,
        NaN,
        NaN,
        0.9492962078278901,
        0.0,
        0.0,
        0.0020871947547650596,
        0.5990728410198012,
        0.0,
        0.0,
        0.6501953119426784,
        0.7919012627328382,
        0.7838600710113401,
        0.5393316602798871,
        0.7657904679475098,
        0.10032258571007587,
        0.7138981888951572,
        0.6817047770788243,
        0.0,
        0.8287913461488807,
        0.09383178629251614,
        0.504896170084945,
        0.32670283870510197,
        0.0,
        0.0,
        0.031331338780940035,
        0.07804427034195674,
        0.0,
        0.010047147962300582,
        0.0,
        0.00248205464226481,
        0.0,
        0.358757211417127,
        0.0,
        0.03579778128384157,
        0.5380981705688259,
        0.0,
        0.006998575522566001,
        0.26688796188637764,
        0.04826682895933234,
        0.012819179349237127,
        0.0,
        0.38008436752727803,
        0.5537524609426341,
        0.0,
        0.07855249439892248,
        0.007618686736531744,
        0.49030576024615624,
        0.7209785327341975,
        0.47411295215109706,
        1.0,
        1.0,
        0.7055461571959758,
        0.4384230067072348,
        0.8982557586524942,
        0.5315930071706093,
        0.34440533188077826,
        0.8947308767065836,
        0.6909169141262665,
        0.26795596896656637,
        0.8058795163112247,
        0.5054191108412117,
        0.48964265201362,
        0.3684286631379525,
        0.8128367335284848,
        0.8033014431316717,
        0.667862253707561
    ],
    "paths": [
        "MVTec/capsule/test/crack/000.png",
        "MVTec/capsule/test/crack/001.png",
        "MVTec/capsule/test/crack/002.png",
        "MVTec/capsule/test/crack/003.png",
        "MVTec/capsule/test/crack/004.png",
        "MVTec/capsule/test/crack/005.png",
        "MVTec/capsule/test/crack/006.png",
        "MVTec/capsule/test/crack/007.png",
        "MVTec/capsule/test/crack/008.png",
        "MVTec/capsule/test/crack/009.png",
        "MVTec/capsule/test/crack/010.png",
        "MVTec/capsule/test/crack/011.png",
        "MVTec/capsule/test/crack/012.png",
        "MVTec/capsule/test/crack/013.png",
        "MVTec/capsule/test/crack/014.png",
        "MVTec/capsule/test/crack/015.png",
        "MVTec/capsule/test/crack/016.png",
        "MVTec/capsule/test/crack/017.png",
        "MVTec/capsule/test/crack/018.png",
        "MVTec/capsule/test/crack/019.png",
        "MVTec/capsule/test/crack/020.png",
        "MVTec/capsule/test/crack/021.png",
        "MVTec/capsule/test/crack/022.png",
        "MVTec/capsule/test/faulty_imprint/000.png",
        "MVTec/capsule/test/faulty_imprint/001.png",
        "MVTec/capsule/test/faulty_imprint/002.png",
        "MVTec/capsule/test/faulty_imprint/003.png",
        "MVTec/capsule/test/faulty_imprint/004.png",
        "MVTec/capsule/test/faulty_imprint/005.png",
        "MVTec/capsule/test/faulty_imprint/006.png",
        "MVTec/capsule/test/faulty_imprint/007.png",
        "MVTec/capsule/test/faulty_imprint/008.png",
        "MVTec/capsule/test/faulty_imprint/009.png",
        "MVTec/capsule/test/faulty_imprint/010.png",
        "MVTec/capsule/test/faulty_imprint/011.png",
        "MVTec/capsule/test/faulty_imprint/012.png",
        "MVTec/capsule/test/faulty_imprint/013.png",
        "MVTec/capsule/test/faulty_imprint/014.png",
        "MVTec/capsule/test/faulty_imprint/015.png",
        "MVTec/capsule/test/faulty_imprint/016.png",
        "MVTec/capsule/test/faulty_imprint/017.png",
        "MVTec/capsule/test/faulty_imprint/018.png",
        "MVTec/capsule/test/faulty_imprint/019.png",
        "MVTec/capsule/test/faulty_imprint/020.png",
        "MVTec/capsule/test/faulty_imprint/021.png",
        "MVTec/capsule/test/good/000.png",
        "MVTec/capsule/test/good/001.png",
        "MVTec/capsule/test/good/002.png",
        "MVTec/capsule/test/good/003.png",
        "MVTec/capsule/test/good/004.png",
        "MVTec/capsule/test/good/005.png",
        "MVTec/capsule/test/good/006.png",
        "MVTec/capsule/test/good/007.png",
        "MVTec/capsule/test/good/008.png",
        "MVTec/capsule/test/good/009.png",
        "MVTec/capsule/test/good/010.png",
        "MVTec/capsule/test/good/011.png",
        "MVTec/capsule/test/good/012.png",
        "MVTec/capsule/test/good/013.png",
        "MVTec/capsule/test/good/014.png",
        "MVTec/capsule/test/good/015.png",
        "MVTec/capsule/test/good/016.png",
        "MVTec/capsule/test/good/017.png",
        "MVTec/capsule/test/good/018.png",
        "MVTec/capsule/test/good/019.png",
        "MVTec/capsule/test/good/020.png",
        "MVTec/capsule/test/good/021.png",
        "MVTec/capsule/test/good/022.png",
        "MVTec/capsule/test/poke/000.png",
        "MVTec/capsule/test/poke/001.png",
        "MVTec/capsule/test/poke/002.png",
        "MVTec/capsule/test/poke/003.png",
        "MVTec/capsule/test/poke/004.png",
        "MVTec/capsule/test/poke/005.png",
        "MVTec/capsule/test/poke/006.png",
        "MVTec/capsule/test/poke/007.png",
        "MVTec/capsule/test/poke/008.png",
        "MVTec/capsule/test/poke/009.png",
        "MVTec/capsule/test/poke/010.png",
        "MVTec/capsule/test/poke/011.png",
        "MVTec/capsule/test/poke/012.png",
        "MVTec/capsule/test/poke/013.png",
        "MVTec/capsule/test/poke/014.png",
        "MVTec/capsule/test/poke/015.png",
        "MVTec/capsule/test/poke/016.png",
        "MVTec/capsule/test/poke/017.png",
        "MVTec/capsule/test/poke/018.png",
        "MVTec/capsule/test/poke/019.png",
        "MVTec/capsule/test/poke/020.png",
        "MVTec/capsule/test/scratch/000.png",
        "MVTec/capsule/test/scratch/001.png",
        "MVTec/capsule/test/scratch/002.png",
        "MVTec/capsule/test/scratch/003.png",
        "MVTec/capsule/test/scratch/004.png",
        "MVTec/capsule/test/scratch/005.png",
        "MVTec/capsule/test/scratch/006.png",
        "MVTec/capsule/test/scratch/007.png",
        "MVTec/capsule/test/scratch/008.png",
        "MVTec/capsule/test/scratch/009.png",
        "MVTec/capsule/test/scratch/010.png",
        "MVTec/capsule/test/scratch/011.png",
        "MVTec/capsule/test/scratch/012.png",
        "MVTec/capsule/test/scratch/013.png",
        "MVTec/capsule/test/scratch/014.png",
