{
    "shared_fpr_metric": "mean-per-image-fpr",
    "fpr_lower_bound": 1e-05,
    "fpr_upper_bound": 0.0001,
    "num_threshs": null,
    "thresh_lower_bound": 0.00493708485737443,
    "thresh_upper_bound": 0.0053670816123485565,
    "aupimos": [
        0.0,
        1.0,
        0.9030752704520778,
        0.5062117623593161,
        1.0,
        0.18839711868351064,
        0.945083262379564,
        0.2420101774642466,
        0.08355018276436546,
        0.8214939533170035,
        1.0,
        0.9456381571751691,
        0.9605533445831899,
        0.9994131358317563,
        1.0,
        0.8961253000968613,
        0.0,
        1.0,
        0.5497162686197896,
        0.6929986606906063,
        0.9433538816248316,
        0.0,
        0.0,
        0.030575164270883474,
        0.37980866416863585,
        0.11708858733284383,
        0.001677146914254859,
        0.7690715615178967,
        0.817892661492452,
        0.792250713443473,
        0.02914448060761984,
        0.5120894771350898,
        0.30524000531900425,
        0.3500031567698128,
        0.006179459212322746,
        0.0029986134828873393,
        0.03426962140615362,
        0.45533380037322935,
        0.23229654601486666,
        0.3207272093781955,
        0.3485722185134227,
        0.0,
        0.0,
        0.634388003636604,
        0.7849272767914853,
        NaN,
        NaN,
        NaN,
        NaN,
        NaN,
        NaN,
        NaN,
        NaN,
        NaN,
        NaN,
        NaN,
        NaN,
        NaN,
        NaN,
        NaN,
        NaN,
        NaN,
        NaN,
        NaN,
        NaN,
        NaN,
        NaN,
        NaN,
        1.0,
        0.8355564414144531,
        0.0,
        0.5254300236447776,
        0.3641010852956996,
        0.0,
        0.0,
        0.0,
        0.9283155863541878,
        0.3831728448899702,
        0.002835284747351945,
        0.93001838513727,
        0.5239396913082027,
        1.0,
        0.7751924600736899,
        0.36632947739148225,
        0.5336402401972263,
        0.00021972098393529377,
        0.2179514713578285,
        0.0034150729799473033,
        0.3383313956542395,
        0.0,
        0.3671251595078629,
        0.012798257063172586,
        0.0,
        0.007463021337831659,
        0.0024866894210579227,
        0.04097998861716558,
        0.15006672621387057,
        0.5579964734909294,
        0.22662915848167453,
        0.4206321321812304,
        0.16468433791677758,
        0.05748846593044857,
        0.0,
        0.3776007299591672,
        0.007756248703814006,
        0.3817356543992387,
        0.0,
        0.7794360491941311,
        0.5273341919137383,
        0.07196363645211533,
        0.0,
        0.20154552472924228,
        0.38248652876446326,
        0.7554953252551974,
        0.00669690943573031,
        0.2965596715632481,
        0.6829697865236803,
        0.11939364607193947,
        0.44897835987993656,
        0.9085345073961623,
        0.22348316412614755,
        0.6313641532144091,
        0.11226075465496305,
        0.5735186487309664,
        0.10493998647981712,
        0.1807588735922826,
        0.5356482662369406,
        0.6923674136099144,
        0.42759150600801665,
        0.43516758807080674,
        0.4935519517281887,
        0.49738821040762576
    ]
}