{
    "shared_fpr_metric": "mean-per-image-fpr",
    "fpr_lower_bound": 1e-05,
    "fpr_upper_bound": 0.0001,
    "num_threshs": null,
    "thresh_lower_bound": 0.7605718374252319,
    "thresh_upper_bound": 0.7859446406364441,
    "aupimos": [
        0.0,
        1.0,
        0.9484385774132081,
        0.996036908206929,
        1.0,
        0.8350060414407166,
        1.0,
        0.0,
        1.0,
        1.0,
        1.0,
        0.9730331717572757,
        0.8900347649255119,
        1.0,
        0.0055860571804905385,
        0.9846920534792037,
        0.618213950160467,
        0.0,
        0.0064259473002688024,
        0.8734147599290741,
        0.05085761380827997,
        0.04476014099839985,
        1.0,
        0.9592916308853779,
        0.947405914670983,
        0.4341405946514495,
        0.8935226576933719,
        1.0,
        0.9655998946780778,
        0.3611592796556504,
        0.5753616473546264,
        0.22221689769467182,
        0.11659490888865826,
        0.8402120414704424,
        0.8696706985370665,
        0.7831139404101513,
        0.8840263810458997,
        0.9867320268201365,
        1.0,
        0.8822027742270456,
        0.3498015978628605,
        1.0,
        0.0009759155453288804,
        0.6321138872221409,
        0.8221514989623966,
        1.0,
        0.0,
        0.3853858256556033,
        0.231663680131326,
        0.9790880155699488,
        0.968983083806161,
        0.015821069074656725,
        0.71546613483789,
        1.0,
        0.9713578657711303,
        0.0,
        0.9998205524824589,
        1.0,
        1.0,
        0.8151898288443529,
        1.0,
        0.8759531978171108,
        0.37350838206190407,
        0.18017475498823207,
        0.0,
        6.752605807035612e-05,
        0.0,
        0.6132654567634716,
        0.8333451483255108,
        0.9978984759498797,
        0.020812248080575642,
        0.0,
        0.04280354123379523,
        0.08068729207805353,
        0.9526705757742396,
        1.0,
        0.0,
        6.0597600130388936e-05,
        0.8627322598695221,
        0.0,
        0.7392326834223772,
        1.0,
        0.7193302746352277,
        0.0,
        0.9994722998374629,
        0.740267616879082,
        0.09772172412232731,
        0.0,
        0.0,
        0.9602019102797645,
        0.06725610268670736,
        0.513009035192535,
        0.3867668478970716,
        0.007204194804085092,
        0.37271715248979925,
        0.04486954072850743,
        0.6891543986171704,
        0.34053633974743297,
        0.4352941103349868,
        0.9903894109649498,
        0.06032768217555349,
        0.8127981222920738,
        0.16784682802231615,
        0.5112925541369842,
        0.6495073298663959,
        0.6601904895583377,
        0.7671560140213073,
        0.93918154033775,
        NaN,
        NaN,
        NaN,
        NaN,
        NaN,
        NaN,
        NaN,
        NaN,
        NaN,
        NaN,
        NaN,
        NaN,
        NaN,
        NaN,
        NaN,
        NaN,
        NaN,
        NaN,
        NaN,
        NaN,
        NaN,
        NaN,
        NaN,
        NaN,
        NaN,
        NaN,
        1.0,
        1.0,
        0.7729035970692637,
        0.709796080615525,
        0.730047836961396,
        1.0,
        1.0,
        0.9181049677117755,
        0.9435389926852122,
        0.04211945455468209,
        0.0,
        0.8085733387445886,
        0.5216128833587023,
        0.088477179113276,
        0.0,
        0.0071739741673702735,
        0.21591250375302748,
        0.09845712361752168,
        0.5377751682383569,
        0.8633388602409496,
        0.5578623486408578,
        0.4715497102213388,
        0.6936321751340451,
        0.7427138571354516,
        0.7903492028270236,
        0.0,
        0.0,
        0.8501388079102857,
        0.7917838742804522,
        0.6580387055549828,
        0.9573864094312879,
        0.013671341690509837,
        0.33690181030076227
    ],
    "paths": [
        "MVTec/pill/test/color/000.png",
        "MVTec/pill/test/color/001.png",
        "MVTec/pill/test/color/002.png",
        "MVTec/pill/test/color/003.png",
        "MVTec/pill/test/color/004.png",
        "MVTec/pill/test/color/005.png",
        "MVTec/pill/test/color/006.png",
        "MVTec/pill/test/color/007.png",
        "MVTec/pill/test/color/008.png",
        "MVTec/pill/test/color/009.png",
        "MVTec/pill/test/color/010.png",
        "MVTec/pill/test/color/011.png",
        "MVTec/pill/test/color/012.png",
        "MVTec/pill/test/color/013.png",
        "MVTec/pill/test/color/014.png",
        "MVTec/pill/test/color/015.png",
        "MVTec/pill/test/color/016.png",
        "MVTec/pill/test/color/017.png",
        "MVTec/pill/test/color/018.png",
        "MVTec/pill/test/color/019.png",
        "MVTec/pill/test/color/020.png",
        "MVTec/pill/test/color/021.png",
        "MVTec/pill/test/color/022.png",
        "MVTec/pill/test/color/023.png",
        "MVTec/pill/test/color/024.png",
        "MVTec/pill/test/combined/000.png",
        "MVTec/pill/test/combined/001.png",
        "MVTec/pill/test/combined/002.png",
        "MVTec/pill/test/combined/003.png",
        "MVTec/pill/test/combined/004.png",
        "MVTec/pill/test/combined/005.png",
        "MVTec/pill/test/combined/006.png",
        "MVTec/pill/test/combined/007.png",
        "MVTec/pill/test/combined/008.png",
        "MVTec/pill/test/combined/009.png",
        "MVTec/pill/test/combined/010.png",
        "MVTec/pill/test/combined/011.png",
        "MVTec/pill/test/combined/012.png",
        "MVTec/pill/test/combined/013.png",
        "MVTec/pill/test/combined/014.png",
        "MVTec/pill/test/combined/015.png",
        "MVTec/pill/test/combined/016.png",
        "MVTec/pill/test/contamination/000.png",
        "MVTec/pill/test/contamination/001.png",
        "MVTec/pill/test/contamination/002.png",
        "MVTec/pill/test/contamination/003.png",
        "MVTec/pill/test/contamination/004.png",
        "MVTec/pill/test/contamination/005.png",
        "MVTec/pill/test/contamination/006.png",
        "MVTec/pill/test/contamination/007.png",
        "MVTec/pill/test/contamination/008.png",
        "MVTec/pill/test/contamination/009.png",
        "MVTec/pill/test/contamination/010.png",
        "MVTec/pill/test/contamination/011.png",
        "MVTec/pill/test/contamination/012.png",
        "MVTec/pill/test/contamination/013.png",
        "MVTec/pill/test/contamination/014.png",
        "MVTec/pill/test/contamination/015.png",
        "MVTec/pill/test/contamination/016.png",
        "MVTec/pill/test/contamination/017.png",
        "MVTec/pill/test/contamination/018.png",
        "MVTec/pill/test/contamination/019.png",
        "MVTec/pill/test/contamination/020.png",
        "MVTec/pill/test/crack/000.png",
        "MVTec/pill/test/crack/001.png",
        "MVTec/pill/test/crack/002.png",
        "MVTec/pill/test/crack/003.png",
        "MVTec/pill/test/crack/004.png",
        "MVTec/pill/test/crack/005.png",
        "MVTec/pill/test/crack/006.png",
        "MVTec/pill/test/crack/007.png",
        "MVTec/pill/test/crack/008.png",
        "MVTec/pill/test/crack/009.png",
        "MVTec/pill/test/crack/010.png",
        "MVTec/pill/test/crack/011.png",
        "MVTec/pill/test/crack/012.png",
        "MVTec/pill/test/crack/013.png",
        "MVTec/pill/test/crack/014.png",
        "MVTec/pill/test/crack/015.png",
        "MVTec/pill/test/crack/016.png",
        "MVTec/pill/test/crack/017.png",
        "MVTec/pill/test/crack/018.png",
        "MVTec/pill/test/crack/019.png",
        "MVTec/pill/test/crack/020.png",
        "MVTec/pill/test/crack/021.png",
        "MVTec/pill/test/crack/022.png",
        "MVTec/pill/test/crack/023.png",
        "MVTec/pill/test/crack/024.png",
        "MVTec/pill/test/crack/025.png",
        "MVTec/pill/test/faulty_imprint/000.png",
        "MVTec/pill/test/faulty_imprint/001.png",
