{
    "avg_iou": 0.34711320661422723,
    "thresh": 0.4786956310272217,
    "ious_at_thresh": [
        0.09700644183402804,
        0.2965700957212231,
        0.24734322083381993,
        0.5324306252089602,
        0.13641457838346707,
        0.6201933888014391,
        0.29547647426074125,
        0.38462276828565944,
        0.11667197959834237,
        0.27524038461538464,
        0.4346795646916566,
        0.42682268226822684,
        0.16815988973121984,
        0.3412698412698413,
        0.12961025372743917,
        0.5319392551524648,
        0.0,
        0.2523615089280273,
        0.25384823116392113,
        0.43734693877551023,
        0.16789396170839468,
        0.4130718954248366,
        0.0,
        0.7772483621203097,
        0.5180751735695476,
        0.509127418765973,
        0.4653950953678474,
        0.7004247924309712,
        0.7281600407747196,
        0.5885042455911169,
        0.5389408099688473,
        0.5120625212368332,
        0.5266519823788546,
        0.3982426303854875,
        0.33795180722891566,
        0.40042761148442274,
        0.39067854694996573,
        0.5546856465005932,
        0.631828228607515,
        0.5303280623082369,
        0.6151815181518152,
        0.4286332179930796,
        0.3741970021413276,
        0.4200170047370339,
        0.5591715976331361,
        NaN,
        NaN,
        NaN,
        NaN,
        NaN,
        NaN,
        NaN,
        NaN,
        NaN,
        NaN,
        NaN,
        NaN,
        NaN,
        NaN,
        NaN,
        NaN,
        NaN,
        NaN,
        NaN,
        NaN,
        NaN,
        NaN,
        NaN,
        0.4202516927706723,
        0.5657850686307332,
        0.0,
        0.5173589584624922,
        0.44143452511515685,
        0.0,
        0.0,
        0.45203376822716806,
        0.3759051484045516,
        0.36994840928632844,
        0.407861849579641,
        0.2561827449499717,
        0.33042263360111773,
        0.226599634369287,
        0.27250755287009065,
        0.35300925925925924,
        0.276484161946717,
        0.6527862829148806,
        0.5599302267630202,
        0.4104606112785192,
        0.592410944759938,
        0.0,
        0.37885196374622354,
        0.3054628224582701,
        0.0,
        0.03182834152883326,
        0.12681281618887016,
        0.1969161958568738,
        0.381900878293601,
        0.5382530748384406,
        0.08918326901011787,
        0.67585854717222,
        0.5623455094754188,
        0.0,
        0.0,
        0.3041740383985322,
        0.09468675654242664,
        0.20794983311419035,
        0.0,
        0.6019721019721019,
        0.5450568678915135,
        0.07498782665151761,
        0.04822117445349336,
        0.20077057371621215,
        0.3176882496274041,
        0.3845643337112518,
        0.057085628442663995,
        0.4080631654504127,
        0.36040717539863326,
        0.23865483185398176,
        0.38680451267794425,
        0.47342796180810137,
        0.29976275893993753,
        0.4672161511390998,
        0.3575062585803117,
        0.36916769549721634,
        0.11788146202937494,
        0.32249993745152494,
        0.26673444731265145,
        0.4087009357151537,
        0.40509600745872326,
        0.3191506871862398,
        0.5020433436532508,
        0.46137061580733796
    ],
    "image_classes": [
        1,
        1,
        1,
        1,
        1,
        1,
        1,
        1,
        1,
        1,
        1,
        1,
        1,
        1,
        1,
        1,
        1,
        1,
        1,
        1,
        1,
        1,
        1,
        1,
        1,
        1,
        1,
        1,
        1,
        1,
        1,
        1,
        1,
        1,
        1,
        1,
        1,
        1,
        1,
        1,
        1,
        1,
        1,
        1,
        1,
        0,
        0,
        0,
        0,
        0,
        0,
        0,
        0,
        0,
        0,
        0,
        0,
        0,
        0,
        0,
        0,
        0,
        0,
        0,
        0,
        0,
        0,
        0,
        1,
        1,
        1,
        1,
        1,
        1,
        1,
        1,
        1,
        1,
        1,
        1,
        1,
        1,
        1,
        1,
        1,
        1,
        1,
        1,
        1,
        1,
        1,
        1,
        1,
        1,
        1,
        1,
        1,
        1,
        1,
        1,
        1,
        1,
        1,
        1,
        1,
        1,
        1,
        1,
        1,
        1,
        1,
        1,
        1,
        1,
        1,
        1,
        1,
        1,
        1,
        1,
        1,
        1,
        1,
        1,
        1,
        1,
        1,
        1,
        1,
        1,
        1,
        1
    ],