{
    "shared_fpr_metric": "mean-per-image-fpr",
    "fpr_lower_bound": 1e-05,
    "fpr_upper_bound": 0.0001,
    "num_threshs": 986,
    "thresh_lower_bound": 0.3834225833415985,
    "thresh_upper_bound": 0.39561691880226135,
    "aupimos": [
        0.4849945756172872,
        0.5773965122154857,
        0.12753288986172542,
        0.07647525394084313,
        0.04552001883134327,
        0.22339787401193098,
        0.002310049552470437,
        0.42701886406465434,
        0.24447111511599762,
        0.7740133743773524,
        0.9105441542593941,
        0.7332480363153075,
        0.646520997878169,
        0.86561143250269,
        0.5613019160810514,
        0.42513979577167665,
        0.6630090827405739,
        0.8454697747805021,
        0.9063536588269728,
        0.41536809402919095,
        0.006956492875944876,
        0.08899570558591037,
        0.3340692171030174,
        0.605569085173156,
        0.000587614536089143,
        0.4464779984342771,
        0.6814743361253007,
        0.7452515962396846,
        0.4079296423942317,
        0.1577849208324605,
        NaN,
        NaN,
        NaN,
        NaN,
        NaN,
        NaN,
        NaN,
        NaN,
        NaN,
        NaN,
        NaN,
        NaN
    ],
    "paths": [
        "MVTec/toothbrush/test/defective/000.png",
        "MVTec/toothbrush/test/defective/001.png",
        "MVTec/toothbrush/test/defective/002.png",
        "MVTec/toothbrush/test/defective/003.png",
        "MVTec/toothbrush/test/defective/004.png",
        "MVTec/toothbrush/test/defective/005.png",
        "MVTec/toothbrush/test/defective/006.png",
        "MVTec/toothbrush/test/defective/007.png",
        "MVTec/toothbrush/test/defective/008.png",
        "MVTec/toothbrush/test/defective/009.png",
        "MVTec/toothbrush/test/defective/010.png",
        "MVTec/toothbrush/test/defective/011.png",
        "MVTec/toothbrush/test/defective/012.png",
        "MVTec/toothbrush/test/defective/013.png",
        "MVTec/toothbrush/test/defective/014.png",
        "MVTec/toothbrush/test/defective/015.png",
        "MVTec/toothbrush/test/defective/016.png",
        "MVTec/toothbrush/test/defective/017.png",
        "MVTec/toothbrush/test/defective/018.png",
        "MVTec/toothbrush/test/defective/019.png",
        "MVTec/toothbrush/test/defective/020.png",
        "MVTec/toothbrush/test/defective/021.png",
        "MVTec/toothbrush/test/defective/022.png",
        "MVTec/toothbrush/test/defective/023.png",
        "MVTec/toothbrush/test/defective/024.png",
        "MVTec/toothbrush/test/defective/025.png",
        "MVTec/toothbrush/test/defective/026.png",
        "MVTec/toothbrush/test/defective/027.png",
        "MVTec/toothbrush/test/defective/028.png",
        "MVTec/toothbrush/test/defective/029.png",
        "MVTec/toothbrush/test/good/000.png",
        "MVTec/toothbrush/test/good/001.png",
        "MVTec/toothbrush/test/good/002.png",
        "MVTec/toothbrush/test/good/003.png",
        "MVTec/toothbrush/test/good/004.png",
        "MVTec/toothbrush/test/good/005.png",
        "MVTec/toothbrush/test/good/006.png",
        "MVTec/toothbrush/test/good/007.png",
        "MVTec/toothbrush/test/good/008.png",
        "MVTec/toothbrush/test/good/009.png",
        "MVTec/toothbrush/test/good/010.png",
        "MVTec/toothbrush/test/good/011.png"
    ]
}