{
    "shared_fpr_metric": "mean-per-image-fpr",
    "fpr_lower_bound": 1e-05,
    "fpr_upper_bound": 0.0001,
    "num_threshs": 2280,
    "thresh_lower_bound": 0.6035165786743164,
    "thresh_upper_bound": 0.6350420117378235,
    "aupimos": [
        0.0,
        0.0,
        0.0,
        0.0,
        0.0,
        0.0,
        6.560900202241048e-05,
        0.0,
        0.0,
        0.1541978617129644,
        0.0,
        0.2880480344267547,
        0.0,
        0.0,
        0.3186903120375644,
        0.0,
        0.0,
        0.0,
        0.6277152247415345,
        0.0,
        0.0,
        0.0,
        0.00126861949869223,
        0.0,
        0.0,
        0.14197478984643558,
        0.0,
        0.0,
        0.16131203417926218,
        0.0,
        0.18485618594024938,
        0.0,
        0.0,
        0.0,
        0.0,
        0.0,
        0.0,
        0.0,
        0.0,
        0.0,
        0.0,
        0.0,
        0.0,
        0.0,
        0.0,
        0.6427625152613597,
        0.9996624591654519,
        0.6129056663792327,
        0.9996624591654519,
        0.9991657615401489,
        0.5271813296436312,
        0.9635748209596934,
        0.6773439397169686,
        0.21770296756774607,
        0.9903011568587435,
        0.9964542561469718,
        0.22601998071809504,
        0.8716943076671966,
        0.9996153505134816,
        0.7825265480646486,
        0.5565646299866372,
        0.9996624591654519,
        0.9996624591654519,
        0.9294792017216498,
        0.966431932596147,
        0.3885096433516844,
        0.0,
        0.5053077121071321,
        0.623748414691697,
        0.9984032519715497,
        0.7661822271453425,
        0.8357352449032208,
        0.9994830253165389,
        0.9977029527773571,
        0.8630048831382583,
        0.9735955557854831,
        0.8389676913295612,
        0.9475650644739537,
        0.4669313450441828,
        0.9136387442487438,
        0.6422020846085467,
        0.10514569939487912,
        0.4346857700072149,
        0.8992575726283462,
        0.7502466387111631,
        0.6461138553612691,
        0.5022742385421894,
        0.0,
        0.0,
        0.0,
        0.0,
        0.0,
        0.0,
        0.0,
        0.0,
        0.0918496555853984,
        0.0,
        0.0,
        0.0,
        0.0,
        NaN,
        NaN,
        NaN,
        NaN,
        NaN,
        NaN,
        NaN,
        NaN,
        NaN,
        NaN,
        NaN,
        NaN,
        NaN,
        NaN,
        NaN,
        NaN,
        NaN,
        NaN,
        NaN,
        NaN,
        NaN,
        NaN,
        NaN,
        NaN,
        NaN,
        NaN,
        NaN,
        NaN,
        NaN,
        NaN,
        NaN,
        NaN,
        NaN,
        NaN,
        NaN,
        NaN,
        NaN,
        NaN,
        NaN,
        NaN,
        NaN,
        NaN,
        NaN,
        NaN,
        NaN,
        NaN,
        NaN,
        NaN,
        NaN,
        NaN,
        NaN,
        NaN,
        NaN,
        NaN,
        NaN,
        NaN,
        NaN,
        NaN,
        NaN,
        NaN
    ],
    "paths": [
        "VisA/visa_pytorch/capsules/test/bad/000.JPG",
        "VisA/visa_pytorch/capsules/test/bad/001.JPG",
        "VisA/visa_pytorch/capsules/test/bad/002.JPG",
        "VisA/visa_pytorch/capsules/test/bad/003.JPG",
        "VisA/visa_pytorch/capsules/test/bad/004.JPG",
        "VisA/visa_pytorch/capsules/test/bad/005.JPG",
        "VisA/visa_pytorch/capsules/test/bad/006.JPG",
        "VisA/visa_pytorch/capsules/test/bad/007.JPG",
        "VisA/visa_pytorch/capsules/test/bad/008.JPG",
        "VisA/visa_pytorch/capsules/test/bad/009.JPG",
        "VisA/visa_pytorch/capsules/test/bad/010.JPG",
        "VisA/visa_pytorch/capsules/test/bad/011.JPG",
        "VisA/visa_pytorch/capsules/test/bad/012.JPG",
        "VisA/visa_pytorch/capsules/test/bad/013.JPG",
        "VisA/visa_pytorch/capsules/test/bad/014.JPG",
        "VisA/visa_pytorch/capsules/test/bad/015.JPG",
        "VisA/visa_pytorch/capsules/test/bad/016.JPG",
        "VisA/visa_pytorch/capsules/test/bad/017.JPG",
        "VisA/visa_pytorch/capsules/test/bad/018.JPG",
        "VisA/visa_pytorch/capsules/test/bad/019.JPG",
        "VisA/visa_pytorch/capsules/test/bad/020.JPG",
        "VisA/visa_pytorch/capsules/test/bad/021.JPG",
        "VisA/visa_pytorch/capsules/test/bad/022.JPG",
        "VisA/visa_pytorch/capsules/test/bad/023.JPG",
        "VisA/visa_pytorch/capsules/test/bad/024.JPG",
        "VisA/visa_pytorch/capsules/test/bad/025.JPG",
        "VisA/visa_pytorch/capsules/test/bad/026.JPG",
        "VisA/visa_pytorch/capsules/test/bad/027.JPG",
        "VisA/visa_pytorch/capsules/test/bad/028.JPG",
        "VisA/visa_pytorch/capsules/test/bad/029.JPG",
        "VisA/visa_pytorch/capsules/test/bad/030.JPG",
        "VisA/visa_pytorch/capsules/test/bad/031.JPG",
        "VisA/visa_pytorch/capsules/test/bad/032.JPG",
        "VisA/visa_pytorch/capsules/test/bad/033.JPG",
        "VisA/visa_pytorch/capsules/test/bad/034.JPG",
        "VisA/visa_pytorch/capsules/test/bad/035.JPG",
        "VisA/visa_pytorch/capsules/test/bad/036.JPG",
        "VisA/visa_pytorch/capsules/test/bad/037.JPG",
        "VisA/visa_pytorch/capsules/test/bad/038.JPG",
        "VisA/visa_pytorch/capsules/test/bad/039.JPG",
        "VisA/visa_pytorch/capsules/test/bad/040.JPG",
        "VisA/visa_pytorch/capsules/test/bad/041.JPG",
        "VisA/visa_pytorch/capsules/test/bad/042.JPG",
        "VisA/visa_pytorch/capsules/test/bad/043.JPG",
        "VisA/visa_pytorch/capsules/test/bad/044.JPG",
        "VisA/visa_pytorch/capsules/test/bad/045.JPG",
        "VisA/visa_pytorch/capsules/test/bad/046.JPG",
        "VisA/visa_pytorch/capsules/test/bad/047.JPG",
        "VisA/visa_pytorch/capsules/test/bad/048.JPG",
        "VisA/visa_pytorch/capsules/test/bad/049.JPG",
        "VisA/visa_pytorch/capsules/test/bad/050.JPG",
        "VisA/visa_pytorch/capsules/test/bad/051.JPG",
        "VisA/visa_pytorch/capsules/test/bad/052.JPG",
        "VisA/visa_pytorch/capsules/test/bad/053.JPG",
        "VisA/visa_pytorch/capsules/test/bad/054.JPG",
        "VisA/visa_pytorch/capsules/test/bad/055.JPG",
        "VisA/visa_pytorch/capsules/test/bad/056.JPG",
        "VisA/visa_pytorch/capsules/test/bad/057.JPG",
        "VisA/visa_pytorch/capsules/test/bad/058.JPG",
        "VisA/visa_pytorch/capsules/test/bad/059.JPG",
        "VisA/visa_pytorch/capsules/test/bad/060.JPG",
        "VisA/visa_pytorch/capsules/test/bad/061.JPG",
        "VisA/visa_pytorch/capsules/test/bad/062.JPG",
        "VisA/visa_pytorch/capsules/test/bad/063.JPG",
        "VisA/visa_pytorch/capsules/test/bad/064.JPG",
        "VisA/visa_pytorch/capsules/test/bad/065.JPG",
        "VisA/visa_pytorch/capsules/test/bad/066.JPG",
        "VisA/visa_pytorch/capsules/test/bad/067.JPG",
        "VisA/visa_pytorch/capsules/test/bad/068.JPG",
        "VisA/visa_pytorch/capsules/test/bad/069.JPG",
        "VisA/visa_pytorch/capsules/test/bad/070.JPG",
        "VisA/visa_pytorch/capsules/test/bad/071.JPG",
        "VisA/visa_pytorch/capsules/test/bad/072.JPG",
        "VisA/visa_pytorch/capsules/test/bad/073.JPG",
        "VisA/visa_pytorch/capsules/test/bad/074.JPG",
        "VisA/visa_pytorch/capsules/test/bad/075.JPG",
        "VisA/visa_pytorch/capsules/test/bad/076.JPG",
        "VisA/visa_pytorch/capsules/test/bad/077.JPG",
        "VisA/visa_pytorch/capsules/test/bad/078.JPG",
        "VisA/visa_pytorch/capsules/test/bad/079.JPG",
        "VisA/visa_pytorch/capsules/test/bad/080.JPG",
        "VisA/visa_pytorch/capsules/test/bad/081.JPG",
        "VisA/visa_pytorch/capsules/test/bad/082.JPG",
        "VisA/visa_pytorch/capsules/test/bad/083.JPG",
        "VisA/visa_pytorch/capsules/test/bad/084.JPG",
        "VisA/visa_pytorch/capsules/test/bad/085.JPG",
        "VisA/visa_pytorch/capsules/test/bad/086.JPG",
        "VisA/visa_pytorch/capsules/test/bad/087.JPG",
