{
    "avg_iou": 0.3584147379005578,
    "thresh": 37.7641716003418,
    "ious_at_thresh": [
        0.5789632110169411,
        0.5587411617912104,
        0.14485559566787004,
        0.7180478218146086,
        0.5256593101114361,
        0.0,
        0.4787423526678541,
        0.47138972377272076,
        0.5446828597692773,
        0.642931718521612,
        0.6169465304412286,
        0.26241310824230385,
        0.3272718263799425,
        0.27595905930150794,
        0.0,
        0.4796667327911129,
        0.39052777981114123,
        0.0,
        0.33753527751646284,
        0.6297317685468014,
        0.6826330652062297,
        0.7724704673857217,
        0.6442549158967069,
        0.5410225921521997,
        0.5919449620180594,
        0.6957090909090909,
        0.5566366728376458,
        0.2587364093419521,
        0.6900381811870878,
        0.7303992455202767,
        0.7008167827357923,
        0.7216577989358723,
        0.6120420593315354,
        0.6580780766596603,
        0.7744361867354667,
        0.20142715201878783,
        NaN,
        NaN,
        NaN,
        NaN,
        NaN,
        NaN,
        NaN,
        NaN,
        NaN,
        NaN,
        NaN,
        NaN,
        NaN,
        NaN,
        NaN,
        NaN,
        NaN,
        NaN,
        NaN,
        NaN,
        NaN,
        NaN,
        NaN,
        NaN,
        NaN,
        NaN,
        NaN,
        NaN,
        0.4579997458380989,
        0.0,
        0.06166719965888498,
        0.5034093726754277,
        0.4171109155840795,
        0.8793457344451572,
        0.57873932078038,
        0.5909933819901666,
        0.6083855629997839,
        0.7594584185109472,
        0.3765420338175756,
        0.4092892850530325,
        0.6255797434504659,
        0.43124884023009835,
        0.2930995678790061,
        0.5135624566540803,
        0.6550216813540355,
        0.0,
        0.0,
        0.14394982407832338,
        0.3721686607039145,
        0.17306889352818372,
        0.18770706940320983,
        0.1670890594324469,
        0.24741098283594187,
        0.17852986217457886,
        0.33174204355108877,
        0.17589666832973003,
        0.25375925204518895,
        0.2760693641618497,
        0.14477804383864432,
        0.2708138447146866,
        0.33245931283905966,
        0.37479686807504803,
        0.12219178082191781,
        0.21772277227722772,
        0.1813256048387097,
        0.11109807602064758,
        0.15765466232690536,
        0.1215274389818932,
        0.12287965487282423,
        0.10152224824355972,
        0.21583041211043094,
        0.0,
        0.06786193410491372,
        0.0753073186306931,
        0.38256762559038215,
        0.22517268639114602,
        0.0,
        0.0,
        0.07143148783276172,
        0.11675546243639628,
        0.0
    ],
    "image_classes": [
        1,
        1,
        1,
        1,
        1,
        1,
        1,
        1,
        1,
        1,
        1,
        1,
        1,
        1,
        1,
        1,
        1,
        1,
        1,
        1,
        1,
        1,
        1,
        1,
        1,
        1,
        1,
        1,
        1,
        1,
        1,
        1,
        1,
        1,
        1,
        1,
        0,
        0,
        0,
        0,
        0,
        0,
        0,
        0,
        0,
        0,
        0,
        0,
        0,
        0,
        0,
        0,
        0,
        0,
        0,
        0,
        0,
        0,
        0,
        0,
        0,
        0,
        0,
        0,
        1,
        1,
        1,
        1,
        1,
        1,
        1,
        1,
        1,
        1,
        1,
        1,
        1,
        1,
        1,
        1,
        1,
        1,
        1,
        1,
        1,
        1,
        1,
        1,
        1,
        1,
        1,
        1,
        1,
        1,
        1,
        1,
        1,
        1,
        1,
        1,
        1,
        1,
        1,
        1,
        1,
        1,
        1,
        1,
        1,
        1,
        1,
        1,
        1,
        1,
        1,
        1,
        1
    ],