{
    "shared_fpr_metric": "mean-per-image-fpr",
    "fpr_lower_bound": 1e-05,
    "fpr_upper_bound": 0.0001,
    "num_threshs": 2130,
    "thresh_lower_bound": 0.6345436573028564,
    "thresh_upper_bound": 0.6654106378555298,
    "aupimos": [
        0.9906193094368061,
        0.8415628490723239,
        0.6926389478075246,
        0.9943804084292504,
        0.9316087425018996,
        0.8882060450652928,
        0.5793697007805126,
        0.49916499374041745,
        0.9936620541291615,
        0.9959637471350593,
        0.9991950053637703,
        0.9991950053637703,
        0.9462436990775365,
        0.965650813830417,
        0.9829106796821214,
        0.8534239477225918,
        0.9936136691528719,
        0.9990525157279277,
        0.998858943813156,
        0.9526340298638912,
        0.9453908621089276,
        0.9851269172543521,
        0.9797263757553932,
        0.9310793258910481,
        0.9991950053637703,
        0.9972196528540462,
        0.9861403636017141,
        0.9991950053637703,
        0.9412561933985888,
        0.9401643439398765,
        0.9183715656565717,
        0.9991950053637703,
        0.9598721259676966,
        0.6572195295528724,
        0.9963721122308359,
        0.530130990962156,
        0.974920364124041,
        0.9191138261288748,
        0.9242614800171111,
        0.9897233928983805,
        0.8388832253288048,
        0.7472213968545941,
        0.5000771845158072,
        0.9879430282383873,
        0.7722473350620896,
        0.8639650300312932,
        0.9725959217701377,
        0.9817626844461663,
        0.9156542257042448,
        0.9813575448722247,
        0.9314387460067824,
        0.9073058505218828,
        0.9754569474385192,
        0.9241646171985853,
        0.9702392670138574,
        0.9828026365546928,
        0.973368145314442,
        0.9413808187485103,
        0.9229224791465125,
        0.9918349650762883,
        0.9874285407133522,
        0.9511761489358218,
        0.9814797575906216,
        0.9866355029968538,
        0.9658972164610133,
        0.9753478597913123,
        0.9407528335388757,
        0.8645763819655827,
        0.9392875249980288,
        0.9635323632078796,
        NaN,
        NaN,
        NaN,
        NaN,
        NaN,
        NaN,
        NaN,
        NaN,
        NaN,
        NaN,
        NaN,
        NaN,
        NaN,
        NaN,
        NaN,
        NaN,
        NaN,
        NaN,
        NaN,
        NaN,
        NaN,
        NaN,
        0.847023160853504,
        0.4676916372285894,
        0.6185301825126455,
        0.6654312739515,
        0.7056880493425959,
        0.6117973213855027,
        0.7092033562303955,
        0.8496184778912508,
        0.9319671589331272,
        0.3384523026081468,
        0.5462444834587826,
        0.9845452507114248,
        0.6958035861380333,
        0.9156491017291626,
        0.8261530256929134,
        0.9545069493793702,
        0.9255922258506498,
        0.953051910983677,
        0.8192037218329502,
        0.6068229680368341,
        0.12615547599336505,
        0.5408080073915327,
        0.04955269380061424
    ],
    "paths": [
        "MVTec/metal_nut/test/bent/000.png",
        "MVTec/metal_nut/test/bent/001.png",
        "MVTec/metal_nut/test/bent/002.png",
        "MVTec/metal_nut/test/bent/003.png",
        "MVTec/metal_nut/test/bent/004.png",
        "MVTec/metal_nut/test/bent/005.png",
        "MVTec/metal_nut/test/bent/006.png",
        "MVTec/metal_nut/test/bent/007.png",
        "MVTec/metal_nut/test/bent/008.png",
        "MVTec/metal_nut/test/bent/009.png",
        "MVTec/metal_nut/test/bent/010.png",
        "MVTec/metal_nut/test/bent/011.png",
        "MVTec/metal_nut/test/bent/012.png",
        "MVTec/metal_nut/test/bent/013.png",
        "MVTec/metal_nut/test/bent/014.png",
        "MVTec/metal_nut/test/bent/015.png",
        "MVTec/metal_nut/test/bent/016.png",
        "MVTec/metal_nut/test/bent/017.png",
        "MVTec/metal_nut/test/bent/018.png",
        "MVTec/metal_nut/test/bent/019.png",
        "MVTec/metal_nut/test/bent/020.png",
        "MVTec/metal_nut/test/bent/021.png",
        "MVTec/metal_nut/test/bent/022.png",
        "MVTec/metal_nut/test/bent/023.png",
        "MVTec/metal_nut/test/bent/024.png",
        "MVTec/metal_nut/test/color/000.png",
        "MVTec/metal_nut/test/color/001.png",
        "MVTec/metal_nut/test/color/002.png",
        "MVTec/metal_nut/test/color/003.png",
        "MVTec/metal_nut/test/color/004.png",
        "MVTec/metal_nut/test/color/005.png",
        "MVTec/metal_nut/test/color/006.png",
        "MVTec/metal_nut/test/color/007.png",
        "MVTec/metal_nut/test/color/008.png",
        "MVTec/metal_nut/test/color/009.png",
        "MVTec/metal_nut/test/color/010.png",
        "MVTec/metal_nut/test/color/011.png",
        "MVTec/metal_nut/test/color/012.png",
        "MVTec/metal_nut/test/color/013.png",
        "MVTec/metal_nut/test/color/014.png",
        "MVTec/metal_nut/test/color/015.png",
        "MVTec/metal_nut/test/color/016.png",
        "MVTec/metal_nut/test/color/017.png",
        "MVTec/metal_nut/test/color/018.png",
        "MVTec/metal_nut/test/color/019.png",
        "MVTec/metal_nut/test/color/020.png",
        "MVTec/metal_nut/test/color/021.png",
        "MVTec/metal_nut/test/flip/000.png",
        "MVTec/metal_nut/test/flip/001.png",
        "MVTec/metal_nut/test/flip/002.png",
        "MVTec/metal_nut/test/flip/003.png",
        "MVTec/metal_nut/test/flip/004.png",
        "MVTec/metal_nut/test/flip/005.png",
        "MVTec/metal_nut/test/flip/006.png",
        "MVTec/metal_nut/test/flip/007.png",
        "MVTec/metal_nut/test/flip/008.png",
        "MVTec/metal_nut/test/flip/009.png",
        "MVTec/metal_nut/test/flip/010.png",
        "MVTec/metal_nut/test/flip/011.png",
        "MVTec/metal_nut/test/flip/012.png",
        "MVTec/metal_nut/test/flip/013.png",
        "MVTec/metal_nut/test/flip/014.png",
        "MVTec/metal_nut/test/flip/015.png",
        "MVTec/metal_nut/test/flip/016.png",
        "MVTec/metal_nut/test/flip/017.png",
        "MVTec/metal_nut/test/flip/018.png",
        "MVTec/metal_nut/test/flip/019.png",
        "MVTec/metal_nut/test/flip/020.png",
        "MVTec/metal_nut/test/flip/021.png",
        "MVTec/metal_nut/test/flip/022.png",
        "MVTec/metal_nut/test/good/000.png",
        "MVTec/metal_nut/test/good/001.png",
        "MVTec/metal_nut/test/good/002.png",
        "MVTec/metal_nut/test/good/003.png",
        "MVTec/metal_nut/test/good/004.png",
        "MVTec/metal_nut/test/good/005.png",
        "MVTec/metal_nut/test/good/006.png",
        "MVTec/metal_nut/test/good/007.png",
        "MVTec/metal_nut/test/good/008.png",
        "MVTec/metal_nut/test/good/009.png",
        "MVTec/metal_nut/test/good/010.png",
        "MVTec/metal_nut/test/good/011.png",
        "MVTec/metal_nut/test/good/012.png",
        "MVTec/metal_nut/test/good/013.png",
        "MVTec/metal_nut/test/good/014.png",
        "MVTec/metal_nut/test/good/015.png",
        "MVTec/metal_nut/test/good/016.png",
        "MVTec/metal_nut/test/good/017.png",
        "MVTec/metal_nut/test/good/018.png",
        "MVTec/metal_nut/test/good/019.png",
        "MVTec/metal_nut/test/good/020.png",
        "MVTec/metal_nut/test/good/021.png",
        "MVTec/metal_nut/test/scratch/000.png",
        "MVTec/metal_nut/test/scratch/001.png",
        "MVTec/metal_nut/test/scratch/002.png",
        "MVTec/metal_nut/test/scratch/003.png",
        "MVTec/metal_nut/test/scratch/004.png",
        "MVTec/metal_nut/test/scratch/005.png",
        "MVTec/metal_nut/test/scratch/006.png",
        "MVTec/metal_nut/test/scratch/007.png",
        "MVTec/metal_nut/test/scratch/008.png",
        "MVTec/metal_nut/test/scratch/009.png",
        "MVTec/metal_nut/test/scratch/010.png",
        "MVTec/metal_nut/test/scratch/011.png",
        "MVTec/metal_nut/test/scratch/012.png",
        "MVTec/metal_nut/test/scratch/013.png",
