{
    "avg_iou": 0.1206156921675909,
    "thresh": 2.41202712059021,
    "ious_at_thresh": [
        0.1077355118713301,
        0.0,
        0.0,
        0.0,
        0.0,
        0.0,
        0.0,
        0.13982117403135932,
        0.0,
        0.0,
        0.0,
        0.0,
        0.561345496009122,
        0.3548943510133678,
        0.4502784407319014,
        0.0,
        0.2701719827259641,
        0.2599828457066616,
        0.0,
        0.47023223082336385,
        0.1793057282203309,
        0.0,
        0.3092439054572454,
        0.0,
        0.0,
        0.12290999644254713,
        0.03307799442896936,
        0.14420536051340127,
        0.0,
        0.09627289955780165,
        0.05890481393405746,
        0.036213043128635374,
        0.47011410028263373,
        0.5982147901248517,
        0.5720712392925371,
        0.799537616799923,
        0.0,
        0.3618080827427696,
        0.09859575739468181,
        0.10264837572639803,
        0.2500439290107187,
        0.5324471013922756,
        0.09434929000146391,
        0.3997955010224949,
        0.0,
        0.0,
        0.0,
        0.0,
        0.0,
        0.0,
        0.0,
        0.0,
        0.0,
        0.0,
        0.0,
        0.0,
        0.0,
        0.0,
        0.0,
        0.0,
        0.0,
        0.0,
        0.0722813810906744,
        0.06040268456375839,
        0.0,
        0.022486702827953026,
        0.0,
        0.0,
        0.10963302752293579,
        0.0,
        0.0,
        0.08133164770332912,
        0.018498503491852343,
        0.0,
        0.0,
        0.0,
        0.46579804560260585,
        0.0,
        0.0,
        0.0,
        0.0,
        0.0,
        0.0,
        0.0,
        0.0,
        0.0,
        0.0,
        0.0,
        0.0,
        0.0,
        0.0,
        0.0,
        0.0,
        0.0,
        0.6899094256314878,
        0.48752414039617253,
        0.4782008658776246,
        0.5016850271389801,
        0.5808173768661016,
        0.6187788296588094,
        NaN,
        NaN,
        NaN,
        NaN,
        NaN,
        NaN,
        NaN,
        NaN,
        NaN,
        NaN,
        NaN,
        NaN,
        NaN,
        NaN,
        NaN,
        NaN,
        NaN,
        NaN,
        NaN,
        NaN,
        NaN,
        NaN,
        NaN,
        NaN,
        NaN,
        NaN,
        NaN,
        NaN,
        NaN,
        NaN,
        NaN,
        NaN,
        NaN,
        NaN,
        NaN,
        NaN,
        NaN,
        NaN,
        NaN,
        NaN,
        NaN,
        NaN,
        NaN,
        NaN,
        NaN,
        NaN,
        NaN,
        NaN,
        NaN,
        NaN
    ],
    "image_classes": [
        1,
        1,
        1,
        1,
        1,
        1,
        1,
        1,
        1,
        1,
        1,
        1,
        1,
        1,
        1,
        1,
        1,
        1,
        1,
        1,
        1,
        1,
        1,
        1,
        1,
        1,
        1,
        1,
        1,
        1,
        1,
        1,
        1,
        1,
        1,
        1,
        1,
        1,
        1,
        1,
        1,
        1,
        1,
        1,
        1,
        1,
        1,
        1,
        1,
        1,
        1,
        1,
        1,
        1,
        1,
        1,
        1,
        1,
        1,
        1,
        1,
        1,
        1,
        1,
        1,
        1,
        1,
        1,
        1,
        1,
        1,
        1,
        1,
        1,
        1,
        1,
        1,
        1,
        1,
        1,
        1,
        1,
        1,
        1,
        1,
        1,
        1,
        1,
        1,
        1,
        1,
        1,
        1,
        1,
        1,
        1,
        1,
        1,
        1,
        1,
        0,
        0,
        0,
        0,
        0,
        0,
        0,
        0,
        0,
        0,
        0,
        0,
        0,
        0,
        0,
        0,
        0,
        0,
        0,
        0,
        0,
        0,
        0,
        0,
        0,
        0,
        0,
        0,
        0,
        0,
        0,
        0,
        0,
        0,
        0,
        0,
        0,
        0,
        0,
        0,
        0,
        0,
        0,
        0,
        0,
        0,
        0,
        0,
        0,
        0
    ],