{
    "shared_fpr_metric": "mean-per-image-fpr",
    "fpr_lower_bound": 1e-05,
    "fpr_upper_bound": 0.0001,
    "num_threshs": 2175,
    "thresh_lower_bound": 0.017387665808200836,
    "thresh_upper_bound": 0.019158074632287025,
    "aupimos": [
        0.9607886222221893,
        0.7220719016269019,
        0.8964956327957823,
        0.9822387327326797,
        0.9835346909761501,
        0.9489391026883235,
        0.9697312386035951,
        0.968511949971404,
        0.7146786564075277,
        0.8615360167045305,
        0.5846349925877309,
        0.9048069551541346,
        0.93543176773325,
        0.9926062319316659,
        0.9639318447503644,
        0.984157570651835,
        0.9654839735859738,
        0.7720602787699543,
        0.9912892868520283,
        0.9199200269675231,
        0.8442587845089142,
        0.9418254558229916,
        0.9866638338487583,
        0.8330523024829735,
        0.9761118358565058,
        0.5315250570794082,
        0.4305416649146883,
        0.9954016878774803,
        0.47793459554319956,
        0.8111472564942352,
        0.746483130464262,
        0.14378507141144478,
        0.0007666244866304685,
        0.36342139021873643,
        0.06680285232971817,
        0.008848056013721522,
        0.9566537126350503,
        0.46380708010876753,
        0.6927220675348053,
        0.40914236071247345,
        0.09742387486611756,
        0.07605174884875672,
        0.02817470532870938,
        0.4168297829800541,
        0.07081950647501732,
        0.8880118400159459,
        0.7371413735050442,
        0.9109758210861529,
        0.7823935848033777,
        0.32312600526589513,
        0.689738850809594,
        0.26579362913726,
        0.1362800367981336,
        0.2433664570784117,
        0.8480081454583143,
        0.8070125120172406,
        0.927543213107075,
        0.8961471021049735,
        0.007369014846811351,
        0.9509822397001707,
        0.7469405231455967,
        0.8679803245712682,
        0.0,
        0.7144774542767283,
        0.8309799000589899,
        0.15893536146089188,
        0.0,
        0.0,
        0.0,
        0.0,
        0.0,
        0.0,
        0.0,
        0.0,
        0.0,
        0.0,
        0.15468155163879474,
        0.09560243741641088,
        0.0,
        0.058500926764825864,
        0.9988876197343092,
        0.0,
        0.999826247454413,
        0.08257209300079743,
        0.999826247454413,
        0.00024504040543436395,
        0.0,
        0.0,
        0.07813689422837208,
        0.0,
        0.035646308078254106,
        0.03079034651765007,
        0.999826247454413,
        0.3424793003513663,
        0.32290411412593645,
        0.2504166376895321,
        0.07994063379090505,
        0.0,
        0.3268250385112722,
        0.0,
        NaN,
        NaN,
        NaN,
        NaN,
        NaN,
        NaN,
        NaN,
        NaN,
        NaN,
        NaN,
        NaN,
        NaN,
        NaN,
        NaN,
        NaN,
        NaN,
        NaN,
        NaN,
        NaN,
        NaN,
        NaN,
        NaN,
        NaN,
        NaN,
        NaN,
        NaN,
        NaN,
        NaN,
        NaN,
        NaN,
        NaN,
        NaN,
        NaN,
        NaN,
        NaN,
        NaN,
        NaN,
        NaN,
        NaN,
        NaN,
        NaN,
        NaN,
        NaN,
        NaN,
        NaN,
        NaN,
        NaN,
        NaN,
        NaN,
        NaN
    ],
    "paths": [
        "VisA/visa_pytorch/chewinggum/test/bad/000.JPG",
        "VisA/visa_pytorch/chewinggum/test/bad/001.JPG",
        "VisA/visa_pytorch/chewinggum/test/bad/002.JPG",
        "VisA/visa_pytorch/chewinggum/test/bad/003.JPG",
        "VisA/visa_pytorch/chewinggum/test/bad/004.JPG",
        "VisA/visa_pytorch/chewinggum/test/bad/005.JPG",
        "VisA/visa_pytorch/chewinggum/test/bad/006.JPG",
        "VisA/visa_pytorch/chewinggum/test/bad/007.JPG",
        "VisA/visa_pytorch/chewinggum/test/bad/008.JPG",
        "VisA/visa_pytorch/chewinggum/test/bad/009.JPG",
        "VisA/visa_pytorch/chewinggum/test/bad/010.JPG",
        "VisA/visa_pytorch/chewinggum/test/bad/011.JPG",
        "VisA/visa_pytorch/chewinggum/test/bad/012.JPG",
        "VisA/visa_pytorch/chewinggum/test/bad/013.JPG",
        "VisA/visa_pytorch/chewinggum/test/bad/014.JPG",
        "VisA/visa_pytorch/chewinggum/test/bad/015.JPG",
        "VisA/visa_pytorch/chewinggum/test/bad/016.JPG",
        "VisA/visa_pytorch/chewinggum/test/bad/017.JPG",
        "VisA/visa_pytorch/chewinggum/test/bad/018.JPG",
        "VisA/visa_pytorch/chewinggum/test/bad/019.JPG",
        "VisA/visa_pytorch/chewinggum/test/bad/020.JPG",
        "VisA/visa_pytorch/chewinggum/test/bad/021.JPG",
        "VisA/visa_pytorch/chewinggum/test/bad/022.JPG",
        "VisA/visa_pytorch/chewinggum/test/bad/023.JPG",
        "VisA/visa_pytorch/chewinggum/test/bad/024.JPG",
        "VisA/visa_pytorch/chewinggum/test/bad/025.JPG",
        "VisA/visa_pytorch/chewinggum/test/bad/026.JPG",
        "VisA/visa_pytorch/chewinggum/test/bad/027.JPG",
        "VisA/visa_pytorch/chewinggum/test/bad/028.JPG",
        "VisA/visa_pytorch/chewinggum/test/bad/029.JPG",
        "VisA/visa_pytorch/chewinggum/test/bad/030.JPG",
        "VisA/visa_pytorch/chewinggum/test/bad/031.JPG",
        "VisA/visa_pytorch/chewinggum/test/bad/032.JPG",
        "VisA/visa_pytorch/chewinggum/test/bad/033.JPG",
        "VisA/visa_pytorch/chewinggum/test/bad/034.JPG",
        "VisA/visa_pytorch/chewinggum/test/bad/035.JPG",
        "VisA/visa_pytorch/chewinggum/test/bad/036.JPG",
        "VisA/visa_pytorch/chewinggum/test/bad/037.JPG",
        "VisA/visa_pytorch/chewinggum/test/bad/038.JPG",
        "VisA/visa_pytorch/chewinggum/test/bad/039.JPG",
        "VisA/visa_pytorch/chewinggum/test/bad/040.JPG",
        "VisA/visa_pytorch/chewinggum/test/bad/041.JPG",
        "VisA/visa_pytorch/chewinggum/test/bad/042.JPG",
        "VisA/visa_pytorch/chewinggum/test/bad/043.JPG",
        "VisA/visa_pytorch/chewinggum/test/bad/044.JPG",
        "VisA/visa_pytorch/chewinggum/test/bad/045.JPG",
        "VisA/visa_pytorch/chewinggum/test/bad/046.JPG",
        "VisA/visa_pytorch/chewinggum/test/bad/047.JPG",
        "VisA/visa_pytorch/chewinggum/test/bad/048.JPG",
        "VisA/visa_pytorch/chewinggum/test/bad/049.JPG",
        "VisA/visa_pytorch/chewinggum/test/bad/050.JPG",
        "VisA/visa_pytorch/chewinggum/test/bad/051.JPG",
        "VisA/visa_pytorch/chewinggum/test/bad/052.JPG",
        "VisA/visa_pytorch/chewinggum/test/bad/053.JPG",
        "VisA/visa_pytorch/chewinggum/test/bad/054.JPG",
        "VisA/visa_pytorch/chewinggum/test/bad/055.JPG",
        "VisA/visa_pytorch/chewinggum/test/bad/056.JPG",
        "VisA/visa_pytorch/chewinggum/test/bad/057.JPG",
        "VisA/visa_pytorch/chewinggum/test/bad/058.JPG",
        "VisA/visa_pytorch/chewinggum/test/bad/059.JPG",
        "VisA/visa_pytorch/chewinggum/test/bad/060.JPG",
        "VisA/visa_pytorch/chewinggum/test/bad/061.JPG",
        "VisA/visa_pytorch/chewinggum/test/bad/062.JPG",
        "VisA/visa_pytorch/chewinggum/test/bad/063.JPG",
        "VisA/visa_pytorch/chewinggum/test/bad/064.JPG",
        "VisA/visa_pytorch/chewinggum/test/bad/065.JPG",
        "VisA/visa_pytorch/chewinggum/test/bad/066.JPG",
        "VisA/visa_pytorch/chewinggum/test/bad/067.JPG",
        "VisA/visa_pytorch/chewinggum/test/bad/068.JPG",
        "VisA/visa_pytorch/chewinggum/test/bad/069.JPG",
        "VisA/visa_pytorch/chewinggum/test/bad/070.JPG",
        "VisA/visa_pytorch/chewinggum/test/bad/071.JPG",
        "VisA/visa_pytorch/chewinggum/test/bad/072.JPG",
        "VisA/visa_pytorch/chewinggum/test/bad/073.JPG",
        "VisA/visa_pytorch/chewinggum/test/bad/074.JPG",
        "VisA/visa_pytorch/chewinggum/test/bad/075.JPG",
        "VisA/visa_pytorch/chewinggum/test/bad/076.JPG",
        "VisA/visa_pytorch/chewinggum/test/bad/077.JPG",
        "VisA/visa_pytorch/chewinggum/test/bad/078.JPG",
