{
    "shared_fpr_metric": "mean-per-image-fpr",
    "fpr_lower_bound": 1e-05,
    "fpr_upper_bound": 0.0001,
    "num_threshs": null,
    "thresh_lower_bound": 214.3661651611328,
    "thresh_upper_bound": 244.3220672607422,
    "aupimos": [
        1.0,
        1.0,
        1.0,
        0.9830311874188209,
        0.9594329860167531,
        1.0,
        1.0,
        1.0,
        0.9841837166478694,
        1.0,
        0.9826500093971344,
        0.9972295559528451,
        1.0,
        1.0,
        1.0,
        0.919443945583373,
        0.9922085163353354,
        1.0,
        1.0,
        0.8930330712762784,
        0.36229330387359404,
        1.0,
        1.0,
        0.887268358279353,
        0.9138895836555211,
        1.0,
        1.0,
        0.5343340101299572,
        0.9998801564243814,
        1.0,
        0.9952805072903322,
        1.0,
        1.0,
        1.0,
        1.0,
        NaN,
        NaN,
        NaN,
        NaN,
        NaN,
        NaN,
        NaN,
        NaN,
        NaN,
        NaN,
        NaN,
        NaN,
        NaN,
        NaN,
        NaN,
        NaN,
        NaN,
        NaN,
        NaN,
        NaN,
        NaN,
        NaN,
        NaN,
        NaN,
        NaN,
        NaN,
        NaN,
        NaN,
        NaN,
        NaN,
        NaN,
        NaN,
        NaN,
        0.5097850111857163,
        0.7372764367246097,
        0.07032684259444727,
        0.0,
        0.010147953234871226,
        0.0027722280752792735,
        0.888453442223805,
        0.9584705247131226,
        0.893646570164085,
        0.45735091195194477,
        0.5506136376883035,
        0.4424810069716192,
        0.0,
        0.6726612787802801,
        0.18359505838393286,
        0.9885895885336742,
        0.4532928545383066,
        0.6240133372617774,
        0.5826899959861292,
        0.8832429381772068,
        0.9119101657508654,
        0.8396283034923926,
        0.5588350073754837,
        0.5165083728365041,
        0.5657050405861165,
        0.8555185209223479,
        0.5040115060201587,
        0.9096128124553725,
        0.8182557436631104,
        0.7053610950375127,
        0.5443369983884726,
        0.5352740379043883,
        0.6169013931649029,
        0.5221459953975529,
        0.17019364492048408,
        0.8303732373680089,
        0.2603982687063297,
        0.12968046518374982,
        0.28222014454241695,
        0.1719443949445158,
        0.40265933510619184,
        0.31296836124262806,
        0.594197547338681,
        0.7177070838072996,
        0.5725685091131485,
        0.7335464512689485,
        0.10057624938536364,
        0.28118169204467536,
        0.4535970396962883
    ],
    "paths": [
        "MVTec/tile/test/crack/000.png",
        "MVTec/tile/test/crack/001.png",
        "MVTec/tile/test/crack/002.png",
        "MVTec/tile/test/crack/003.png",
        "MVTec/tile/test/crack/004.png",
        "MVTec/tile/test/crack/005.png",
        "MVTec/tile/test/crack/006.png",
        "MVTec/tile/test/crack/007.png",
        "MVTec/tile/test/crack/008.png",
        "MVTec/tile/test/crack/009.png",
        "MVTec/tile/test/crack/010.png",
        "MVTec/tile/test/crack/011.png",
        "MVTec/tile/test/crack/012.png",
        "MVTec/tile/test/crack/013.png",
        "MVTec/tile/test/crack/014.png",
        "MVTec/tile/test/crack/015.png",
        "MVTec/tile/test/crack/016.png",
        "MVTec/tile/test/glue_strip/000.png",
        "MVTec/tile/test/glue_strip/001.png",
        "MVTec/tile/test/glue_strip/002.png",
        "MVTec/tile/test/glue_strip/003.png",
        "MVTec/tile/test/glue_strip/004.png",
        "MVTec/tile/test/glue_strip/005.png",
        "MVTec/tile/test/glue_strip/006.png",
        "MVTec/tile/test/glue_strip/007.png",
        "MVTec/tile/test/glue_strip/008.png",
        "MVTec/tile/test/glue_strip/009.png",
        "MVTec/tile/test/glue_strip/010.png",
        "MVTec/tile/test/glue_strip/011.png",
        "MVTec/tile/test/glue_strip/012.png",
        "MVTec/tile/test/glue_strip/013.png",
        "MVTec/tile/test/glue_strip/014.png",
        "MVTec/tile/test/glue_strip/015.png",
        "MVTec/tile/test/glue_strip/016.png",
        "MVTec/tile/test/glue_strip/017.png",
        "MVTec/tile/test/good/000.png",
        "MVTec/tile/test/good/001.png",
        "MVTec/tile/test/good/002.png",
        "MVTec/tile/test/good/003.png",
        "MVTec/tile/test/good/004.png",
        "MVTec/tile/test/good/005.png",
        "MVTec/tile/test/good/006.png",
        "MVTec/tile/test/good/007.png",
        "MVTec/tile/test/good/008.png",
        "MVTec/tile/test/good/009.png",
        "MVTec/tile/test/good/010.png",
        "MVTec/tile/test/good/011.png",
        "MVTec/tile/test/good/012.png",
        "MVTec/tile/test/good/013.png",
        "MVTec/tile/test/good/014.png",
        "MVTec/tile/test/good/015.png",
        "MVTec/tile/test/good/016.png",
        "MVTec/tile/test/good/017.png",
        "MVTec/tile/test/good/018.png",
        "MVTec/tile/test/good/019.png",
        "MVTec/tile/test/good/020.png",
        "MVTec/tile/test/good/021.png",
        "MVTec/tile/test/good/022.png",
        "MVTec/tile/test/good/023.png",
        "MVTec/tile/test/good/024.png",
        "MVTec/tile/test/good/025.png",
        "MVTec/tile/test/good/026.png",
        "MVTec/tile/test/good/027.png",
        "MVTec/tile/test/good/028.png",
        "MVTec/tile/test/good/029.png",
        "MVTec/tile/test/good/030.png",
        "MVTec/tile/test/good/031.png",
        "MVTec/tile/test/good/032.png",
        "MVTec/tile/test/gray_stroke/000.png",
        "MVTec/tile/test/gray_stroke/001.png",
        "MVTec/tile/test/gray_stroke/002.png",
        "MVTec/tile/test/gray_stroke/003.png",
        "MVTec/tile/test/gray_stroke/004.png",
        "MVTec/tile/test/gray_stroke/005.png",
        "MVTec/tile/test/gray_stroke/006.png",
        "MVTec/tile/test/gray_stroke/007.png",
        "MVTec/tile/test/gray_stroke/008.png",
        "MVTec/tile/test/gray_stroke/009.png",
        "MVTec/tile/test/gray_stroke/010.png",
        "MVTec/tile/test/gray_stroke/011.png",
        "MVTec/tile/test/gray_stroke/012.png",
        "MVTec/tile/test/gray_stroke/013.png",
        "MVTec/tile/test/gray_stroke/014.png",
        "MVTec/tile/test/gray_stroke/015.png",
        "MVTec/tile/test/oil/000.png",
        "MVTec/tile/test/oil/001.png",
        "MVTec/tile/test/oil/002.png",
        "MVTec/tile/test/oil/003.png",
        "MVTec/tile/test/oil/004.png",
        "MVTec/tile/test/oil/005.png",
        "MVTec/tile/test/oil/006.png",
        "MVTec/tile/test/oil/007.png",
        "MVTec/tile/test/oil/008.png",
        "MVTec/tile/test/oil/009.png",
        "MVTec/tile/test/oil/010.png",
        "MVTec/tile/test/oil/011.png",
        "MVTec/tile/test/oil/012.png",
        "MVTec/tile/test/oil/013.png",
        "MVTec/tile/test/oil/014.png",
        "MVTec/tile/test/oil/015.png",
        "MVTec/tile/test/oil/016.png",
        "MVTec/tile/test/oil/017.png",
        "MVTec/tile/test/rough/000.png",
        "MVTec/tile/test/rough/001.png",
        "MVTec/tile/test/rough/002.png",
        "MVTec/tile/test/rough/003.png",
        "MVTec/tile/test/rough/004.png",
        "MVTec/tile/test/rough/005.png",
        "MVTec/tile/test/rough/006.png",
        "MVTec/tile/test/rough/007.png",
        "MVTec/tile/test/rough/008.png",
        "MVTec/tile/test/rough/009.png",
        "MVTec/tile/test/rough/010.png",
        "MVTec/tile/test/rough/011.png",
        "MVTec/tile/test/rough/012.png",
        "MVTec/tile/test/rough/013.png",
        "MVTec/tile/test/rough/014.png"
    ]
}