{
    "shared_fpr_metric": "mean-per-image-fpr",
    "fpr_lower_bound": 1e-05,
    "fpr_upper_bound": 0.0001,
    "num_threshs": null,
    "thresh_lower_bound": -0.12477509677410126,
    "thresh_upper_bound": -0.11020926386117935,
    "aupimos": [
        1.0007777402282489e-06,
        0.5648384349420379,
        0.000769135819426433,
        0.9828918603229431,
        0.06208190250183352,
        0.0,
        0.17510006955791516,
        0.8204171858559982,
        8.440664446756684e-07,
        1.1279521743153762e-05,
        0.8201506388644962,
        0.7266144547586464,
        0.01246280692247701,
        0.7996970335973579,
        0.0005976217512970993,
        0.0,
        0.042135268347180545,
        0.9901394333860492,
        0.9393199132127538,
        0.6762353748954179,
        0.12755283578580118,
        0.004546863282556827,
        0.33077006557895144,
        0.32331024371434985,
        0.5156861796552358,
        0.9517733295820981,
        0.014648747469868975,
        0.10374679712862864,
        0.3232093966874811,
        0.9416262836862749,
        0.4858727488272424,
        0.4970323544773296,
        0.4354042480607768,
        0.4695497903982523,
        0.19594500696637193,
        0.9901394333860492,
        0.9901394333860492,
        0.9198792578141758,
        0.9901394333860492,
        0.9901394333860492,
        0.9901394333860492,
        0.9901394333860492,
        0.9901105985283002,
        0.9838172242016517,
        0.9901394333860492,
        0.9901394333860492,
        0.9901394333860492,
        0.97647650832851,
        0.9901394333860492,
        0.6165364185102155,
        0.9801893033246669,
        0.8329235234051299,
        0.4913594136812559,
        0.3929125118582182,
        0.2816863074929811,
        0.6724832664571355,
        0.811552194997922,
        0.0,
        0.42382159714941675,
        0.0,
        0.6539266609013619,
        0.5183222391917954,
        0.19760498858213663,
        0.04714069894423273,
        0.0,
        0.17324153340714246,
        0.8222795972973759,
        0.06104548836826147,
        NaN,
        NaN,
        NaN,
        NaN,
        NaN,
        NaN,
        NaN,
        NaN,
        NaN,
        NaN,
        NaN,
        NaN,
        NaN,
        NaN,
        NaN,
        NaN,
        NaN,
        NaN,
        NaN,
        NaN,
        NaN,
        NaN,
        NaN,
        NaN,
        NaN,
        NaN,
        NaN,
        NaN,
        NaN,
        NaN,
        NaN,
        NaN,
        0.6153987047709317,
        0.400557703031951,
        0.0,
        0.7561638823770168,
        0.21336298335577503,
        0.07168560895492294,
        0.1403542157906069,
        0.5456731342808468,
        0.045840818232328495,
        0.8173483435525999,
        0.6324632198815934,
        0.8764569075937377,
        0.11958144632104653,
        0.41545785722859696,
        0.12291053605593194,
        0.7777829536178287,
        0.08886478449952506,
        0.0,
        0.050759184165515524,
        0.06251509501768711,
        0.2725539054806118,
        0.8514645746193984,
        0.37893343260542695,
        0.28950713567599334,
        0.0,
        0.040845292249703145,
        0.6806906721946334,
        0.15222873676203671,
        0.14686585247233058,
        0.8842698954956535,
        0.4629921830183322,
        0.08336210990483162,
        0.9834425916303418,
        0.6763310037349884,
        0.9310059424756982,
        0.0,
        0.7143283573436252,
        0.8248048726846671,
        0.3564124372981847,
        0.0,
        0.0,
        0.44615466391224806,
        0.0,
        0.0,
        0.0,
        0.4520337662802798,
        0.012225865555758936,
        0.0,
        0.0012701709578481115,
        0.6807058750767809,
        0.9290082366194573
    ],
    "paths": [
        "MVTec/zipper/test/broken_teeth/000.png",
        "MVTec/zipper/test/broken_teeth/001.png",
        "MVTec/zipper/test/broken_teeth/002.png",
        "MVTec/zipper/test/broken_teeth/003.png",
        "MVTec/zipper/test/broken_teeth/004.png",
        "MVTec/zipper/test/broken_teeth/005.png",
        "MVTec/zipper/test/broken_teeth/006.png",
        "MVTec/zipper/test/broken_teeth/007.png",
        "MVTec/zipper/test/broken_teeth/008.png",
        "MVTec/zipper/test/broken_teeth/009.png",
        "MVTec/zipper/test/broken_teeth/010.png",
        "MVTec/zipper/test/broken_teeth/011.png",
        "MVTec/zipper/test/broken_teeth/012.png",
        "MVTec/zipper/test/broken_teeth/013.png",
        "MVTec/zipper/test/broken_teeth/014.png",
        "MVTec/zipper/test/broken_teeth/015.png",
        "MVTec/zipper/test/broken_teeth/016.png",
        "MVTec/zipper/test/broken_teeth/017.png",
        "MVTec/zipper/test/broken_teeth/018.png",
        "MVTec/zipper/test/combined/000.png",
        "MVTec/zipper/test/combined/001.png",
        "MVTec/zipper/test/combined/002.png",
        "MVTec/zipper/test/combined/003.png",
        "MVTec/zipper/test/combined/004.png",
        "MVTec/zipper/test/combined/005.png",
        "MVTec/zipper/test/combined/006.png",
        "MVTec/zipper/test/combined/007.png",
        "MVTec/zipper/test/combined/008.png",
        "MVTec/zipper/test/combined/009.png",
        "MVTec/zipper/test/combined/010.png",
        "MVTec/zipper/test/combined/011.png",
        "MVTec/zipper/test/combined/012.png",
        "MVTec/zipper/test/combined/013.png",
        "MVTec/zipper/test/combined/014.png",
        "MVTec/zipper/test/combined/015.png",
        "MVTec/zipper/test/fabric_border/000.png",
        "MVTec/zipper/test/fabric_border/001.png",
        "MVTec/zipper/test/fabric_border/002.png",
        "MVTec/zipper/test/fabric_border/003.png",
        "MVTec/zipper/test/fabric_border/004.png",
        "MVTec/zipper/test/fabric_border/005.png",
        "MVTec/zipper/test/fabric_border/006.png",
        "MVTec/zipper/test/fabric_border/007.png",
        "MVTec/zipper/test/fabric_border/008.png",
        "MVTec/zipper/test/fabric_border/009.png",
        "MVTec/zipper/test/fabric_border/010.png",
        "MVTec/zipper/test/fabric_border/011.png",
        "MVTec/zipper/test/fabric_border/012.png",
        "MVTec/zipper/test/fabric_border/013.png",
        "MVTec/zipper/test/fabric_border/014.png",
        "MVTec/zipper/test/fabric_border/015.png",
        "MVTec/zipper/test/fabric_border/016.png",
        "MVTec/zipper/test/fabric_interior/000.png",
        "MVTec/zipper/test/fabric_interior/001.png",
        "MVTec/zipper/test/fabric_interior/002.png",
        "MVTec/zipper/test/fabric_interior/003.png",
        "MVTec/zipper/test/fabric_interior/004.png",
        "MVTec/zipper/test/fabric_interior/005.png",
        "MVTec/zipper/test/fabric_interior/006.png",
        "MVTec/zipper/test/fabric_interior/007.png",
        "MVTec/zipper/test/fabric_interior/008.png",
        "MVTec/zipper/test/fabric_interior/009.png",
        "MVTec/zipper/test/fabric_interior/010.png",
        "MVTec/zipper/test/fabric_interior/011.png",
        "MVTec/zipper/test/fabric_interior/012.png",
        "MVTec/zipper/test/fabric_interior/013.png",
        "MVTec/zipper/test/fabric_interior/014.png",
        "MVTec/zipper/test/fabric_interior/015.png",
        "MVTec/zipper/test/good/000.png",
        "MVTec/zipper/test/good/001.png",
        "MVTec/zipper/test/good/002.png",
        "MVTec/zipper/test/good/003.png",
        "MVTec/zipper/test/good/004.png",
        "MVTec/zipper/test/good/005.png",
        "MVTec/zipper/test/good/006.png",
        "MVTec/zipper/test/good/007.png",
        "MVTec/zipper/test/good/008.png",
        "MVTec/zipper/test/good/009.png",
        "MVTec/zipper/test/good/010.png",
        "MVTec/zipper/test/good/011.png",
        "MVTec/zipper/test/good/012.png",
        "MVTec/zipper/test/good/013.png",
        "MVTec/zipper/test/good/014.png",
        "MVTec/zipper/test/good/015.png",
        "MVTec/zipper/test/good/016.png",
