{
    "shared_fpr_metric": "mean-per-image-fpr",
    "fpr_lower_bound": 1e-05,
    "fpr_upper_bound": 0.0001,
    "num_threshs": null,
    "thresh_lower_bound": 0.3556918501853943,
    "thresh_upper_bound": 1.0263152122497559,
    "aupimos": [
        0.0,
        0.0,
        0.0,
        0.0,
        0.0,
        0.0,
        0.0,
        0.0,
        0.0,
        0.0,
        0.2046170962969357,
        0.0,
        0.0,
        0.0,
        0.0,
        0.0,
        0.0,
        0.009885571491087663,
        0.0,
        0.0,
        0.0,
        0.0,
        0.0,
        0.0,
        0.000246117464266018,
        0.0,
        0.0,
        0.0,
        0.0,
        0.0,
        0.0,
        0.0,
        0.0,
        0.0,
        0.0023899788161282323,
        0.22826570339258465,
        0.6536653819032768,
        0.225980129599916,
        0.0,
        0.1913326560860359,
        0.0,
        0.0,
        0.0,
        0.6006665113366907,
        0.0,
        0.5008776962180147,
        0.0,
        0.0,
        0.0,
        0.1477801193269062,
        0.0,
        0.0,
        0.20480131546067004,
        0.06830939194535213,
        0.0,
        0.0,
        0.0,
        0.013651554260324264,
        0.0,
        0.0,
        0.0,
        0.0,
        0.017966620105264012,
        0.0,
        0.0,
        0.0092674709403193,
        0.0,
        0.0,
        0.051450260373966654,
        5.013655418561625e-05,
        0.0,
        0.0,
        0.0,
        0.174536698179774,
        0.0,
        0.00033361820415726964,
        0.0,
        0.0,
        0.0,
        0.0,
        0.0,
        0.0,
        0.0,
        0.0,
        0.0,
        0.0,
        0.0,
        0.0,
        0.0,
        0.08888039039698852,
        0.006159644538034862,
        0.0,
        0.0,
        0.0,
        0.0,
        0.0,
        0.0,
        0.0,
        0.0,
        0.0,
        NaN,
        NaN,
        NaN,
        NaN,
        NaN,
        NaN,
        NaN,
        NaN,
        NaN,
        NaN,
        NaN,
        NaN,
        NaN,
        NaN,
        NaN,
        NaN,
        NaN,
        NaN,
        NaN,
        NaN,
        NaN,
        NaN,
        NaN,
        NaN,
        NaN,
        NaN,
        NaN,
        NaN,
        NaN,
        NaN,
        NaN,
        NaN,
        NaN,
        NaN,
        NaN,
        NaN,
        NaN,
        NaN,
        NaN,
        NaN,
        NaN,
        NaN,
        NaN,
        NaN,
        NaN,
        NaN,
        NaN,
        NaN,
        NaN,
        NaN,
        NaN,
        NaN,
        NaN,
        NaN,
        NaN,
        NaN,
        NaN,
        NaN,
        NaN,
        NaN,
        NaN,
        NaN,
        NaN,
        NaN,
        NaN,
        NaN,
        NaN,
        NaN,
        NaN,
        NaN,
        NaN,
        NaN,
        NaN,
        NaN,
        NaN,
        NaN,
        NaN,
        NaN,
        NaN,
        NaN,
        NaN,
        NaN,
        NaN,
        NaN,
        NaN,
        NaN,
        NaN,
        NaN,
        NaN,
        NaN,
        NaN,
        NaN,
        NaN,
        NaN,
        NaN,
        NaN,
        NaN,
        NaN,
        NaN,
        NaN,
        NaN
    ],
    "paths": [
        "VisA/visa_pytorch/pcb4/test/bad/000.JPG",
        "VisA/visa_pytorch/pcb4/test/bad/001.JPG",
        "VisA/visa_pytorch/pcb4/test/bad/002.JPG",
        "VisA/visa_pytorch/pcb4/test/bad/003.JPG",
        "VisA/visa_pytorch/pcb4/test/bad/004.JPG",
        "VisA/visa_pytorch/pcb4/test/bad/005.JPG",
        "VisA/visa_pytorch/pcb4/test/bad/006.JPG",
        "VisA/visa_pytorch/pcb4/test/bad/007.JPG",
        "VisA/visa_pytorch/pcb4/test/bad/008.JPG",
        "VisA/visa_pytorch/pcb4/test/bad/009.JPG",
        "VisA/visa_pytorch/pcb4/test/bad/010.JPG",
        "VisA/visa_pytorch/pcb4/test/bad/011.JPG",
        "VisA/visa_pytorch/pcb4/test/bad/012.JPG",
        "VisA/visa_pytorch/pcb4/test/bad/013.JPG",
        "VisA/visa_pytorch/pcb4/test/bad/014.JPG",
        "VisA/visa_pytorch/pcb4/test/bad/015.JPG",
        "VisA/visa_pytorch/pcb4/test/bad/016.JPG",
        "VisA/visa_pytorch/pcb4/test/bad/017.JPG",
        "VisA/visa_pytorch/pcb4/test/bad/018.JPG",
        "VisA/visa_pytorch/pcb4/test/bad/019.JPG",
        "VisA/visa_pytorch/pcb4/test/bad/020.JPG",
        "VisA/visa_pytorch/pcb4/test/bad/021.JPG",
        "VisA/visa_pytorch/pcb4/test/bad/022.JPG",
        "VisA/visa_pytorch/pcb4/test/bad/023.JPG",
        "VisA/visa_pytorch/pcb4/test/bad/024.JPG",
        "VisA/visa_pytorch/pcb4/test/bad/025.JPG",
        "VisA/visa_pytorch/pcb4/test/bad/026.JPG",
        "VisA/visa_pytorch/pcb4/test/bad/027.JPG",
        "VisA/visa_pytorch/pcb4/test/bad/028.JPG",
        "VisA/visa_pytorch/pcb4/test/bad/029.JPG",
        "VisA/visa_pytorch/pcb4/test/bad/030.JPG",
        "VisA/visa_pytorch/pcb4/test/bad/031.JPG",
        "VisA/visa_pytorch/pcb4/test/bad/032.JPG",
        "VisA/visa_pytorch/pcb4/test/bad/033.JPG",
        "VisA/visa_pytorch/pcb4/test/bad/034.JPG",
        "VisA/visa_pytorch/pcb4/test/bad/035.JPG",
        "VisA/visa_pytorch/pcb4/test/bad/036.JPG",
        "VisA/visa_pytorch/pcb4/test/bad/037.JPG",
        "VisA/visa_pytorch/pcb4/test/bad/038.JPG",
        "VisA/visa_pytorch/pcb4/test/bad/039.JPG",
        "VisA/visa_pytorch/pcb4/test/bad/040.JPG",
        "VisA/visa_pytorch/pcb4/test/bad/041.JPG",
        "VisA/visa_pytorch/pcb4/test/bad/042.JPG",
        "VisA/visa_pytorch/pcb4/test/bad/043.JPG",
        "VisA/visa_pytorch/pcb4/test/bad/044.JPG",
        "VisA/visa_pytorch/pcb4/test/bad/045.JPG",
        "VisA/visa_pytorch/pcb4/test/bad/046.JPG",
        "VisA/visa_pytorch/pcb4/test/bad/047.JPG",
        "VisA/visa_pytorch/pcb4/test/bad/048.JPG",
        "VisA/visa_pytorch/pcb4/test/bad/049.JPG",
        "VisA/visa_pytorch/pcb4/test/bad/050.JPG",
        "VisA/visa_pytorch/pcb4/test/bad/051.JPG",
        "VisA/visa_pytorch/pcb4/test/bad/052.JPG",
        "VisA/visa_pytorch/pcb4/test/bad/053.JPG",
        "VisA/visa_pytorch/pcb4/test/bad/054.JPG",
        "VisA/visa_pytorch/pcb4/test/bad/055.JPG",
        "VisA/visa_pytorch/pcb4/test/bad/056.JPG",
        "VisA/visa_pytorch/pcb4/test/bad/057.JPG",
        "VisA/visa_pytorch/pcb4/test/bad/058.JPG",
        "VisA/visa_pytorch/pcb4/test/bad/059.JPG",
        "VisA/visa_pytorch/pcb4/test/bad/060.JPG",
        "VisA/visa_pytorch/pcb4/test/bad/061.JPG",
        "VisA/visa_pytorch/pcb4/test/bad/062.JPG",
        "VisA/visa_pytorch/pcb4/test/bad/063.JPG",
        "VisA/visa_pytorch/pcb4/test/bad/064.JPG",
        "VisA/visa_pytorch/pcb4/test/bad/065.JPG",
        "VisA/visa_pytorch/pcb4/test/bad/066.JPG",
        "VisA/visa_pytorch/pcb4/test/bad/067.JPG",
        "VisA/visa_pytorch/pcb4/test/bad/068.JPG",
        "VisA/visa_pytorch/pcb4/test/bad/069.JPG",
        "VisA/visa_pytorch/pcb4/test/bad/070.JPG",
        "VisA/visa_pytorch/pcb4/test/bad/071.JPG",
        "VisA/visa_pytorch/pcb4/test/bad/072.JPG",
        "VisA/visa_pytorch/pcb4/test/bad/073.JPG",
        "VisA/visa_pytorch/pcb4/test/bad/074.JPG",
        "VisA/visa_pytorch/pcb4/test/bad/075.JPG",
        "VisA/visa_pytorch/pcb4/test/bad/076.JPG",
        "VisA/visa_pytorch/pcb4/test/bad/077.JPG",
        "VisA/visa_pytorch/pcb4/test/bad/078.JPG",
        "VisA/visa_pytorch/pcb4/test/bad/079.JPG",
        "VisA/visa_pytorch/pcb4/test/bad/080.JPG",
        "VisA/visa_pytorch/pcb4/test/bad/081.JPG",
        "VisA/visa_pytorch/pcb4/test/bad/082.JPG",
        "VisA/visa_pytorch/pcb4/test/bad/083.JPG",
        "VisA/visa_pytorch/pcb4/test/bad/084.JPG",
        "VisA/visa_pytorch/pcb4/test/bad/085.JPG",
        "VisA/visa_pytorch/pcb4/test/bad/086.JPG",
        "VisA/visa_pytorch/pcb4/test/bad/087.JPG",
        "VisA/visa_pytorch/pcb4/test/bad/088.JPG",
        "VisA/visa_pytorch/pcb4/test/bad/089.JPG",
        "VisA/visa_pytorch/pcb4/test/bad/090.JPG",
        "VisA/visa_pytorch/pcb4/test/bad/091.JPG",
        "VisA/visa_pytorch/pcb4/test/bad/092.JPG",
