{
    "avg_iou": 0.3759899678552257,
    "thresh": 0.6028106808662415,
    "ious_at_thresh": [
        0.6308537579945915,
        0.5254027261462205,
        0.47677172526871925,
        0.7147728412395948,
        0.42509666957714853,
        0.5883433779215053,
        0.35565345080763583,
        0.39598790876614454,
        0.60765639589169,
        0.6018978761861726,
        0.21994499738082765,
        0.4005148557331331,
        0.49600130569609924,
        0.608087416481069,
        0.6943609687113311,
        0.0,
        0.5551317201096674,
        0.5200888137026856,
        0.712150696660699,
        0.5599460839954598,
        0.5546359247216475,
        0.6740157480314961,
        0.5517583664208735,
        0.4013188446178137,
        0.4972213141549526,
        0.0,
        0.0,
        0.7784098990186318,
        0.019409282700421943,
        0.0,
        0.665956691515797,
        0.44368433911556315,
        0.6642989060946157,
        0.4154101006668649,
        0.7117538135966845,
        0.7876422266442166,
        0.6538429476492164,
        0.7115414373190088,
        0.5565771911612042,
        0.5009242144177449,
        0.6323380774168875,
        0.6644154634373545,
        0.6373733885819521,
        0.7336492010405053,
        0.48030752050852554,
        0.6368592466723307,
        0.5326311579228051,
        0.2756732327386139,
        0.23907310255423445,
        0.2720400154531221,
        0.2574306466215476,
        0.246877191844413,
        0.274078880780972,
        0.3286613710401808,
        0.2589404459820008,
        0.26626167688692765,
        0.21942867478695546,
        0.22834449203642865,
        0.20462308755325737,
        0.2414287184765826,
        0.23580074770132364,
        0.38236431033149826,
        0.23817320224628702,
        0.25659222978922064,
        0.18895481515289822,
        0.1764273411782199,
        0.22195673578011132,
        0.22519356342321606,
        0.1666452396849819,
        0.20574370934892583,
        NaN,
        NaN,
        NaN,
        NaN,
        NaN,
        NaN,
        NaN,
        NaN,
        NaN,
        NaN,
        NaN,
        NaN,
        NaN,
        NaN,
        NaN,
        NaN,
        NaN,
        NaN,
        NaN,
        NaN,
        NaN,
        NaN,
        0.0,
        0.0,
        0.1986895758547381,
        0.44044860506071,
        0.45737681639608085,
        0.5712303101797238,
        0.14231130966376676,
        0.344570785047408,
        0.26804998021145476,
        0.5538948438366291,
        0.48135312415472004,
        0.19489598533953237,
        0.14022397345499793,
        0.21608110633526445,
        0.18465995730405613,
        0.22920942961995397,
        0.16624276604371704,
        0.3395733379026731,
        0.3775876904388318,
        0.05531509060230357,
        0.0,
        0.0,
        0.0
    ],
    "image_classes": [
        1,
        1,
        1,
        1,
        1,
        1,
        1,
        1,
        1,
        1,
        1,
        1,
        1,
        1,
        1,
        1,
        1,
        1,
        1,
        1,
        1,
        1,
        1,
        1,
        1,
        1,
        1,
        1,
        1,
        1,
        1,
        1,
        1,
        1,
        1,
        1,
        1,
        1,
        1,
        1,
        1,
        1,
        1,
        1,
        1,
        1,
        1,
        1,
        1,
        1,
        1,
        1,
        1,
        1,
        1,
        1,
        1,
        1,
        1,
        1,
        1,
        1,
        1,
        1,
        1,
        1,
        1,
        1,
        1,
        1,
        0,
        0,
        0,
        0,
        0,
        0,
        0,
        0,
        0,
        0,
        0,
        0,
        0,
        0,
        0,
        0,
        0,
        0,
        0,
        0,
        0,
        0,
        1,
        1,
        1,
        1,
        1,
        1,
        1,
        1,
        1,
        1,
        1,
        1,
        1,
        1,
        1,
        1,
        1,
        1,
        1,
        1,
        1,
        1,
        1
    ],