{
    "avg_iou": 0.16919478773531269,
    "thresh": 0.35890495777130127,
    "ious_at_thresh": [
        0.3332244364586736,
        0.0,
        0.05425867507886435,
        0.0,
        0.0,
        0.0,
        0.39925373134328357,
        0.5705225423962498,
        0.0,
        0.19064545249379372,
        0.40072984376781845,
        0.16657223796033993,
        0.7284396309667068,
        0.5695622501706152,
        0.40955492037566354,
        0.0,
        0.14248297537978,
        0.3794920939147101,
        0.6059581110966566,
        0.0,
        0.30554303740423616,
        0.243586979952576,
        0.11078122100575245,
        0.04157579062159215,
        0.050962995022722356,
        0.05080268238162975,
        0.03229515050167224,
        0.04862136878385032,
        0.023685215841079844,
        0.051198540906722254,
        0.03808543489449305,
        0.033128199229309256,
        0.028300993847610034,
        0.03667631832938493,
        0.026217228464419477,
        0.027693923087019293,
        0.03439587483886089,
        0.05395793110456255,
        0.08031954421600199,
        0.09537546988373109,
        0.1190611260814069,
        0.12542703757930698,
        0.10454686050108258,
        0.10699771399542798,
        0.10252744739249771,
        0.15253276656039674,
        0.13034825870646766,
        0.11905952976488245,
        0.2964734010759115,
        0.021052631578947368,
        0.4225506294471812,
        0.21043978627209206,
        0.18669676971170546,
        0.3293619274556526,
        0.18174603174603174,
        0.3443246670894103,
        0.2955158049497672,
        0.48729792147806006,
        0.3418736553882261,
        0.33719740879645416,
        0.34950385887541346,
        0.456,
        0.2614203454894434,
        0.39951179820992677,
        0.3930704898446834,
        0.2965927281042762,
        0.34094234708808896,
        0.2847287550956413,
        0.39137254901960783,
        0.6888331242158093,
        0.0,
        0.0,
        0.03700497727764553,
        0.013511339874537558,
        0.03686826843413422,
        0.0,
        0.0,
        0.0,
        0.05185185185185185,
        0.03268983268983269,
        0.14981899192425507,
        0.0,
        0.0,
        0.014890282131661442,
        0.051626591230551626,
        0.14932680538555693,
        0.1360030222893842,
        0.0,
        0.11525307797537619,
        0.11824324324324324,
        0.040694907187053785,
        0.12165075454265475,
        0.18781961878196188,
        0.15384615384615385,
        0.0,
        0.17585301837270342,
        0.30515970515970514,
        0.18676585747846516,
        0.09136649514008005,
        0.10832580548027702,
        NaN,
        NaN,
        NaN,
        NaN,
        NaN,
        NaN,
        NaN,
        NaN,
        NaN,
        NaN,
        NaN,
        NaN,
        NaN,
        NaN,
        NaN,
        NaN,
        NaN,
        NaN,
        NaN,
        NaN,
        NaN,
        NaN,
        NaN,
        NaN,
        NaN,
        NaN,
        NaN,
        NaN,
        NaN,
        NaN,
        NaN,
        NaN,
        NaN,
        NaN,
        NaN,
        NaN,
        NaN,
        NaN,
        NaN,
        NaN,
        NaN,
        NaN,
        NaN,
        NaN,
        NaN,
        NaN,
        NaN,
        NaN,
        NaN,
        NaN,
        NaN,
        NaN,
        NaN,
        NaN,
        NaN,
        NaN,
        NaN,
        NaN,
        NaN,
        NaN,
        NaN,
        NaN,
        NaN,
        NaN,
        NaN,
        NaN,
        NaN,
        NaN,
        NaN,
        NaN,
        NaN,
        NaN,
        NaN,
        NaN,
        NaN,
        NaN,
        NaN,
        NaN,
        NaN,
        NaN,
        NaN,
        NaN,
        NaN,
        NaN,
        NaN,
        NaN,
        NaN,
        NaN,
        NaN,
        NaN,
        NaN,
        NaN,
        NaN,
        NaN,
        NaN,
        NaN,
        NaN,
        NaN,
        NaN,
        NaN
    ],
    "image_classes": [
        1,
        1,
        1,
        1,
        1,
        1,
        1,
        1,
        1,
        1,
        1,
        1,
        1,
        1,
        1,
        1,
        1,
        1,
        1,
        1,
        1,
        1,
        1,
        1,
        1,
        1,
        1,
        1,
        1,
        1,
        1,
        1,
        1,
        1,
        1,
        1,
        1,
        1,
        1,
        1,
        1,
        1,
        1,
        1,
        1,
        1,
        1,
        1,
        1,
        1,
        1,
        1,
        1,
        1,
        1,
        1,
        1,
        1,
        1,
        1,
        1,
        1,
        1,
        1,
        1,
        1,
        1,
        1,
        1,
        1,
        1,
        1,
        1,
        1,
        1,
        1,
        1,
        1,
        1,
        1,
        1,
        1,
        1,
        1,
        1,
        1,
        1,
        1,
        1,
        1,
        1,
        1,
        1,
        1,
        1,
        1,
        1,
        1,
        1,
        1,
        0,
        0,
        0,
        0,
        0,
        0,
        0,
        0,
        0,
        0,
        0,
        0,
        0,
        0,
        0,
        0,
        0,
        0,
        0,
        0,
        0,
        0,
        0,
        0,
        0,
        0,
        0,
        0,
        0,
        0,
        0,
        0,
        0,
        0,
        0,
        0,
        0,
        0,
        0,
        0,
        0,
        0,
        0,
        0,
        0,
        0,
        0,
        0,
        0,
        0,
        0,
        0,
        0,
        0,
        0,
        0,
        0,
        0,
        0,
        0,
        0,
        0,
        0,
        0,
        0,
        0,
        0,
        0,
        0,
        0,
        0,
        0,
        0,
        0,
        0,
        0,
        0,
        0,
        0,
        0,
        0,
        0,
        0,
        0,
        0,
        0,
        0,
        0,
        0,
        0,
        0,
        0,
        0,
        0,
        0,
        0,
        0,
        0,
        0,
        0
    ],