{
    "shared_fpr_metric": "mean-per-image-fpr",
    "fpr_lower_bound": 1e-05,
    "fpr_upper_bound": 0.0001,
    "num_threshs": 6906,
    "thresh_lower_bound": 0.7045983076095581,
    "thresh_upper_bound": 0.8418104648590088,
    "aupimos": [
        0.002765387135300139,
        0.6087907335996067,
        0.8146750731012323,
        0.7971598868037014,
        0.13347364840025516,
        0.772192540936997,
        0.001069011600117154,
        0.5404384193556205,
        0.7777833356495018,
        0.7947073394458514,
        0.8192720580901921,
        0.9411531799615839,
        0.5373165107603373,
        0.26819727581461555,
        0.9184393755557493,
        0.0,
        0.9167474535828263,
        0.0,
        0.0,
        0.16753463471111382,
        0.0,
        0.2533528103858629,
        0.0,
        0.1552168725113972,
        0.0,
        0.0,
        0.0,
        0.0,
        0.18468686547903104,
        0.0,
        0.5217031123725213,
        0.0,
        0.5191499616971761,
        0.19948580521378775,
        0.11647154138304754,
        0.0,
        0.32571370028453633,
        0.0,
        0.15621925192418792,
        0.15473785208164065,
        0.857393239678215,
        0.9856700663954434,
        0.49261793182678026,
        0.9867043185830251,
        0.9499121668102242,
        0.9074448335674903,
        0.9581243063287638,
        0.11054796146248129,
        0.0,
        0.006526353571830894,
        0.9464493400379456,
        0.0,
        0.0,
        0.2063655089843626,
        0.9191080425592371,
        0.8863898022140329,
        0.2220386811174781,
        0.0,
        0.0,
        0.9436281847190211,
        0.0654051902405407,
        0.0,
        0.0,
        0.18655650557773565,
        0.2484262368463742,
        0.26380081309639325,
        0.013877818119459973,
        0.0,
        0.6855822451317015,
        0.09774444620631192,
        0.9527252397830326,
        0.4642865491392541,
        0.6844180563774249,
        0.0,
        0.0006767064627351539,
        0.0,
        0.0,
        2.9644188168611202e-05,
        0.08150273830562163,
        0.07649947785191454,
        0.2283911339879515,
        0.0006310761270147985,
        0.4347209163692024,
        0.15430550995107664,
        0.049639334718681635,
        0.07194316498522343,
        0.4598508916044045,
        0.10777585356835984,
        0.07182077091365353,
        0.13601411531714783,
        0.3596634604266582,
        3.8120488463687535e-05,
        0.5147190533232163,
        0.28340302082327035,
        0.001756809361046667,
        0.22578951096558772,
        0.0,
        0.031868145436175874,
        0.14769490259097912,
        0.5491895174085054,
        NaN,
        NaN,
        NaN,
        NaN,
        NaN,
        NaN,
        NaN,
        NaN,
        NaN,
        NaN,
        NaN,
        NaN,
        NaN,
        NaN,
        NaN,
        NaN,
        NaN,
        NaN,
        NaN,
        NaN,
        NaN,
        NaN,
        NaN,
        NaN,
        NaN,
        NaN,
        NaN,
        NaN,
        NaN,
        NaN,
        NaN,
        NaN,
        NaN,
        NaN,
        NaN,
        NaN,
        NaN,
        NaN,
        NaN,
        NaN,
        NaN,
        NaN,
        NaN,
        NaN,
        NaN,
        NaN,
        NaN,
        NaN,
        NaN,
        NaN,
        NaN,
        NaN,
        NaN,
        NaN,
        NaN,
        NaN,
        NaN,
        NaN,
        NaN,
        NaN,
        NaN,
        NaN,
        NaN,
        NaN,
        NaN,
        NaN,
        NaN,
        NaN,
        NaN,
        NaN,
        NaN,
        NaN,
        NaN,
        NaN,
        NaN,
        NaN,
        NaN,
        NaN,
        NaN,
        NaN,
        NaN,
        NaN,
        NaN,
        NaN,
        NaN,
        NaN,
        NaN,
        NaN,
        NaN,
        NaN,
        NaN,
        NaN,
        NaN,
        NaN,
        NaN,
        NaN,
        NaN,
        NaN,
        NaN,
        NaN
    ],