{
    "shared_fpr_metric": "mean-per-image-fpr",
    "fpr_lower_bound": 1e-05,
    "fpr_upper_bound": 0.0001,
    "num_threshs": 5724,
    "thresh_lower_bound": -0.3476683497428894,
    "thresh_upper_bound": -0.23414866626262665,
    "aupimos": [
        0.5944131822042646,
        0.6920577303591133,
        0.9146729583991808,
        0.0,
        0.9161729581889662,
        0.2512351124927063,
        0.6722179396226764,
        0.8264091197416749,
        0.7855630340546014,
        0.4991738325520007,
        0.4123654307605187,
        0.7658847627852531,
        0.0,
        0.36622154562984716,
        0.28670640368050104,
        0.0,
        0.3171337594520114,
        0.8120123977749109,
        0.0,
        0.6183905093797367,
        0.4657237123466021,
        0.0,
        0.4255199939721561,
        0.0,
        0.7826387208251597,
        0.42641730747717166,
        0.0,
        0.0,
        0.0,
        0.6890312445530586,
        0.15958836864926618,
        0.4095754354565133,
        0.28730234457398063,
        0.5779944327715671,
        0.46453330628523815,
        0.2987556700154698,
        0.994225562846433,
        0.8431831716268512,
        0.9984568641071957,
        0.9808988919635981,
        0.992278585202658,
        0.0,
        0.3934687503845554,
        0.030323826856045843,
        0.2524968465914012,
        0.0,
        0.0,
        0.0,
        0.0,
        0.0,
        0.0,
        0.0,
        0.0,
        0.0,
        0.00471450098562822,
        0.0,
        0.0,
        0.0,
        0.0,
        0.0,
        0.0,
        0.0,
        0.0,
        0.0,
        0.0,
        0.0,
        0.0,
        0.0,
        0.0,
        0.0,
        0.0,
        0.0691384538123608,
        0.3509508086389787,
        0.0,
        0.0,
        0.0,
        0.0,
        8.497976478476959e-06,
        0.0,
        0.0,
        0.0,
        0.0,
        0.0,
        0.0,
        0.0,
        0.0,
        0.0,
        0.0,
        0.0,
        0.019059662996527137,
        0.03426086015804588,
        0.0009513467911968923,
        0.0,
        0.0,
        0.0,
        0.0014196641045218412,
        0.044038323748341365,
        0.0,
        0.0,
        0.0,
        NaN,
        NaN,
        NaN,
        NaN,
        NaN,
        NaN,
        NaN,
        NaN,
        NaN,
        NaN,
        NaN,
        NaN,
        NaN,
        NaN,
        NaN,
        NaN,
        NaN,
        NaN,
        NaN,
        NaN,
        NaN,
        NaN,
        NaN,
        NaN,
        NaN,
        NaN,
        NaN,
        NaN,
        NaN,
        NaN,
        NaN,
        NaN,
        NaN,
        NaN,
        NaN,
        NaN,
        NaN,
        NaN,
        NaN,
        NaN,
        NaN,
        NaN,
        NaN,
        NaN,
        NaN,
        NaN,
        NaN,
        NaN,
        NaN,
        NaN,
        NaN,
        NaN,
        NaN,
        NaN,
        NaN,
        NaN,
        NaN,
        NaN,
        NaN,
        NaN,
        NaN,
        NaN,
        NaN,
        NaN,
        NaN,
        NaN,
        NaN,
        NaN,
        NaN,
        NaN,
        NaN,
        NaN,
        NaN,
        NaN,
        NaN,
        NaN,
        NaN,
        NaN,
        NaN,
        NaN,
        NaN,
        NaN,
        NaN,
        NaN,
        NaN,
        NaN,
        NaN,
        NaN,
        NaN,
        NaN,
        NaN,
        NaN,
        NaN,
        NaN,
        NaN,
        NaN,
        NaN,
        NaN,
        NaN,
        NaN
    ],
    "paths": [
        "VisA/visa_pytorch/macaroni2/test/bad/000.JPG",
        "VisA/visa_pytorch/macaroni2/test/bad/001.JPG",
        "VisA/visa_pytorch/macaroni2/test/bad/002.JPG",
        "VisA/visa_pytorch/macaroni2/test/bad/003.JPG",
        "VisA/visa_pytorch/macaroni2/test/bad/004.JPG",
        "VisA/visa_pytorch/macaroni2/test/bad/005.JPG",
        "VisA/visa_pytorch/macaroni2/test/bad/006.JPG",
        "VisA/visa_pytorch/macaroni2/test/bad/007.JPG",
        "VisA/visa_pytorch/macaroni2/test/bad/008.JPG",
        "VisA/visa_pytorch/macaroni2/test/bad/009.JPG",
        "VisA/visa_pytorch/macaroni2/test/bad/010.JPG",
        "VisA/visa_pytorch/macaroni2/test/bad/011.JPG",
        "VisA/visa_pytorch/macaroni2/test/bad/012.JPG",
        "VisA/visa_pytorch/macaroni2/test/bad/013.JPG",
        "VisA/visa_pytorch/macaroni2/test/bad/014.JPG",
        "VisA/visa_pytorch/macaroni2/test/bad/015.JPG",
        "VisA/visa_pytorch/macaroni2/test/bad/016.JPG",
        "VisA/visa_pytorch/macaroni2/test/bad/017.JPG",
        "VisA/visa_pytorch/macaroni2/test/bad/018.JPG",
        "VisA/visa_pytorch/macaroni2/test/bad/019.JPG",
        "VisA/visa_pytorch/macaroni2/test/bad/020.JPG",
        "VisA/visa_pytorch/macaroni2/test/bad/021.JPG",
        "VisA/visa_pytorch/macaroni2/test/bad/022.JPG",
        "VisA/visa_pytorch/macaroni2/test/bad/023.JPG",
        "VisA/visa_pytorch/macaroni2/test/bad/024.JPG",
        "VisA/visa_pytorch/macaroni2/test/bad/025.JPG",
        "VisA/visa_pytorch/macaroni2/test/bad/026.JPG",
        "VisA/visa_pytorch/macaroni2/test/bad/027.JPG",
        "VisA/visa_pytorch/macaroni2/test/bad/028.JPG",
        "VisA/visa_pytorch/macaroni2/test/bad/029.JPG",
        "VisA/visa_pytorch/macaroni2/test/bad/030.JPG",
        "VisA/visa_pytorch/macaroni2/test/bad/031.JPG",
        "VisA/visa_pytorch/macaroni2/test/bad/032.JPG",
        "VisA/visa_pytorch/macaroni2/test/bad/033.JPG",
        "VisA/visa_pytorch/macaroni2/test/bad/034.JPG",
        "VisA/visa_pytorch/macaroni2/test/bad/035.JPG",
        "VisA/visa_pytorch/macaroni2/test/bad/036.JPG",
        "VisA/visa_pytorch/macaroni2/test/bad/037.JPG",
        "VisA/visa_pytorch/macaroni2/test/bad/038.JPG",
        "VisA/visa_pytorch/macaroni2/test/bad/039.JPG",
        "VisA/visa_pytorch/macaroni2/test/bad/040.JPG",
        "VisA/visa_pytorch/macaroni2/test/bad/041.JPG",
        "VisA/visa_pytorch/macaroni2/test/bad/042.JPG",
        "VisA/visa_pytorch/macaroni2/test/bad/043.JPG",
        "VisA/visa_pytorch/macaroni2/test/bad/044.JPG",
        "VisA/visa_pytorch/macaroni2/test/bad/045.JPG",
        "VisA/visa_pytorch/macaroni2/test/bad/046.JPG",
        "VisA/visa_pytorch/macaroni2/test/bad/047.JPG",
        "VisA/visa_pytorch/macaroni2/test/bad/048.JPG",
        "VisA/visa_pytorch/macaroni2/test/bad/049.JPG",
        "VisA/visa_pytorch/macaroni2/test/bad/050.JPG",
        "VisA/visa_pytorch/macaroni2/test/bad/051.JPG",
        "VisA/visa_pytorch/macaroni2/test/bad/052.JPG",
        "VisA/visa_pytorch/macaroni2/test/bad/053.JPG",
        "VisA/visa_pytorch/macaroni2/test/bad/054.JPG",
        "VisA/visa_pytorch/macaroni2/test/bad/055.JPG",
        "VisA/visa_pytorch/macaroni2/test/bad/056.JPG",
        "VisA/visa_pytorch/macaroni2/test/bad/057.JPG",
        "VisA/visa_pytorch/macaroni2/test/bad/058.JPG",
        "VisA/visa_pytorch/macaroni2/test/bad/059.JPG",
        "VisA/visa_pytorch/macaroni2/test/bad/060.JPG",
        "VisA/visa_pytorch/macaroni2/test/bad/061.JPG",
        "VisA/visa_pytorch/macaroni2/test/bad/062.JPG",
        "VisA/visa_pytorch/macaroni2/test/bad/063.JPG",
        "VisA/visa_pytorch/macaroni2/test/bad/064.JPG",
        "VisA/visa_pytorch/macaroni2/test/bad/065.JPG",
        "VisA/visa_pytorch/macaroni2/test/bad/066.JPG",
        "VisA/visa_pytorch/macaroni2/test/bad/067.JPG",
        "VisA/visa_pytorch/macaroni2/test/bad/068.JPG",
        "VisA/visa_pytorch/macaroni2/test/bad/069.JPG",
        "VisA/visa_pytorch/macaroni2/test/bad/070.JPG",
        "VisA/visa_pytorch/macaroni2/test/bad/071.JPG",
        "VisA/visa_pytorch/macaroni2/test/bad/072.JPG",
        "VisA/visa_pytorch/macaroni2/test/bad/073.JPG",
        "VisA/visa_pytorch/macaroni2/test/bad/074.JPG",
        "VisA/visa_pytorch/macaroni2/test/bad/075.JPG",
        "VisA/visa_pytorch/macaroni2/test/bad/076.JPG",
        "VisA/visa_pytorch/macaroni2/test/bad/077.JPG",
        "VisA/visa_pytorch/macaroni2/test/bad/078.JPG",
