{
    "avg_iou": 0.21724262311440337,
    "thresh": 2.12692928314209,
    "ious_at_thresh": [
        0.0,
        0.058842866535174225,
        0.06217578724336962,
        0.058028189219237525,
        0.10162065391500989,
        0.05694472771772384,
        0.09660938225731537,
        0.06417708416275181,
        0.10499269909019432,
        0.09912700062357098,
        0.17385616414776053,
        0.1700843863407809,
        0.12100091407678246,
        0.1313926593930332,
        0.0659590814671485,
        0.0,
        0.14467772240829999,
        0.39693048450195606,
        0.3554578168732507,
        0.4929768150279235,
        0.31149455111572394,
        0.11158816527801395,
        0.33688051079355424,
        0.2119815668202765,
        0.0,
        0.0,
        0.4085746734809767,
        0.0,
        0.17469004802859378,
        0.24126394052044609,
        0.2521707001662664,
        0.2623083131557708,
        0.2263563477854752,
        0.27078980359381527,
        0.5083150702591208,
        0.2782537739698082,
        0.5229824561403509,
        0.0,
        0.3031767121633048,
        0.3490688609787787,
        0.5770011780753969,
        0.58656596691438,
        0.2648027157503284,
        0.49631227657536275,
        0.679236749602116,
        0.6477699177887636,
        0.5970010607382488,
        0.19091987125190582,
        0.0,
        0.04172028966020629,
        0.5641601637155912,
        0.07899563594965531,
        0.10401849993455212,
        0.33282674772036475,
        0.6830752913779786,
        0.6965296025376986,
        0.34304199533515395,
        0.0,
        0.0,
        0.649132915141728,
        0.2989247311827957,
        0.0,
        0.6133900928792569,
        0.18906101802086628,
        0.21974868902740674,
        0.1577330671171863,
        0.2680064022763649,
        0.0,
        0.12546047038821195,
        0.12623875590791278,
        0.17610844728585806,
        0.23150648348713687,
        0.15177020708082833,
        0.0,
        0.3324789454412303,
        0.0,
        0.0,
        0.12438450010704347,
        0.5217391304347826,
        0.0,
        0.249692799213566,
        0.0,
        0.08354361317602128,
        0.0,
        0.0457197372766301,
        0.0,
        0.2926429960094137,
        0.17973430580880437,
        0.2864303178484108,
        0.24494784876140807,
        0.3701573521432447,
        0.0,
        0.2573853047305603,
        0.15977301387137452,
        0.21547169811320754,
        0.25412788952266585,
        0.0,
        0.0,
        0.301101792468344,
        0.1891218945388148,
        NaN,
        NaN,
        NaN,
        NaN,
        NaN,
        NaN,
        NaN,
        NaN,
        NaN,
        NaN,
        NaN,
        NaN,
        NaN,
        NaN,
        NaN,
        NaN,
        NaN,
        NaN,
        NaN,
        NaN,
        NaN,
        NaN,
        NaN,
        NaN,
        NaN,
        NaN,
        NaN,
        NaN,
        NaN,
        NaN,
        NaN,
        NaN,
        NaN,
        NaN,
        NaN,
        NaN,
        NaN,
        NaN,
        NaN,
        NaN,
        NaN,
        NaN,
        NaN,
        NaN,
        NaN,
        NaN,
        NaN,
        NaN,
        NaN,
        NaN,
        NaN,
        NaN,
        NaN,
        NaN,
        NaN,
        NaN,
        NaN,
        NaN,
        NaN,
        NaN,
        NaN,
        NaN,
        NaN,
        NaN,
        NaN,
        NaN,
        NaN,
        NaN,
        NaN,
        NaN,
        NaN,
        NaN,
        NaN,
        NaN,
        NaN,
        NaN,
        NaN,
        NaN,
        NaN,
        NaN,
        NaN,
        NaN,
        NaN,
        NaN,
        NaN,
        NaN,
        NaN,
        NaN,
        NaN,
        NaN,
        NaN,
        NaN,
        NaN,
        NaN,
        NaN,
        NaN,
        NaN,
        NaN,
        NaN,
        NaN
    ],
    "image_classes": [
        1,
        1,
        1,
        1,
        1,
        1,
        1,
        1,
        1,
        1,
        1,
        1,
        1,
        1,
        1,
        1,
        1,
        1,
        1,
        1,
        1,
        1,
        1,
        1,
        1,
        1,
        1,
        1,
        1,
        1,
        1,
        1,
        1,
        1,
        1,
        1,
        1,
        1,
        1,
        1,
        1,
        1,
        1,
        1,
        1,
        1,
        1,
        1,
        1,
        1,
        1,
        1,
        1,
        1,
        1,
        1,
        1,
        1,
        1,
        1,
        1,
        1,
        1,
        1,
        1,
        1,
        1,
        1,
        1,
        1,
        1,
        1,
        1,
        1,
        1,
        1,
        1,
        1,
        1,
        1,
        1,
        1,
        1,
        1,
        1,
        1,
        1,
        1,
        1,
        1,
        1,
        1,
        1,
        1,
        1,
        1,
        1,
        1,
        1,
        1,
        0,
        0,
        0,
        0,
        0,
        0,
        0,
        0,
        0,
        0,
        0,
        0,
        0,
        0,
        0,
        0,
        0,
        0,
        0,
        0,
        0,
        0,
        0,
        0,
        0,
        0,
        0,
        0,
        0,
        0,
        0,
        0,
        0,
        0,
        0,
        0,
        0,
        0,
        0,
        0,
        0,
        0,
        0,
        0,
        0,
        0,
        0,
        0,
        0,
        0,
        0,
        0,
        0,
        0,
        0,
        0,
        0,
        0,
        0,
        0,
        0,
        0,
        0,
        0,
        0,
        0,
        0,
        0,
        0,
        0,
        0,
        0,
        0,
        0,
        0,
        0,
        0,
        0,
        0,
        0,
        0,
        0,
        0,
        0,
        0,
        0,
        0,
        0,
        0,
        0,
        0,
        0,
        0,
        0,
        0,
        0,
        0,
        0,
        0,
        0
    ],