{
    "shared_fpr_metric": "mean-per-image-fpr",
    "fpr_lower_bound": 1e-05,
    "fpr_upper_bound": 0.0001,
    "num_threshs": 2187,
    "thresh_lower_bound": -0.16005867719650269,
    "thresh_upper_bound": -0.1068916842341423,
    "aupimos": [
        0.009426136603806166,
        0.18764545323532128,
        0.011426972516483535,
        0.0,
        0.007591692386270479,
        0.03352272972039954,
        0.1614915314589083,
        0.015783279746486894,
        0.0003573823776852509,
        0.0,
        0.6135016093810471,
        0.15723327594909184,
        0.0018774665278741267,
        0.08246521121085945,
        0.019767138869155307,
        0.32290497856086325,
        0.010927149061926711,
        0.16655186374485492,
        0.0012564456043394662,
        0.047094381336337594,
        7.220107723019004e-05,
        0.021421722706807245,
        0.011393194838741114,
        0.09206786559150586,
        0.0196304921694909,
        0.009522018626292287,
        0.110984779128344,
        0.14184727526808016,
        0.023944377958158798,
        0.14286252955824386,
        0.04465695870458336,
        0.0015662644144565803,
        0.9288474928784645,
        0.2666663767096831,
        0.035590405211268744,
        0.2261890792428286,
        0.8121577103561202,
        0.2984958112218091,
        0.0,
        0.16570183618961254,
        0.02626064831495198,
        0.5595792164571095,
        0.022517649967921268,
        0.4728359893956368,
        0.008831637204237065,
        0.6403377759515143,
        0.0,
        0.00013946712895851314,
        0.036408225954465155,
        0.6460698766443751,
        0.06321586240832777,
        0.00714737611423801,
        0.568337026284309,
        0.5739835879933757,
        0.1600071858644931,
        0.004838412127360746,
        0.17763883971360464,
        0.5167642096435435,
        0.0,
        0.0,
        0.005973070362712695,
        0.2798415179730618,
        0.37478804905645874,
        0.15882646976270323,
        0.00039546531573622526,
        0.3508750922788053,
        0.16762237719800613,
        0.0,
        0.643395364354968,
        0.11821977080095063,
        0.00024216160941986287,
        0.15780716151091517,
        0.0,
        0.7551957627479426,
        0.4032761139676146,
        0.0,
        0.009312660056170687,
        0.00185156906340283,
        0.0,
        0.0,
        0.09572514219617606,
        0.11845740429223447,
        0.0,
        0.010959561828289133,
        0.2897539634001326,
        0.0,
        0.07678792744251245,
        0.14810995169134203,
        0.009283662325300162,
        0.47678733347842456,
        0.1594831281789554,
        0.007655914648720467,
        0.04266724742925268,
        0.06055813733100182,
        0.6303201437429371,
        0.016785071925821664,
        0.0,
        0.010940043496847558,
        0.11675357534756736,
        0.8864871942649846,
        NaN,
        NaN,
        NaN,
        NaN,
        NaN,
        NaN,
        NaN,
        NaN,
        NaN,
        NaN,
        NaN,
        NaN,
        NaN,
        NaN,
        NaN,
        NaN,
        NaN,
        NaN,
        NaN,
        NaN,
        NaN,
        NaN,
        NaN,
        NaN,
        NaN,
        NaN,
        NaN,
        NaN,
        NaN,
        NaN,
        NaN,
        NaN,
        NaN,
        NaN,
        NaN,
        NaN,
        NaN,
        NaN,
        NaN,
        NaN,
        NaN,
        NaN,
        NaN,
        NaN,
        NaN,
        NaN,
        NaN,
        NaN,
        NaN,
        NaN,
        NaN,
        NaN,
        NaN,
        NaN,
        NaN,
        NaN,
        NaN,
        NaN,
        NaN,
        NaN,
        NaN,
        NaN,
        NaN,
        NaN,
        NaN,
        NaN,
        NaN,
        NaN,
        NaN,
        NaN,
        NaN,
        NaN,
        NaN,
        NaN,
        NaN,
        NaN,
        NaN,
        NaN,
        NaN,
        NaN,
        NaN,
        NaN,
        NaN,
        NaN,
        NaN,
        NaN,
        NaN,
        NaN,
        NaN,
        NaN,
        NaN,
        NaN,
        NaN,
        NaN,
        NaN,
        NaN,
        NaN,
        NaN,
        NaN,
        NaN,
        NaN
    ],