{
    "shared_fpr_metric": "mean-per-image-fpr",
    "fpr_lower_bound": 1e-05,
    "fpr_upper_bound": 0.0001,
    "num_threshs": 3371,
    "thresh_lower_bound": 0.6708767414093018,
    "thresh_upper_bound": 0.7257739901542664,
    "aupimos": [
        0.7839017705707672,
        0.9105048086165272,
        0.5862394663932925,
        0.7636921154977097,
        0.9985432573863015,
        0.9481965714198384,
        0.98971546387703,
        0.9573369112200398,
        0.24716770387288084,
        0.9842880682421135,
        0.9983868753621001,
        0.9999080198806773,
        0.984125436860737,
        0.0,
        0.0008546631820968796,
        0.08328575329540171,
        0.05056350601413059,
        0.0,
        0.0477147262934935,
        0.006345062933606888,
        0.0,
        0.0139917251421627,
        0.014721119999235931,
        0.15618881772113533,
        0.0,
        0.530434560531333,
        0.9469995509796105,
        0.6816201133391395,
        0.6161913735061059,
        0.29470204928108096,
        0.5788286448278711,
        0.8904840585219878,
        0.11762072159945453,
        0.6629021285482005,
        0.031228592508023338,
        0.8506434684644828,
        0.2541369708983605,
        0.24038422177522625,
        0.008105927561424245,
        0.1752517918680159,
        0.5432466259483782,
        0.007599814616910628,
        0.33678786030879354,
        0.09193809169556015,
        0.1235921014176372,
        0.26511357359346555,
        0.026472612808729562,
        0.4636143747615659,
        0.3190529094094569,
        0.5651408844356793,
        0.5938022960222484,
        0.9833627129279556,
        0.7512904177805884,
        0.11380192276185408,
        0.03986061449326954,
        0.8238260420278446,
        0.8553674749367745,
        0.3287003981754928,
        0.07934994254879701,
        0.3794795968746908,
        NaN,
        NaN,
        NaN,
        NaN,
        NaN,
        NaN,
        NaN,
        NaN,
        NaN,
        NaN,
        NaN,
        NaN,
        NaN,
        NaN,
        NaN,
        NaN,
        NaN,
        NaN,
        NaN,
        NaN,
        NaN,
        NaN,
        NaN,
        NaN,
        NaN,
        NaN,
        NaN,
        NaN,
        NaN,
        NaN,
        NaN,
        NaN,
        NaN,
        NaN,
        NaN,
        NaN,
        NaN,
        NaN,
        NaN,
        NaN,
        NaN,
        NaN,
        NaN,
        NaN,
        NaN,
        NaN,
        NaN,
        NaN,
        NaN,
        NaN,
        NaN,
        NaN,
        NaN,
        NaN,
        NaN,
        NaN,
        NaN,
        NaN,
        0.8312739878937115,
        0.9429901782417435,
        0.9225137394266851,
        0.9573770724284262,
        0.8677956178782252,
        0.9079844885105407,
        0.9979799531898539,
        0.9971576584660637,
        0.9607484664857459,
        0.9820726952044876,
        0.8436326544349584,
        0.8527539947884434,
        0.0,
        0.6820899214144429,
        0.10519211841923636,
        0.7632398095221823,
        0.32929176567996093,
        0.007568286495043309,
        0.005605298209488402,
        0.0013457542188302135,
        0.0008598332370348758,
        0.9053314466752953,
        0.1370214056586032,
        0.27636213094440387,
        0.4537338704816039,
        0.008230757020806159,
        0.0,
        0.9387538540977588,
        0.008903989353517553,
        0.05815366111952583,
        0.023306653583949722,
        0.01438784625248961
    ],
    "paths": [
        "MVTec/cable/test/bent_wire/000.png",
        "MVTec/cable/test/bent_wire/001.png",
        "MVTec/cable/test/bent_wire/002.png",
        "MVTec/cable/test/bent_wire/003.png",
        "MVTec/cable/test/bent_wire/004.png",
        "MVTec/cable/test/bent_wire/005.png",
        "MVTec/cable/test/bent_wire/006.png",
        "MVTec/cable/test/bent_wire/007.png",
        "MVTec/cable/test/bent_wire/008.png",
        "MVTec/cable/test/bent_wire/009.png",
        "MVTec/cable/test/bent_wire/010.png",
        "MVTec/cable/test/bent_wire/011.png",
        "MVTec/cable/test/bent_wire/012.png",
        "MVTec/cable/test/cable_swap/000.png",
        "MVTec/cable/test/cable_swap/001.png",
        "MVTec/cable/test/cable_swap/002.png",
        "MVTec/cable/test/cable_swap/003.png",
        "MVTec/cable/test/cable_swap/004.png",
        "MVTec/cable/test/cable_swap/005.png",
        "MVTec/cable/test/cable_swap/006.png",
        "MVTec/cable/test/cable_swap/007.png",
        "MVTec/cable/test/cable_swap/008.png",
        "MVTec/cable/test/cable_swap/009.png",
        "MVTec/cable/test/cable_swap/010.png",
        "MVTec/cable/test/cable_swap/011.png",
        "MVTec/cable/test/combined/000.png",
        "MVTec/cable/test/combined/001.png",
        "MVTec/cable/test/combined/002.png",
        "MVTec/cable/test/combined/003.png",
        "MVTec/cable/test/combined/004.png",
        "MVTec/cable/test/combined/005.png",
        "MVTec/cable/test/combined/006.png",
        "MVTec/cable/test/combined/007.png",
        "MVTec/cable/test/combined/008.png",
        "MVTec/cable/test/combined/009.png",
        "MVTec/cable/test/combined/010.png",
        "MVTec/cable/test/cut_inner_insulation/000.png",
        "MVTec/cable/test/cut_inner_insulation/001.png",
        "MVTec/cable/test/cut_inner_insulation/002.png",
        "MVTec/cable/test/cut_inner_insulation/003.png",
        "MVTec/cable/test/cut_inner_insulation/004.png",
        "MVTec/cable/test/cut_inner_insulation/005.png",
        "MVTec/cable/test/cut_inner_insulation/006.png",
        "MVTec/cable/test/cut_inner_insulation/007.png",
        "MVTec/cable/test/cut_inner_insulation/008.png",
        "MVTec/cable/test/cut_inner_insulation/009.png",
        "MVTec/cable/test/cut_inner_insulation/010.png",
        "MVTec/cable/test/cut_inner_insulation/011.png",
        "MVTec/cable/test/cut_inner_insulation/012.png",
        "MVTec/cable/test/cut_inner_insulation/013.png",
        "MVTec/cable/test/cut_outer_insulation/000.png",
        "MVTec/cable/test/cut_outer_insulation/001.png",
        "MVTec/cable/test/cut_outer_insulation/002.png",
        "MVTec/cable/test/cut_outer_insulation/003.png",
        "MVTec/cable/test/cut_outer_insulation/004.png",
        "MVTec/cable/test/cut_outer_insulation/005.png",
        "MVTec/cable/test/cut_outer_insulation/006.png",
        "MVTec/cable/test/cut_outer_insulation/007.png",
        "MVTec/cable/test/cut_outer_insulation/008.png",
        "MVTec/cable/test/cut_outer_insulation/009.png",
        "MVTec/cable/test/good/000.png",
        "MVTec/cable/test/good/001.png",
        "MVTec/cable/test/good/002.png",
        "MVTec/cable/test/good/003.png",
        "MVTec/cable/test/good/004.png",
        "MVTec/cable/test/good/005.png",
        "MVTec/cable/test/good/006.png",
        "MVTec/cable/test/good/007.png",
        "MVTec/cable/test/good/008.png",
        "MVTec/cable/test/good/009.png",
        "MVTec/cable/test/good/010.png",
        "MVTec/cable/test/good/011.png",
        "MVTec/cable/test/good/012.png",
        "MVTec/cable/test/good/013.png",
        "MVTec/cable/test/good/014.png",
        "MVTec/cable/test/good/015.png",
        "MVTec/cable/test/good/016.png",
        "MVTec/cable/test/good/017.png",
        "MVTec/cable/test/good/018.png",
        "MVTec/cable/test/good/019.png",
        "MVTec/cable/test/good/020.png",
        "MVTec/cable/test/good/021.png",
        "MVTec/cable/test/good/022.png",
        "MVTec/cable/test/good/023.png",
        "MVTec/cable/test/good/024.png",
        "MVTec/cable/test/good/025.png",
        "MVTec/cable/test/good/026.png",
        "MVTec/cable/test/good/027.png",
        "MVTec/cable/test/good/028.png",
        "MVTec/cable/test/good/029.png",
        "MVTec/cable/test/good/030.png",
        "MVTec/cable/test/good/031.png",
        "MVTec/cable/test/good/032.png",
        "MVTec/cable/test/good/033.png",
