{
    "shared_fpr_metric": "mean-per-image-fpr",
    "fpr_lower_bound": 1e-05,
    "fpr_upper_bound": 0.0001,
    "num_threshs": 1831,
    "thresh_lower_bound": 0.5314439535140991,
    "thresh_upper_bound": 0.5663835406303406,
    "aupimos": [
        NaN,
        NaN,
        NaN,
        NaN,
        NaN,
        NaN,
        0.0,
        0.0027595955593875646,
        0.014852052329826637,
        0.06155896001731797,
        0.0,
        0.0,
        0.12064114645195759,
        0.013710740634785527,
        0.0,
        0.007819293713904996,
        0.0,
        0.013773954554096898,
        NaN,
        NaN,
        NaN,
        NaN,
        NaN,
        NaN,
        NaN,
        NaN,
        NaN,
        NaN,
        0.0,
        0.0,
        0.0,
        0.0,
        0.06158639878007205,
        0.24213587940324272,
        0.5051810233514117,
        0.0,
        0.0,
        0.10924392964285476,
        0.0002634352348291237,
        0.0,
        0.15703193749932398,
        0.13173968006930356,
        0.23416537921970018,
        0.6202621577548322,
        0.10922345521842378,
        0.03705789871719908,
        0.2739669879965052,
        0.17646589844888722,
        0.0598317742034699,
        0.35343390967200083,
        0.0,
        NaN,
        NaN,
        NaN,
        0.0,
        0.5196799330968508,
        0.9817273298286052,
        0.9864380428178581,
        0.9295646520557498,
        0.8799278796912652,
        0.9310974076087267,
        0.916353548705531,
        0.9366363299549089,
        0.8979621048476373,
        0.7942441083971498,
        0.9105507961941357,
        0.8833000404433097,
        0.8455120881027046,
        0.8793514188589799,
        0.6442892107003173,
        0.45769066392576085,
        0.6186416225518164,
        0.5167569236182142,
        0.6892318892759374,
        0.6708946358024747,
        0.6634319648000387,
        0.6542108360826185,
        0.6461710583985728,
        0.697856146322911,
        0.6054839309796292,
        0.5481755230561358,
        0.005377916848565411,
        NaN,
        NaN,
        0.0,
        0.0,
        0.0,
        0.009731542552807589,
        0.2837468907677335,
        0.392460798255213,
        0.4224291149762457,
        0.4238474423540197,
        0.40263550511649937,
        0.37419070140801264,
        0.4933664429348701,
        0.6713269828611794,
        0.8735895887034969,
        0.856627576281431,
        0.8423136287500932,
        0.0,
        NaN,
        NaN,
        NaN,
        NaN,
        NaN,
        NaN,
        NaN,
        0.0004083155553310605,
        0.08613443512455611,
        0.18699139481001234,
        0.4499533315290499,
        0.5783582089552242,
        0.49483896277822453,
        0.18507418006608048,
        0.0,
        0.020156594544108015,
        0.0,
        0.0,
        0.0,
        0.0,
        0.2970859231136203,
        0.006719286733082729,
        0.36998085988014306,
        0.307445841420798,
        0.39677737014629955,
        0.22707588620774444,
        0.23460600811978544,
        0.329650403519059,
        0.3904607019707542,
        0.18430512096277865,
        0.19297687252273785,
        0.2688831764371876,
        0.32805035744075456,
        0.250197301566664,
        0.24525275385303147,
        0.293333564070418,
        0.2154358761053083,
        0.11110662143870678,
        0.0,
        0.0,
        0.0,
        0.016491533180085192,
        0.05090328886016957,
        0.4658905089720823,
        0.7336676801669256,
        0.6562035343102461,
        0.6398463013847856,
        0.6031724003332686,
        0.6282249961424294,
        0.7601006681214083,
        0.0,
        0.028406731581417353,
        0.011529976923140395,
        0.0,
        0.0,
        0.0,
        0.0,
        0.0,
        0.0,
        0.0,
        0.0,
        0.0,
        0.0,
        0.0,
        0.0,
        0.0,
        0.0,
        0.0,
        0.0,
        0.0,
        0.0,
        0.0,
        0.0,
        0.0,
        0.0,
        0.0,
        0.0,
        0.0,
        0.0,
        0.0,
        0.0,
        0.0,
        0.0,
        NaN,
        NaN,
        NaN,
        NaN,
        NaN,
        NaN,
        NaN,
        NaN,
        NaN,
        0.0,
        0.0,
        0.0,
        0.0,
        0.0,
        0.0,
        0.0,
        0.0,
        0.0
    ],