{
    "shared_fpr_metric": "mean-per-image-fpr",
    "fpr_lower_bound": 1e-05,
    "fpr_upper_bound": 0.0001,
    "num_threshs": null,
    "thresh_lower_bound": -0.29504191875457764,
    "thresh_upper_bound": -0.26180046796798706,
    "aupimos": [
        0.0,
        0.9695943325755908,
        0.8334199327527471,
        0.9944155946189132,
        0.9354199842613775,
        0.7855912111798986,
        0.7198790880770238,
        0.0,
        0.7963447265880229,
        0.9478218563020316,
        0.763531550567816,
        0.2241998342199774,
        0.4557762425472221,
        1.0,
        0.0,
        0.03437030549359163,
        0.05413816825274521,
        0.0,
        0.5330694589195488,
        0.7782942232241614,
        0.025386723148864646,
        0.5752429411356068,
        1.0,
        0.9907816630782598,
        0.4893973977819807,
        0.03920911619340264,
        0.1884953763138768,
        0.9628861037807216,
        0.1619619886767287,
        0.10990080228562145,
        0.32539380991448696,
        0.10660334375896949,
        0.15960833258318463,
        0.2823045026224701,
        0.2545819401055015,
        0.12360349711614947,
        0.3709128790044035,
        0.8415201839940599,
        0.6197719972416535,
        0.7626246806951943,
        0.0457476537528343,
        0.49591400534125185,
        0.0,
        0.11714102207533418,
        0.04490605918547057,
        0.7877513428536016,
        0.0,
        0.008946933910108057,
        0.6333475874964879,
        0.11833340970781743,
        0.0,
        0.14477312175793297,
        0.0,
        0.4478236871477262,
        0.002037559717787052,
        0.0,
        0.04121709788131087,
        0.27347542111781686,
        0.2879606101126604,
        0.0039356048266280036,
        0.8216126465919297,
        0.37318689774837643,
        0.00438326503615849,
        0.05316369811524318,
        0.0,
        0.02139337501167597,
        0.5373629871366702,
        0.18864714042780098,
        0.5792101245630384,
        0.08084736707324368,
        0.5174924752563339,
        0.0,
        0.0033507244829709642,
        0.0,
        0.29475491196502324,
        0.9915921096342093,
        0.12712102744069534,
        0.15500348506486203,
        0.0,
        4.7048730764187505e-05,
        0.029600839900271646,
        0.2949597379921408,
        0.5123097180144107,
        0.0,
        0.6258195885843457,
        0.0,
        0.0017526808869615604,
        0.0,
        0.23725041550756823,
        0.23232171049274453,
        0.08935372755852794,
        0.10691902974241628,
        0.00030345258680127034,
        0.03493935638961245,
        0.0,
        0.01823960079079353,
        0.2639400115721941,
        0.1201373133961955,
        0.23811621488143977,
        0.45365377444728444,
        0.05489629224699355,
        0.0,
        0.16117773901849503,
        0.0,
        0.37037732922051864,
        0.1723338019367063,
        0.12917636125616033,
        0.3254188918154026,
        NaN,
        NaN,
        NaN,
        NaN,
        NaN,
        NaN,
        NaN,
        NaN,
        NaN,
        NaN,
        NaN,
        NaN,
        NaN,
        NaN,
        NaN,
        NaN,
        NaN,
        NaN,
        NaN,
        NaN,
        NaN,
        NaN,
        NaN,
        NaN,
        NaN,
        NaN,
        0.32940957045555647,
        0.41320284218245623,
        0.09379202943832834,
        0.08433853382304869,
        0.07786153676204288,
        0.22858670926399502,
        0.4227948990145359,
        0.08283775970329307,
        0.09853293253989477,
        0.17385177884265338,
        0.00122142928838011,
        0.0,
        0.3133607644396647,
        0.017297080794380824,
        0.0,
        0.09938858381012095,
        0.0,
        0.0,
        0.010050624784968204,
        0.42159466742111895,
        0.3181900103745759,
        0.0,
        0.0,
        0.0004531243882236021,
        0.0,
        0.0,
        0.0,
        5.163276873874626e-07,
        0.0,
        0.0,
        0.17840852089192424,
        0.0,
        0.08901597799634445
    ],