{
    "avg_iou": 0.1333152877741176,
    "thresh": 32.523162841796875,
    "ious_at_thresh": [
        0.017555415544991123,
        0.5120293079920829,
        0.19389456799867605,
        0.3185777777777778,
        0.1465971521471017,
        0.29640532646443274,
        0.38617354939884996,
        0.0,
        0.22514499259870416,
        0.3795695251110352,
        0.0,
        0.10409498043129942,
        0.07874071453837991,
        0.12440880115155253,
        0.1436087224701571,
        0.0,
        0.10214193548387097,
        0.1966532888919121,
        0.14841862660705857,
        0.0689616672869371,
        0.0,
        0.0,
        0.0,
        0.0,
        0.0,
        0.0,
        0.0,
        0.0,
        0.0,
        0.0,
        0.0,
        0.0,
        0.0,
        0.0,
        0.0,
        0.0,
        0.0,
        0.0,
        0.0,
        0.0,
        0.05829942970845844,
        0.7039652917147265,
        0.4314417004716776,
        0.19747909513561465,
        0.2852310068237327,
        0.3488055650295589,
        0.2301769699220775,
        0.4352072341767846,
        0.35545793717655555,
        0.26173101919711117,
        0.4135379316186228,
        0.35081450760672345,
        0.38702916642312607,
        0.4331631433869931,
        0.2272365692207165,
        0.155117107844465,
        0.24417456209180946,
        0.15175687853844264,
        0.44061350133136046,
        0.28071220410041414,
        0.23416588526127355,
        0.07139403706688155,
        0.0747540750736887,
        0.1047742558132521,
        0.04079805601739353,
        0.0,
        0.0,
        0.23726531800320186,
        0.13565313684569189,
        0.11501382750510454,
        0.17088075348993664,
        0.10618416581719334,
        0.0961035966799877,
        0.1927498705334024,
        0.2120029784065525,
        0.22645745630820258,
        0.4511943600704991,
        0.12044525973484532,
        0.1346849353178467,
        0.21337539432176655,
        0.017987152034261242,
        0.0016543130304006875,
        0.18597560975609756,
        0.0,
        0.03481756474749028,
        0.0,
        0.3182696021629973,
        0.0,
        0.0,
        0.0,
        0.0,
        0.0,
        0.0,
        0.0,
        0.0,
        0.0,
        0.0,
        0.0,
        0.0,
        0.0,
        NaN,
        NaN,
        NaN,
        NaN,
        NaN,
        NaN,
        NaN,
        NaN,
        NaN,
        NaN,
        NaN,
        NaN,
        NaN,
        NaN,
        NaN,
        NaN,
        NaN,
        NaN,
        NaN,
        NaN,
        NaN,
        NaN,
        NaN,
        NaN,
        NaN,
        NaN,
        NaN,
        NaN,
        NaN,
        NaN,
        NaN,
        NaN,
        NaN,
        NaN,
        NaN,
        NaN,
        NaN,
        NaN,
        NaN,
        NaN,
        NaN,
        NaN,
        NaN,
        NaN,
        NaN,
        NaN,
        NaN,
        NaN,
        NaN,
        NaN
    ],
    "image_classes": [
        1,
        1,
        1,
        1,
        1,
        1,
        1,
        1,
        1,
        1,
        1,
        1,
        1,
        1,
        1,
        1,
        1,
        1,
        1,
        1,
        1,
        1,
        1,
        1,
        1,
        1,
        1,
        1,
        1,
        1,
        1,
        1,
        1,
        1,
        1,
        1,
        1,
        1,
        1,
        1,
        1,
        1,
        1,
        1,
        1,
        1,
        1,
        1,
        1,
        1,
        1,
        1,
        1,
        1,
        1,
        1,
        1,
        1,
        1,
        1,
        1,
        1,
        1,
        1,
        1,
        1,
        1,
        1,
        1,
        1,
        1,
        1,
        1,
        1,
        1,
        1,
        1,
        1,
        1,
        1,
        1,
        1,
        1,
        1,
        1,
        1,
        1,
        1,
        1,
        1,
        1,
        1,
        1,
        1,
        1,
        1,
        1,
        1,
        1,
        1,
        0,
        0,
        0,
        0,
        0,
        0,
        0,
        0,
        0,
        0,
        0,
        0,
        0,
        0,
        0,
        0,
        0,
        0,
        0,
        0,
        0,
        0,
        0,
        0,
        0,
        0,
        0,
        0,
        0,
        0,
        0,
        0,
        0,
        0,
        0,
        0,
        0,
        0,
        0,
        0,
        0,
        0,
        0,
        0,
        0,
        0,
        0,
        0,
        0,
        0
    ],