{
    "avg_iou": 0.25812793562687963,
    "thresh": -0.07239671051502228,
    "ious_at_thresh": [
        0.23017964716006883,
        0.3307152982644343,
        0.5869267134641754,
        0.1542395945755713,
        0.21573850200600472,
        0.3865380995210107,
        0.555418961447679,
        0.3992986625320601,
        0.03157601891779107,
        0.3453517563106604,
        0.2845616436176138,
        0.4207590526002588,
        0.542142278334117,
        0.0,
        0.0,
        0.0,
        0.060146222583265636,
        0.0,
        0.0,
        0.0,
        0.0,
        0.0,
        0.05635178604510164,
        0.01657015735924363,
        0.0,
        0.3809351685848129,
        0.2980547231910399,
        0.36069657938663147,
        0.3957035338683148,
        0.25475892934987937,
        0.46320155636310245,
        0.544018258377269,
        0.12219951966161235,
        0.32337242554935586,
        0.05296243318527441,
        0.6278439745620681,
        0.0,
        0.1267753125204529,
        0.0,
        0.02010741909905597,
        0.3154258226741008,
        0.1456032578685809,
        0.0,
        0.20464461646727655,
        0.0,
        0.14595375722543352,
        0.0,
        0.08516355915334085,
        0.08245692548668605,
        0.3093657333298344,
        0.1707384161436323,
        0.23987222848553175,
        0.005111040752634674,
        0.0,
        0.0,
        0.12851190476190477,
        0.17256137710469382,
        0.0,
        0.0,
        0.2529569892473118,
        NaN,
        NaN,
        NaN,
        NaN,
        NaN,
        NaN,
        NaN,
        NaN,
        NaN,
        NaN,
        NaN,
        NaN,
        NaN,
        NaN,
        NaN,
        NaN,
        NaN,
        NaN,
        NaN,
        NaN,
        NaN,
        NaN,
        NaN,
        NaN,
        NaN,
        NaN,
        NaN,
        NaN,
        NaN,
        NaN,
        NaN,
        NaN,
        NaN,
        NaN,
        NaN,
        NaN,
        NaN,
        NaN,
        NaN,
        NaN,
        NaN,
        NaN,
        NaN,
        NaN,
        NaN,
        NaN,
        NaN,
        NaN,
        NaN,
        NaN,
        NaN,
        NaN,
        NaN,
        NaN,
        NaN,
        NaN,
        NaN,
        NaN,
        0.7438384600868089,
        0.717435671695546,
        0.6671115374456076,
        0.77425431711146,
        0.7276811189490426,
        0.6358098198728956,
        0.7815511887896294,
        0.7895011532568985,
        0.663990625845026,
        0.7517155410742496,
        0.7436710974550799,
        0.6479172777940745,
        0.0,
        0.6239949484319091,
        0.29403897592663353,
        0.391612052178647,
        0.4897445604970715,
        0.4203163965087282,
        0.5353912999545294,
        0.1216445803601767,
        0.49962306822465136,
        0.5051229970661251,
        0.0,
        0.22429668963958874,
        0.0,
        0.0,
        0.0,
        0.15199684236965805,
        0.0,
        0.0,
        0.0,
        0.0
    ],
    "image_classes": [
        1,
        1,
        1,
        1,
        1,
        1,
        1,
        1,
        1,
        1,
        1,
        1,
        1,
        1,
        1,
        1,
        1,
        1,
        1,
        1,
        1,
        1,
        1,
        1,
        1,
        1,
        1,
        1,
        1,
        1,
        1,
        1,
        1,
        1,
        1,
        1,
        1,
        1,
        1,
        1,
        1,
        1,
        1,
        1,
        1,
        1,
        1,
        1,
        1,
        1,
        1,
        1,
        1,
        1,
        1,
        1,
        1,
        1,
        1,
        1,
        0,
        0,
        0,
        0,
        0,
        0,
        0,
        0,
        0,
        0,
        0,
        0,
        0,
        0,
        0,
        0,
        0,
        0,
        0,
        0,
        0,
        0,
        0,
        0,
        0,
        0,
        0,
        0,
        0,
        0,
        0,
        0,
        0,
        0,
        0,
        0,
        0,
        0,
        0,
        0,
        0,
        0,
        0,
        0,
        0,
        0,
        0,
        0,
        0,
        0,
        0,
        0,
        0,
        0,
        0,
        0,
        0,
        0,
        1,
        1,
        1,
        1,
        1,
        1,
        1,
        1,
        1,
        1,
        1,
        1,
        1,
        1,
        1,
        1,
        1,
        1,
        1,
        1,
        1,
        1,
        1,
        1,
        1,
        1,
        1,
        1,
        1,
        1,
        1,
        1
    ],