{
    "avg_iou": 0.3015523676892767,
    "thresh": 0.42443978786468506,
    "ious_at_thresh": [
        0.07588699080157688,
        0.09125691957017258,
        0.07779148955619544,
        0.053344762783950415,
        0.06968355468109526,
        0.08746593151843614,
        0.08343667840666699,
        0.09096045197740113,
        0.1348721102709743,
        0.12604397927899355,
        0.1465962300396206,
        0.1506324110671937,
        0.09575603557814485,
        0.1327505687941564,
        0.09111098009158265,
        0.460502366217692,
        0.21333493946877072,
        0.5782560089435439,
        0.2679215058069684,
        0.49223397224058163,
        0.36436558094312105,
        0.13813229571984437,
        0.4955223880597015,
        0.11137657227180099,
        0.05713144226927687,
        0.0,
        0.0,
        0.45604773927014003,
        0.13582383012190327,
        0.528436696198914,
        0.2576414808836881,
        0.19096055191933486,
        0.2970074558267797,
        0.6622768510389231,
        0.5214812439884579,
        0.5263744427934621,
        0.4974966622162884,
        0.0,
        0.3486148221065954,
        0.3408001783127159,
        0.6564232564925591,
        0.7210985349144591,
        0.4564057210820042,
        0.8031991999899158,
        0.6451077943615257,
        0.6739119305091784,
        0.8036678639340799,
        0.24857360213008747,
        0.1556588476921414,
        0.0631517260545426,
        0.7868225641025641,
        0.08904138513513514,
        0.17535028106384765,
        0.21497414029072365,
        0.6706887769539872,
        0.6784219688497942,
        0.20173691031121255,
        0.17398318341806804,
        0.16138604384033695,
        0.7205447863371046,
        0.6485700436257877,
        0.352928225451343,
        0.2593861740166865,
        0.33943916779737676,
        0.193720017444396,
        0.0953851914256295,
        0.4337086203999328,
        0.48918685121107264,
        0.3326848249027237,
        0.32536097085658605,
        0.36858612470204494,
        0.30041199799776674,
        0.07304526748971193,
        0.0,
        0.38006482982171796,
        0.4545755968169761,
        0.44385285575992256,
        0.35989600994687465,
        0.5439381611065908,
        0.552143684820394,
        0.21216447744146202,
        0.520763867838739,
        0.10153791762418243,
        0.0840204161758932,
        0.01906150058019415,
        0.0,
        0.25860327817913464,
        0.18690281985551155,
        0.24708691499522445,
        0.3344814389590509,
        0.43673740053050397,
        0.34338619488495736,
        0.2884900074019245,
        0.16177832664402594,
        0.2514613552717038,
        0.21820048774226672,
        0.4634694642188085,
        0.025493171471927163,
        0.24397951400239729,
        0.26125696101829754,
        NaN,
        NaN,
        NaN,
        NaN,
        NaN,
        NaN,
        NaN,
        NaN,
        NaN,
        NaN,
        NaN,
        NaN,
        NaN,
        NaN,
        NaN,
        NaN,
        NaN,
        NaN,
        NaN,
        NaN,
        NaN,
        NaN,
        NaN,
        NaN,
        NaN,
        NaN,
        NaN,
        NaN,
        NaN,
        NaN,
        NaN,
        NaN,
        NaN,
        NaN,
        NaN,
        NaN,
        NaN,
        NaN,
        NaN,
        NaN,
        NaN,
        NaN,
        NaN,
        NaN,
        NaN,
        NaN,
        NaN,
        NaN,
        NaN,
        NaN,
        NaN,
        NaN,
        NaN,
        NaN,
        NaN,
        NaN,
        NaN,
        NaN,
        NaN,
        NaN,
        NaN,
        NaN,
        NaN,
        NaN,
        NaN,
        NaN,
        NaN,
        NaN,
        NaN,
        NaN,
        NaN,
        NaN,
        NaN,
        NaN,
        NaN,
        NaN,
        NaN,
        NaN,
        NaN,
        NaN,
        NaN,
        NaN,
        NaN,
        NaN,
        NaN,
        NaN,
        NaN,
        NaN,
        NaN,
        NaN,
        NaN,
        NaN,
        NaN,
        NaN,
        NaN,
        NaN,
        NaN,
        NaN,
        NaN,
        NaN
    ],
    "image_classes": [
        1,
        1,
        1,
        1,
        1,
        1,
        1,
        1,
        1,
        1,
        1,
        1,
        1,
        1,
        1,
        1,
        1,
        1,
        1,
        1,
        1,
        1,
        1,
        1,
        1,
        1,
        1,
        1,
        1,
        1,
        1,
        1,
        1,
        1,
        1,
        1,
        1,
        1,
        1,
        1,
        1,
        1,
        1,
        1,
        1,
        1,
        1,
        1,
        1,
        1,
        1,
        1,
        1,
        1,
        1,
        1,
        1,
        1,
        1,
        1,
        1,
        1,
        1,
        1,
        1,
        1,
        1,
        1,
        1,
        1,
        1,
        1,
        1,
        1,
        1,
        1,
        1,
        1,
        1,
        1,
        1,
        1,
        1,
        1,
        1,
        1,
        1,
        1,
        1,
        1,
        1,
        1,
        1,
        1,
        1,
        1,
        1,
        1,
        1,
        1,
        0,
        0,
        0,
        0,
        0,
        0,
        0,
        0,
        0,
        0,
        0,
        0,
        0,
        0,
        0,
        0,
        0,
        0,
        0,
        0,
        0,
        0,
        0,
        0,
        0,
        0,
        0,
        0,
        0,
        0,
        0,
        0,
        0,
        0,
        0,
        0,
        0,
        0,
        0,
        0,
        0,
        0,
        0,
        0,
        0,
        0,
        0,
        0,
        0,
        0,
        0,
        0,
        0,
        0,
        0,
        0,
        0,
        0,
        0,
        0,
        0,
        0,
        0,
        0,
        0,
        0,
        0,
        0,
        0,
        0,
        0,
        0,
        0,
        0,
        0,
        0,
        0,
        0,
        0,
        0,
        0,
        0,
        0,
        0,
        0,
        0,
        0,
        0,
        0,
        0,
        0,
        0,
        0,
        0,
        0,
        0,
        0,
        0,
        0,
        0
    ],