{
    "avg_iou": 0.2693505297287044,
    "thresh": 0.5427964925765991,
    "ious_at_thresh": [
        0.021205821205821207,
        0.08876336493847085,
        0.08707893928534863,
        0.05903816682478289,
        0.07004816192159971,
        0.09681670018725293,
        0.07649253731343283,
        0.09158316633266533,
        0.14548056284283328,
        0.1349233293724891,
        0.16061696658097688,
        0.16145132589731348,
        0.09169698974528614,
        0.13600960256068284,
        0.1014067736814253,
        0.017140468227424748,
        0.23194289830397485,
        0.32786885245901637,
        0.0,
        0.5089995814148179,
        0.33105218135158254,
        0.15155889145496534,
        0.1286624203821656,
        0.11854150504266874,
        0.0,
        0.0,
        0.0,
        0.23318266418505718,
        0.14197586052749217,
        0.33059701492537313,
        0.2920375270627857,
        0.20569015783653363,
        0.35661534610088874,
        0.6933385888845093,
        0.5508090614886731,
        0.13994288045695635,
        0.6282850779510022,
        0.0,
        0.4071018651362984,
        0.38563402889245585,
        0.6601040574865679,
        0.7519828926905132,
        0.6105650017711655,
        0.8423325657517448,
        0.6657034647215598,
        0.6926387608551414,
        0.8408720600736752,
        0.3017326732673267,
        0.21206318812829106,
        0.07732904312263186,
        0.8245476545208712,
        0.1419609745953627,
        0.24603058994901675,
        0.11868621457804486,
        0.6922771351793434,
        0.7024159087111175,
        0.12883542974317938,
        0.19646886281588447,
        0.20624346917450365,
        0.7596364775932309,
        0.4774193548387097,
        0.5011252813203301,
        0.3541666666666667,
        0.2748427672955975,
        0.2453601414052143,
        0.11076813486881158,
        0.3071480848987558,
        0.02789400278940028,
        0.3345088161209068,
        0.33432761620681084,
        0.4462176827322056,
        0.3419411506368028,
        0.07852896446840868,
        0.0,
        0.04419889502762431,
        0.19630796938316075,
        0.014916096954630205,
        0.13267598602096856,
        0.5062611806797853,
        0.6106804478897502,
        0.0,
        0.14169151106229405,
        0.12470371982779471,
        0.0,
        0.00457324995236198,
        0.0,
        0.2998214789063234,
        0.15355371900826445,
        0.2727395411605938,
        0.30771361307298156,
        0.4784452296819788,
        0.3317972350230415,
        0.2940524975080297,
        0.1613726602382303,
        0.28902748002338724,
        0.2546842470506593,
        0.5282966267075551,
        0.0,
        0.2780240658644712,
        0.2992511520737327,
        NaN,
        NaN,
        NaN,
        NaN,
        NaN,
        NaN,
        NaN,
        NaN,
        NaN,
        NaN,
        NaN,
        NaN,
        NaN,
        NaN,
        NaN,
        NaN,
        NaN,
        NaN,
        NaN,
        NaN,
        NaN,
        NaN,
        NaN,
        NaN,
        NaN,
        NaN,
        NaN,
        NaN,
        NaN,
        NaN,
        NaN,
        NaN,
        NaN,
        NaN,
        NaN,
        NaN,
        NaN,
        NaN,
        NaN,
        NaN,
        NaN,
        NaN,
        NaN,
        NaN,
        NaN,
        NaN,
        NaN,
        NaN,
        NaN,
        NaN,
        NaN,
        NaN,
        NaN,
        NaN,
        NaN,
        NaN,
        NaN,
        NaN,
        NaN,
        NaN,
        NaN,
        NaN,
        NaN,
        NaN,
        NaN,
        NaN,
        NaN,
        NaN,
        NaN,
        NaN,
        NaN,
        NaN,
        NaN,
        NaN,
        NaN,
        NaN,
        NaN,
        NaN,
        NaN,
        NaN,
        NaN,
        NaN,
        NaN,
        NaN,
        NaN,
        NaN,
        NaN,
        NaN,
        NaN,
        NaN,
        NaN,
        NaN,
        NaN,
        NaN,
        NaN,
        NaN,
        NaN,
        NaN,
        NaN,
        NaN
    ],
    "image_classes": [
        1,
        1,
        1,
        1,
        1,
        1,
        1,
        1,
        1,
        1,
        1,
        1,
        1,
        1,
        1,
        1,
        1,
        1,
        1,
        1,
        1,
        1,
        1,
        1,
        1,
        1,
        1,
        1,
        1,
        1,
        1,
        1,
        1,
        1,
        1,
        1,
        1,
        1,
        1,
        1,
        1,
        1,
        1,
        1,
        1,
        1,
        1,
        1,
        1,
        1,
        1,
        1,
        1,
        1,
        1,
        1,
        1,
        1,
        1,
        1,
        1,
        1,
        1,
        1,
        1,
        1,
        1,
        1,
        1,
        1,
        1,
        1,
        1,
        1,
        1,
        1,
        1,
        1,
        1,
        1,
        1,
        1,
        1,
        1,
        1,
        1,
        1,
        1,
        1,
        1,
        1,
        1,
        1,
        1,
        1,
        1,
        1,
        1,
        1,
        1,
        0,
        0,
        0,
        0,
        0,
        0,
        0,
        0,
        0,
        0,
        0,
        0,
        0,
        0,
        0,
        0,
        0,
        0,
        0,
        0,
        0,
        0,
        0,
        0,
        0,
        0,
        0,
        0,
        0,
        0,
        0,
        0,
        0,
        0,
        0,
        0,
        0,
        0,
        0,
        0,
        0,
        0,
        0,
        0,
        0,
        0,
        0,
        0,
        0,
        0,
        0,
        0,
        0,
        0,
        0,
        0,
        0,
        0,
        0,
        0,
        0,
        0,
        0,
        0,
        0,
        0,
        0,
        0,
        0,
        0,
        0,
        0,
        0,
        0,
        0,
        0,
        0,
        0,
        0,
        0,
        0,
        0,
        0,
        0,
        0,
        0,
        0,
        0,
        0,
        0,
        0,
        0,
        0,
        0,
        0,
        0,
        0,
        0,
        0,
        0
    ],