{
    "shared_fpr_metric": "mean-per-image-fpr",
    "fpr_lower_bound": 1e-05,
    "fpr_upper_bound": 0.0001,
    "num_threshs": 8627,
    "thresh_lower_bound": 0.1951136589050293,
    "thresh_upper_bound": 0.3319081962108612,
    "aupimos": [
        1.0,
        0.9169581795113793,
        1.0,
        0.3866768424101173,
        1.0,
        0.9992607885659773,
        0.9692912877253911,
        1.0,
        1.0,
        1.0,
        0.9142553501043934,
        1.0,
        1.0,
        0.9910740367792225,
        0.8804267989257951,
        0.9999380859930342,
        1.0,
        1.0,
        0.46571063595049184,
        0.8818852216565619,
        1.0,
        1.0,
        0.8866362734944271,
        0.882779862381439,
        1.0,
        1.0,
        0.0,
        0.23510356333576427,
        0.0,
        0.9678435783501843,
        1.0,
        1.0,
        1.0,
        1.0,
        1.0,
        1.0,
        1.0,
        0.9311476126934364,
        1.0,
        1.0,
        1.0,
        1.0,
        0.9901272447307673,
        1.0,
        0.8776988815242688,
        0.0,
        0.053147148104003464,
        0.0,
        0.0,
        0.8598867383347238,
        0.0004168538731553827,
        0.012003754473714887,
        0.10457572448497045,
        0.0,
        0.6370869601835081,
        0.05135571278735107,
        0.43559920234993565,
        0.12378399610231222,
        0.009107383848607094,
        0.0,
        0.25058928499983557,
        0.42279453436282344,
        0.0,
        0.0,
        0.0,
        0.0,
        0.00031752040291199853,
        0.041016448015225686,
        0.0,
        0.0,
        0.7625404062785924,
        0.8109687451745575,
        0.3085240054212673,
        0.0,
        0.22633594288693873,
        0.0,
        0.0,
        0.7798284731995325,
        0.0,
        0.41349027873287275,
        0.0006596663431840347,
        0.0,
        0.6171900365823918,
        0.5422437453208628,
        0.19853746276953277,
        0.8264401750158514,
        0.0,
        0.0,
        0.43632915816162077,
        0.471618637974138,
        0.970068437113201,
        0.8283753066770161,
        0.16505838371587933,
        0.706911661716306,
        0.23112927949707532,
        0.819852511034106,
        0.596041685701513,
        0.16543418025765302,
        0.1701660782140164,
        0.015487924245628826,
        NaN,
        NaN,
        NaN,
        NaN,
        NaN,
        NaN,
        NaN,
        NaN,
        NaN,
        NaN,
        NaN,
        NaN,
        NaN,
        NaN,
        NaN,
        NaN,
        NaN,
        NaN,
        NaN,
        NaN,
        NaN,
        NaN,
        NaN,
        NaN,
        NaN,
        NaN,
        NaN,
        NaN,
        NaN,
        NaN,
        NaN,
        NaN,
        NaN,
        NaN,
        NaN,
        NaN,
        NaN,
        NaN,
        NaN,
        NaN,
        NaN,
        NaN,
        NaN,
        NaN,
        NaN,
        NaN,
        NaN,
        NaN,
        NaN,
        NaN,
        NaN,
        NaN,
        NaN,
        NaN,
        NaN,
        NaN,
        NaN,
        NaN,
        NaN,
        NaN,
        NaN,
        NaN,
        NaN,
        NaN,
        NaN,
        NaN,
        NaN,
        NaN,
        NaN,
        NaN,
        NaN,
        NaN,
        NaN,
        NaN,
        NaN,
        NaN,
        NaN,
        NaN,
        NaN,
        NaN,
        NaN,
        NaN,
        NaN,
        NaN,
        NaN,
        NaN,
        NaN,
        NaN,
        NaN,
        NaN,
        NaN,
        NaN,
        NaN,
        NaN,
        NaN,
        NaN,
        NaN,
        NaN,
        NaN,
        NaN
    ],
    "paths": [
        "VisA/visa_pytorch/macaroni2/test/bad/000.JPG",
        "VisA/visa_pytorch/macaroni2/test/bad/001.JPG",
        "VisA/visa_pytorch/macaroni2/test/bad/002.JPG",
        "VisA/visa_pytorch/macaroni2/test/bad/003.JPG",
        "VisA/visa_pytorch/macaroni2/test/bad/004.JPG",
        "VisA/visa_pytorch/macaroni2/test/bad/005.JPG",
        "VisA/visa_pytorch/macaroni2/test/bad/006.JPG",
        "VisA/visa_pytorch/macaroni2/test/bad/007.JPG",
        "VisA/visa_pytorch/macaroni2/test/bad/008.JPG",
        "VisA/visa_pytorch/macaroni2/test/bad/009.JPG",
        "VisA/visa_pytorch/macaroni2/test/bad/010.JPG",
        "VisA/visa_pytorch/macaroni2/test/bad/011.JPG",
        "VisA/visa_pytorch/macaroni2/test/bad/012.JPG",
        "VisA/visa_pytorch/macaroni2/test/bad/013.JPG",
        "VisA/visa_pytorch/macaroni2/test/bad/014.JPG",
        "VisA/visa_pytorch/macaroni2/test/bad/015.JPG",
        "VisA/visa_pytorch/macaroni2/test/bad/016.JPG",
        "VisA/visa_pytorch/macaroni2/test/bad/017.JPG",
        "VisA/visa_pytorch/macaroni2/test/bad/018.JPG",
        "VisA/visa_pytorch/macaroni2/test/bad/019.JPG",
        "VisA/visa_pytorch/macaroni2/test/bad/020.JPG",
        "VisA/visa_pytorch/macaroni2/test/bad/021.JPG",
        "VisA/visa_pytorch/macaroni2/test/bad/022.JPG",
        "VisA/visa_pytorch/macaroni2/test/bad/023.JPG",
        "VisA/visa_pytorch/macaroni2/test/bad/024.JPG",
        "VisA/visa_pytorch/macaroni2/test/bad/025.JPG",
        "VisA/visa_pytorch/macaroni2/test/bad/026.JPG",
        "VisA/visa_pytorch/macaroni2/test/bad/027.JPG",
        "VisA/visa_pytorch/macaroni2/test/bad/028.JPG",
        "VisA/visa_pytorch/macaroni2/test/bad/029.JPG",
        "VisA/visa_pytorch/macaroni2/test/bad/030.JPG",
        "VisA/visa_pytorch/macaroni2/test/bad/031.JPG",
        "VisA/visa_pytorch/macaroni2/test/bad/032.JPG",
        "VisA/visa_pytorch/macaroni2/test/bad/033.JPG",
        "VisA/visa_pytorch/macaroni2/test/bad/034.JPG",
        "VisA/visa_pytorch/macaroni2/test/bad/035.JPG",
        "VisA/visa_pytorch/macaroni2/test/bad/036.JPG",
        "VisA/visa_pytorch/macaroni2/test/bad/037.JPG",
        "VisA/visa_pytorch/macaroni2/test/bad/038.JPG",
        "VisA/visa_pytorch/macaroni2/test/bad/039.JPG",
        "VisA/visa_pytorch/macaroni2/test/bad/040.JPG",
        "VisA/visa_pytorch/macaroni2/test/bad/041.JPG",
        "VisA/visa_pytorch/macaroni2/test/bad/042.JPG",
        "VisA/visa_pytorch/macaroni2/test/bad/043.JPG",
        "VisA/visa_pytorch/macaroni2/test/bad/044.JPG",
        "VisA/visa_pytorch/macaroni2/test/bad/045.JPG",
        "VisA/visa_pytorch/macaroni2/test/bad/046.JPG",
        "VisA/visa_pytorch/macaroni2/test/bad/047.JPG",
        "VisA/visa_pytorch/macaroni2/test/bad/048.JPG",
        "VisA/visa_pytorch/macaroni2/test/bad/049.JPG",
        "VisA/visa_pytorch/macaroni2/test/bad/050.JPG",
        "VisA/visa_pytorch/macaroni2/test/bad/051.JPG",
        "VisA/visa_pytorch/macaroni2/test/bad/052.JPG",
        "VisA/visa_pytorch/macaroni2/test/bad/053.JPG",
        "VisA/visa_pytorch/macaroni2/test/bad/054.JPG",
        "VisA/visa_pytorch/macaroni2/test/bad/055.JPG",
        "VisA/visa_pytorch/macaroni2/test/bad/056.JPG",
        "VisA/visa_pytorch/macaroni2/test/bad/057.JPG",
        "VisA/visa_pytorch/macaroni2/test/bad/058.JPG",
        "VisA/visa_pytorch/macaroni2/test/bad/059.JPG",
        "VisA/visa_pytorch/macaroni2/test/bad/060.JPG",
        "VisA/visa_pytorch/macaroni2/test/bad/061.JPG",
        "VisA/visa_pytorch/macaroni2/test/bad/062.JPG",
        "VisA/visa_pytorch/macaroni2/test/bad/063.JPG",
        "VisA/visa_pytorch/macaroni2/test/bad/064.JPG",
        "VisA/visa_pytorch/macaroni2/test/bad/065.JPG",
        "VisA/visa_pytorch/macaroni2/test/bad/066.JPG",
        "VisA/visa_pytorch/macaroni2/test/bad/067.JPG",
        "VisA/visa_pytorch/macaroni2/test/bad/068.JPG",
        "VisA/visa_pytorch/macaroni2/test/bad/069.JPG",
        "VisA/visa_pytorch/macaroni2/test/bad/070.JPG",
        "VisA/visa_pytorch/macaroni2/test/bad/071.JPG",
        "VisA/visa_pytorch/macaroni2/test/bad/072.JPG",
        "VisA/visa_pytorch/macaroni2/test/bad/073.JPG",
        "VisA/visa_pytorch/macaroni2/test/bad/074.JPG",
        "VisA/visa_pytorch/macaroni2/test/bad/075.JPG",
