{
    "avg_iou": 0.23430235990568007,
    "thresh": 0.658367395401001,
    "ious_at_thresh": [
        0.2571491908667701,
        0.05458444343362142,
        0.04270694803402504,
        0.1016076362722934,
        0.10738028169014084,
        0.058797515004738336,
        0.1329774519958569,
        0.05564894275855967,
        0.0795531914893617,
        0.12231655082202672,
        0.12702129757444292,
        0.10197394290507772,
        0.11138477492951357,
        0.141386657083451,
        0.06549687773727784,
        0.0,
        0.13129703080401825,
        0.4135297326786688,
        0.3901734104046243,
        0.35866729902774486,
        0.23812519660270526,
        0.14755111210963828,
        0.0,
        0.20378574305275876,
        0.46865148861646233,
        0.0,
        0.048763736263736264,
        0.2672789896670494,
        0.1446329235629421,
        0.4953102453102453,
        0.15616866215512754,
        0.25567251461988305,
        0.20955537940477048,
        0.5071352502662407,
        0.16029929925966982,
        0.0,
        0.3718812375249501,
        0.0,
        0.1993189737092176,
        0.2863602110022607,
        0.5436757665460659,
        0.5645281699629644,
        0.27010144246663537,
        0.5551738457472913,
        0.6143144138266695,
        0.6539246286023095,
        0.7045003407104554,
        0.20661320661320662,
        0.0,
        0.039641603743486124,
        0.6635863099355338,
        0.024714189643577675,
        0.1480628272251309,
        0.34052422516071706,
        0.6468276494476224,
        0.6874729844974824,
        0.37918589902846606,
        0.05350454788657036,
        0.0,
        0.6200689895740475,
        0.49323181049069376,
        0.12828438948995363,
        0.3238662391204764,
        0.4441020373223763,
        0.25825581395348834,
        0.07058407079646017,
        0.3413423575860124,
        0.0,
        0.10452982688943845,
        0.254735869397813,
        0.1427885769138469,
        0.2598587796429523,
        0.0768970419007649,
        0.2290294875465216,
        0.5500389914218872,
        0.0,
        0.0,
        0.08875,
        0.34593803366674797,
        0.5118152524167562,
        0.14998851102941177,
        0.5616713539574126,
        0.1308345739556879,
        0.13046789989118607,
        0.026255119477067455,
        0.22574916759156494,
        0.24698596745503656,
        0.15634975711311588,
        0.23227088192105036,
        0.3030390529127265,
        0.18190339927968818,
        0.2908944399677679,
        0.22204895247135398,
        0.11482709616295594,
        0.31117117117117116,
        0.1868906865795478,
        0.0,
        0.1748493639812542,
        0.2245555862577139,
        0.2048692515779982,
        NaN,
        NaN,
        NaN,
        NaN,
        NaN,
        NaN,
        NaN,
        NaN,
        NaN,
        NaN,
        NaN,
        NaN,
        NaN,
        NaN,
        NaN,
        NaN,
        NaN,
        NaN,
        NaN,
        NaN,
        NaN,
        NaN,
        NaN,
        NaN,
        NaN,
        NaN,
        NaN,
        NaN,
        NaN,
        NaN,
        NaN,
        NaN,
        NaN,
        NaN,
        NaN,
        NaN,
        NaN,
        NaN,
        NaN,
        NaN,
        NaN,
        NaN,
        NaN,
        NaN,
        NaN,
        NaN,
        NaN,
        NaN,
        NaN,
        NaN,
        NaN,
        NaN,
        NaN,
        NaN,
        NaN,
        NaN,
        NaN,
        NaN,
        NaN,
        NaN,
        NaN,
        NaN,
        NaN,
        NaN,
        NaN,
        NaN,
        NaN,
        NaN,
        NaN,
        NaN,
        NaN,
        NaN,
        NaN,
        NaN,
        NaN,
        NaN,
        NaN,
        NaN,
        NaN,
        NaN,
        NaN,
        NaN,
        NaN,
        NaN,
        NaN,
        NaN,
        NaN,
        NaN,
        NaN,
        NaN,
        NaN,
        NaN,
        NaN,
        NaN,
        NaN,
        NaN,
        NaN,
        NaN,
        NaN,
        NaN
    ],
    "image_classes": [
        1,
        1,
        1,
        1,
        1,
        1,
        1,
        1,
        1,
        1,
        1,
        1,
        1,
        1,
        1,
        1,
        1,
        1,
        1,
        1,
        1,
        1,
        1,
        1,
        1,
        1,
        1,
        1,
        1,
        1,
        1,
        1,
        1,
        1,
        1,
        1,
        1,
        1,
        1,
        1,
        1,
        1,
        1,
        1,
        1,
        1,
        1,
        1,
        1,
        1,
        1,
        1,
        1,
        1,
        1,
        1,
        1,
        1,
        1,
        1,
        1,
        1,
        1,
        1,
        1,
        1,
        1,
        1,
        1,
        1,
        1,
        1,
        1,
        1,
        1,
        1,
        1,
        1,
        1,
        1,
        1,
        1,
        1,
        1,
        1,
        1,
        1,
        1,
        1,
        1,
        1,
        1,
        1,
        1,
        1,
        1,
        1,
        1,
        1,
        1,
        0,
        0,
        0,
        0,
        0,
        0,
        0,
        0,
        0,
        0,
        0,
        0,
        0,
        0,
        0,
        0,
        0,
        0,
        0,
        0,
        0,
        0,
        0,
        0,
        0,
        0,
        0,
        0,
        0,
        0,
        0,
        0,
        0,
        0,
        0,
        0,
        0,
        0,
        0,
        0,
        0,
        0,
        0,
        0,
        0,
        0,
        0,
        0,
        0,
        0,
        0,
        0,
        0,
        0,
        0,
        0,
        0,
        0,
        0,
        0,
        0,
        0,
        0,
        0,
        0,
        0,
        0,
        0,
        0,
        0,
        0,
        0,
        0,
        0,
        0,
        0,
        0,
        0,
        0,
        0,
        0,
        0,
        0,
        0,
        0,
        0,
        0,
        0,
        0,
        0,
        0,
        0,
        0,
        0,
        0,
        0,
        0,
        0,
        0,
        0
    ],