{
    "shared_fpr_metric": "mean-per-image-fpr",
    "fpr_lower_bound": 1e-05,
    "fpr_upper_bound": 0.0001,
    "num_threshs": 3925,
    "thresh_lower_bound": 13.058676719665527,
    "thresh_upper_bound": 14.253405570983887,
    "aupimos": [
        0.9055491123519432,
        0.9947873139462322,
        0.9983357473316283,
        0.9725511865349792,
        0.8851335807108258,
        0.98131288845209,
        0.993072763076961,
        0.964256345914866,
        0.9470216306234431,
        0.9996270549518317,
        0.9958125479464381,
        0.9555534312631199,
        0.9884691412877378,
        0.9082151928326545,
        0.9981736520033154,
        0.8034402888320337,
        0.9560931976963241,
        0.5237762857377801,
        0.42258929888354374,
        0.10710836767395737,
        0.04187699342346949,
        0.3126662790361833,
        0.36521815234005467,
        0.08028174434012696,
        0.04647354545092353,
        0.3259853500547318,
        0.7048901569038972,
        0.10243060324865652,
        0.304870311039299,
        0.41504093994392044,
        0.7989121898104502,
        0.08699046612941193,
        0.34205124050297203,
        0.48183894334170985,
        0.47638851448280073,
        NaN,
        NaN,
        NaN,
        NaN,
        NaN,
        NaN,
        NaN,
        NaN,
        NaN,
        NaN,
        NaN,
        NaN,
        NaN,
        NaN,
        NaN,
        NaN,
        NaN,
        NaN,
        NaN,
        NaN,
        NaN,
        NaN,
        NaN,
        NaN,
        NaN,
        NaN,
        NaN,
        NaN,
        NaN,
        NaN,
        NaN,
        NaN,
        NaN,
        0.0,
        0.0,
        0.0,
        0.0,
        0.0,
        0.0,
        0.0007944671267567105,
        0.005864993449633984,
        0.028332943883292456,
        0.0,
        0.0,
        0.0009708112409248012,
        0.0,
        0.06298708179437551,
        0.0,
        0.38138600928708993,
        0.07052040236968012,
        0.05482708397135863,
        0.027144912495703492,
        0.09245582215272481,
        0.020937006998123023,
        0.055540511934907534,
        0.018246785848309927,
        0.03811927729751194,
        0.09522789496313125,
        0.01924631987346479,
        0.06080600842681207,
        0.10203717909138542,
        0.19332595196665622,
        0.15258301141748773,
        0.05714385899870486,
        0.03305626021223115,
        0.0027917017360857975,
        0.01103114095946312,
        0.029230169542158818,
        0.07391829921412903,
        0.0,
        0.015548401104638522,
        0.0,
        0.0,
        0.0,
        0.0,
        0.047308674963183105,
        0.01635335660217863,
        0.024770129818494437,
        0.1926079212998972,
        0.01705866345021133,
        0.00788279715907836,
        0.00021366200575081474
    ],
    "paths": [
        "MVTec/tile/test/crack/000.png",
        "MVTec/tile/test/crack/001.png",
        "MVTec/tile/test/crack/002.png",
        "MVTec/tile/test/crack/003.png",
        "MVTec/tile/test/crack/004.png",
        "MVTec/tile/test/crack/005.png",
        "MVTec/tile/test/crack/006.png",
        "MVTec/tile/test/crack/007.png",
        "MVTec/tile/test/crack/008.png",
        "MVTec/tile/test/crack/009.png",
        "MVTec/tile/test/crack/010.png",
        "MVTec/tile/test/crack/011.png",
        "MVTec/tile/test/crack/012.png",
        "MVTec/tile/test/crack/013.png",
        "MVTec/tile/test/crack/014.png",
        "MVTec/tile/test/crack/015.png",
        "MVTec/tile/test/crack/016.png",
        "MVTec/tile/test/glue_strip/000.png",
        "MVTec/tile/test/glue_strip/001.png",
        "MVTec/tile/test/glue_strip/002.png",
        "MVTec/tile/test/glue_strip/003.png",
        "MVTec/tile/test/glue_strip/004.png",
        "MVTec/tile/test/glue_strip/005.png",
        "MVTec/tile/test/glue_strip/006.png",
        "MVTec/tile/test/glue_strip/007.png",
        "MVTec/tile/test/glue_strip/008.png",
        "MVTec/tile/test/glue_strip/009.png",
        "MVTec/tile/test/glue_strip/010.png",
        "MVTec/tile/test/glue_strip/011.png",
        "MVTec/tile/test/glue_strip/012.png",
        "MVTec/tile/test/glue_strip/013.png",
        "MVTec/tile/test/glue_strip/014.png",
        "MVTec/tile/test/glue_strip/015.png",
        "MVTec/tile/test/glue_strip/016.png",
        "MVTec/tile/test/glue_strip/017.png",
        "MVTec/tile/test/good/000.png",
        "MVTec/tile/test/good/001.png",
        "MVTec/tile/test/good/002.png",
        "MVTec/tile/test/good/003.png",
        "MVTec/tile/test/good/004.png",
        "MVTec/tile/test/good/005.png",
        "MVTec/tile/test/good/006.png",
        "MVTec/tile/test/good/007.png",
        "MVTec/tile/test/good/008.png",
        "MVTec/tile/test/good/009.png",
        "MVTec/tile/test/good/010.png",
        "MVTec/tile/test/good/011.png",
        "MVTec/tile/test/good/012.png",
        "MVTec/tile/test/good/013.png",
        "MVTec/tile/test/good/014.png",
        "MVTec/tile/test/good/015.png",
        "MVTec/tile/test/good/016.png",
        "MVTec/tile/test/good/017.png",
        "MVTec/tile/test/good/018.png",
        "MVTec/tile/test/good/019.png",
        "MVTec/tile/test/good/020.png",
        "MVTec/tile/test/good/021.png",
        "MVTec/tile/test/good/022.png",
        "MVTec/tile/test/good/023.png",
        "MVTec/tile/test/good/024.png",
        "MVTec/tile/test/good/025.png",
        "MVTec/tile/test/good/026.png",
        "MVTec/tile/test/good/027.png",
        "MVTec/tile/test/good/028.png",
        "MVTec/tile/test/good/029.png",
        "MVTec/tile/test/good/030.png",
        "MVTec/tile/test/good/031.png",
        "MVTec/tile/test/good/032.png",
        "MVTec/tile/test/gray_stroke/000.png",
        "MVTec/tile/test/gray_stroke/001.png",
        "MVTec/tile/test/gray_stroke/002.png",
        "MVTec/tile/test/gray_stroke/003.png",
        "MVTec/tile/test/gray_stroke/004.png",
        "MVTec/tile/test/gray_stroke/005.png",
        "MVTec/tile/test/gray_stroke/006.png",
        "MVTec/tile/test/gray_stroke/007.png",
        "MVTec/tile/test/gray_stroke/008.png",
        "MVTec/tile/test/gray_stroke/009.png",
        "MVTec/tile/test/gray_stroke/010.png",
        "MVTec/tile/test/gray_stroke/011.png",
        "MVTec/tile/test/gray_stroke/012.png",
        "MVTec/tile/test/gray_stroke/013.png",
        "MVTec/tile/test/gray_stroke/014.png",
        "MVTec/tile/test/gray_stroke/015.png",
        "MVTec/tile/test/oil/000.png",
        "MVTec/tile/test/oil/001.png",
        "MVTec/tile/test/oil/002.png",
        "MVTec/tile/test/oil/003.png",
        "MVTec/tile/test/oil/004.png",
        "MVTec/tile/test/oil/005.png",
        "MVTec/tile/test/oil/006.png",
        "MVTec/tile/test/oil/007.png",
        "MVTec/tile/test/oil/008.png",
        "MVTec/tile/test/oil/009.png",
        "MVTec/tile/test/oil/010.png",
        "MVTec/tile/test/oil/011.png",
        "MVTec/tile/test/oil/012.png",
        "MVTec/tile/test/oil/013.png",
        "MVTec/tile/test/oil/014.png",
        "MVTec/tile/test/oil/015.png",
        "MVTec/tile/test/oil/016.png",
        "MVTec/tile/test/oil/017.png",
        "MVTec/tile/test/rough/000.png",
        "MVTec/tile/test/rough/001.png",
        "MVTec/tile/test/rough/002.png",
        "MVTec/tile/test/rough/003.png",
        "MVTec/tile/test/rough/004.png",
        "MVTec/tile/test/rough/005.png",
        "MVTec/tile/test/rough/006.png",
        "MVTec/tile/test/rough/007.png",
        "MVTec/tile/test/rough/008.png",
        "MVTec/tile/test/rough/009.png",
        "MVTec/tile/test/rough/010.png",
        "MVTec/tile/test/rough/011.png",
        "MVTec/tile/test/rough/012.png",
        "MVTec/tile/test/rough/013.png",
        "MVTec/tile/test/rough/014.png"
    ]
}