{
    "shared_fpr_metric": "mean-per-image-fpr",
    "fpr_lower_bound": 1e-05,
    "fpr_upper_bound": 0.0001,
    "num_threshs": 2169,
    "thresh_lower_bound": 2.1028366088867188,
    "thresh_upper_bound": 2.2221100330352783,
    "aupimos": [
        0.0,
        0.4941153929830404,
        0.0,
        0.6096349198955415,
        0.1482196114940408,
        0.0,
        0.5212737078489574,
        0.5950060679411322,
        0.3035945424267017,
        0.0,
        0.8600586115258141,
        0.8713543971485732,
        0.0046105123294765,
        0.7263723575044604,
        0.0,
        0.0,
        0.0,
        0.8960584171532696,
        0.8311273707858725,
        0.5730446687551448,
        0.17023226955745693,
        0.10643462815400537,
        0.33428050632877343,
        0.05383524400190568,
        0.5496602578325338,
        0.9032539026181441,
        0.0007390535894699522,
        0.07963592750007865,
        0.2204547875122326,
        0.9196308840104926,
        0.5205603845567084,
        0.5101299121875121,
        0.38743350592236253,
        0.29100946558677165,
        0.14129923116125284,
        0.9933639828239228,
        1.0,
        0.6834072656593175,
        1.0,
        0.9971779291964833,
        0.9494320927653663,
        0.590429724608341,
        0.9103872112974581,
        0.8991126933646767,
        0.8675849586000652,
        0.9569583315011723,
        0.878770917565175,
        0.6899198367771593,
        1.0,
        0.7231234309118977,
        0.9005511540325716,
        0.6342378321994877,
        0.1662059341916682,
        0.0,
        0.0,
        0.6337301719507265,
        0.0,
        0.0,
        0.5604291813242804,
        0.0,
        0.01868609219203995,
        0.441499279793404,
        0.0,
        0.015973163700330473,
        0.0,
        0.25971754365389194,
        0.21550020000026007,
        0.0,
        NaN,
        NaN,
        NaN,
        NaN,
        NaN,
        NaN,
        NaN,
        NaN,
        NaN,
        NaN,
        NaN,
        NaN,
        NaN,
        NaN,
        NaN,
        NaN,
        NaN,
        NaN,
        NaN,
        NaN,
        NaN,
        NaN,
        NaN,
        NaN,
        NaN,
        NaN,
        NaN,
        NaN,
        NaN,
        NaN,
        NaN,
        NaN,
        0.4739670029142691,
        0.3346930490524217,
        0.05816845589207396,
        0.47198151181590187,
        0.288356075536165,
        0.0,
        0.1533046211624302,
        0.2611683805650271,
        0.10083019775668765,
        0.7281978927074141,
        0.5604139308094549,
        0.817484201105105,
        0.07706326709695074,
        0.5157497028746876,
        0.19497410819547203,
        0.4387119451676071,
        0.18855880287192944,
        0.1155099937819902,
        0.3811581844818835,
        0.48771848265508194,
        0.40276631567613064,
        0.7085464607329888,
        0.05106737560020164,
        0.3613890535099744,
        0.0,
        0.0,
        0.8649164918486315,
        0.38460936371194104,
        0.7948573304334003,
        0.8756346583941947,
        0.6687897719851795,
        0.4182596370516135,
        0.9634169370942525,
        0.7329738825101263,
        0.876835910414074,
        0.019950686666797602,
        0.6522251734185912,
        0.8357591802803451,
        1.0,
        0.0,
        0.0,
        0.0,
        0.036323747805073706,
        0.0,
        0.0,
        0.5876007537173558,
        0.07554125208379692,
        0.019785757602101824,
        0.4196992312027404,
        0.8704423286606198,
        0.9435093082654168
    ],
    "paths": [
        "MVTec/zipper/test/broken_teeth/000.png",
        "MVTec/zipper/test/broken_teeth/001.png",
        "MVTec/zipper/test/broken_teeth/002.png",
        "MVTec/zipper/test/broken_teeth/003.png",
        "MVTec/zipper/test/broken_teeth/004.png",
        "MVTec/zipper/test/broken_teeth/005.png",
        "MVTec/zipper/test/broken_teeth/006.png",
        "MVTec/zipper/test/broken_teeth/007.png",
        "MVTec/zipper/test/broken_teeth/008.png",
        "MVTec/zipper/test/broken_teeth/009.png",
        "MVTec/zipper/test/broken_teeth/010.png",
        "MVTec/zipper/test/broken_teeth/011.png",
        "MVTec/zipper/test/broken_teeth/012.png",
        "MVTec/zipper/test/broken_teeth/013.png",
        "MVTec/zipper/test/broken_teeth/014.png",
        "MVTec/zipper/test/broken_teeth/015.png",
        "MVTec/zipper/test/broken_teeth/016.png",
        "MVTec/zipper/test/broken_teeth/017.png",
        "MVTec/zipper/test/broken_teeth/018.png",
        "MVTec/zipper/test/combined/000.png",
        "MVTec/zipper/test/combined/001.png",
        "MVTec/zipper/test/combined/002.png",
        "MVTec/zipper/test/combined/003.png",
        "MVTec/zipper/test/combined/004.png",
        "MVTec/zipper/test/combined/005.png",
        "MVTec/zipper/test/combined/006.png",
        "MVTec/zipper/test/combined/007.png",
        "MVTec/zipper/test/combined/008.png",
        "MVTec/zipper/test/combined/009.png",
        "MVTec/zipper/test/combined/010.png",
        "MVTec/zipper/test/combined/011.png",
        "MVTec/zipper/test/combined/012.png",
        "MVTec/zipper/test/combined/013.png",
        "MVTec/zipper/test/combined/014.png",
        "MVTec/zipper/test/combined/015.png",
        "MVTec/zipper/test/fabric_border/000.png",
        "MVTec/zipper/test/fabric_border/001.png",
        "MVTec/zipper/test/fabric_border/002.png",
        "MVTec/zipper/test/fabric_border/003.png",
        "MVTec/zipper/test/fabric_border/004.png",
        "MVTec/zipper/test/fabric_border/005.png",
        "MVTec/zipper/test/fabric_border/006.png",
        "MVTec/zipper/test/fabric_border/007.png",
        "MVTec/zipper/test/fabric_border/008.png",
        "MVTec/zipper/test/fabric_border/009.png",
        "MVTec/zipper/test/fabric_border/010.png",
        "MVTec/zipper/test/fabric_border/011.png",
        "MVTec/zipper/test/fabric_border/012.png",
        "MVTec/zipper/test/fabric_border/013.png",
        "MVTec/zipper/test/fabric_border/014.png",
        "MVTec/zipper/test/fabric_border/015.png",
        "MVTec/zipper/test/fabric_border/016.png",
        "MVTec/zipper/test/fabric_interior/000.png",
        "MVTec/zipper/test/fabric_interior/001.png",
        "MVTec/zipper/test/fabric_interior/002.png",
        "MVTec/zipper/test/fabric_interior/003.png",
        "MVTec/zipper/test/fabric_interior/004.png",
        "MVTec/zipper/test/fabric_interior/005.png",
        "MVTec/zipper/test/fabric_interior/006.png",
        "MVTec/zipper/test/fabric_interior/007.png",
        "MVTec/zipper/test/fabric_interior/008.png",
        "MVTec/zipper/test/fabric_interior/009.png",
        "MVTec/zipper/test/fabric_interior/010.png",
        "MVTec/zipper/test/fabric_interior/011.png",
        "MVTec/zipper/test/fabric_interior/012.png",
        "MVTec/zipper/test/fabric_interior/013.png",
        "MVTec/zipper/test/fabric_interior/014.png",
        "MVTec/zipper/test/fabric_interior/015.png",
        "MVTec/zipper/test/good/000.png",
        "MVTec/zipper/test/good/001.png",
        "MVTec/zipper/test/good/002.png",
        "MVTec/zipper/test/good/003.png",
        "MVTec/zipper/test/good/004.png",
        "MVTec/zipper/test/good/005.png",
        "MVTec/zipper/test/good/006.png",
        "MVTec/zipper/test/good/007.png",
        "MVTec/zipper/test/good/008.png",
        "MVTec/zipper/test/good/009.png",
        "MVTec/zipper/test/good/010.png",
        "MVTec/zipper/test/good/011.png",
        "MVTec/zipper/test/good/012.png",
        "MVTec/zipper/test/good/013.png",
        "MVTec/zipper/test/good/014.png",
        "MVTec/zipper/test/good/015.png",
        "MVTec/zipper/test/good/016.png",
        "MVTec/zipper/test/good/017.png",
        "MVTec/zipper/test/good/018.png",
        "MVTec/zipper/test/good/019.png",
        "MVTec/zipper/test/good/020.png",
        "MVTec/zipper/test/good/021.png",
