{
    "shared_fpr_metric": "mean-per-image-fpr",
    "fpr_lower_bound": 1e-05,
    "fpr_upper_bound": 0.0001,
    "num_threshs": null,
    "thresh_lower_bound": 0.010205049067735672,
    "thresh_upper_bound": 0.010490093380212784,
    "aupimos": [
        0.046494372999174374,
        0.8929935562291649,
        0.7369362895915342,
        0.21069920039909298,
        0.3235288050946892,
        0.3659173192309116,
        0.0027319934611020995,
        0.01736983306628149,
        0.11817647970974952,
        0.36541070523394686,
        0.5169076592307343,
        0.33192432541083006,
        0.19572749251920757,
        0.7631564671367241,
        0.003682747370094089,
        0.8770861189150905,
        0.5327868407623557,
        0.5081979463194662,
        0.45887053932311617,
        0.29676620646789925,
        0.11641838501105657,
        0.6591744137370493,
        0.4248719439383976,
        0.4940436761233196,
        0.0,
        0.0030471006981779036,
        0.12621046367211078,
        0.0,
        0.043227846572353894,
        0.29282632260511926,
        0.0,
        0.0,
        0.0,
        0.009122900169016785,
        0.03139903781250564,
        NaN,
        NaN,
        NaN,
        NaN,
        NaN,
        NaN,
        NaN,
        NaN,
        NaN,
        NaN,
        NaN,
        NaN,
        NaN,
        NaN,
        NaN,
        NaN,
        NaN,
        NaN,
        NaN,
        NaN,
        NaN,
        1.0,
        0.9254172772526951,
        0.8307483954260017,
        0.6836619454287356,
        0.9586392657035504,
        0.7372559501655694,
        0.8157952696634323,
        0.6126152096861736,
        0.7323015062449254,
        0.4665124425287732,
        0.6018604484669962,
        0.5192867636996003,
        0.6246898985803682,
        0.2810081921842078,
        0.09670984223090466,
        0.6882020981776676,
        0.926394093674437,
        0.6548475265260787,
        0.1657044976753644,
        0.44320037845884785,
        0.5300620618387871,
        0.7633556234911978
    ],
    "paths": [
        "MVTec/grid/test/bent/000.png",
        "MVTec/grid/test/bent/001.png",
        "MVTec/grid/test/bent/002.png",
        "MVTec/grid/test/bent/003.png",
        "MVTec/grid/test/bent/004.png",
        "MVTec/grid/test/bent/005.png",
        "MVTec/grid/test/bent/006.png",
        "MVTec/grid/test/bent/007.png",
        "MVTec/grid/test/bent/008.png",
        "MVTec/grid/test/bent/009.png",
        "MVTec/grid/test/bent/010.png",
        "MVTec/grid/test/bent/011.png",
        "MVTec/grid/test/broken/000.png",
        "MVTec/grid/test/broken/001.png",
        "MVTec/grid/test/broken/002.png",
        "MVTec/grid/test/broken/003.png",
        "MVTec/grid/test/broken/004.png",
        "MVTec/grid/test/broken/005.png",
        "MVTec/grid/test/broken/006.png",
        "MVTec/grid/test/broken/007.png",
        "MVTec/grid/test/broken/008.png",
        "MVTec/grid/test/broken/009.png",
        "MVTec/grid/test/broken/010.png",
        "MVTec/grid/test/broken/011.png",
        "MVTec/grid/test/glue/000.png",
        "MVTec/grid/test/glue/001.png",
        "MVTec/grid/test/glue/002.png",
        "MVTec/grid/test/glue/003.png",
        "MVTec/grid/test/glue/004.png",
        "MVTec/grid/test/glue/005.png",
        "MVTec/grid/test/glue/006.png",
        "MVTec/grid/test/glue/007.png",
        "MVTec/grid/test/glue/008.png",
        "MVTec/grid/test/glue/009.png",
        "MVTec/grid/test/glue/010.png",
        "MVTec/grid/test/good/000.png",
        "MVTec/grid/test/good/001.png",
        "MVTec/grid/test/good/002.png",
        "MVTec/grid/test/good/003.png",
        "MVTec/grid/test/good/004.png",
        "MVTec/grid/test/good/005.png",
        "MVTec/grid/test/good/006.png",
        "MVTec/grid/test/good/007.png",
        "MVTec/grid/test/good/008.png",
        "MVTec/grid/test/good/009.png",
        "MVTec/grid/test/good/010.png",
        "MVTec/grid/test/good/011.png",
        "MVTec/grid/test/good/012.png",
        "MVTec/grid/test/good/013.png",
        "MVTec/grid/test/good/014.png",
        "MVTec/grid/test/good/015.png",
        "MVTec/grid/test/good/016.png",
        "MVTec/grid/test/good/017.png",
        "MVTec/grid/test/good/018.png",
        "MVTec/grid/test/good/019.png",
        "MVTec/grid/test/good/020.png",
        "MVTec/grid/test/metal_contamination/000.png",
        "MVTec/grid/test/metal_contamination/001.png",
        "MVTec/grid/test/metal_contamination/002.png",
        "MVTec/grid/test/metal_contamination/003.png",
        "MVTec/grid/test/metal_contamination/004.png",
        "MVTec/grid/test/metal_contamination/005.png",
        "MVTec/grid/test/metal_contamination/006.png",
        "MVTec/grid/test/metal_contamination/007.png",
        "MVTec/grid/test/metal_contamination/008.png",
        "MVTec/grid/test/metal_contamination/009.png",
        "MVTec/grid/test/metal_contamination/010.png",
        "MVTec/grid/test/thread/000.png",
        "MVTec/grid/test/thread/001.png",
        "MVTec/grid/test/thread/002.png",
        "MVTec/grid/test/thread/003.png",
        "MVTec/grid/test/thread/004.png",
        "MVTec/grid/test/thread/005.png",
        "MVTec/grid/test/thread/006.png",
        "MVTec/grid/test/thread/007.png",
        "MVTec/grid/test/thread/008.png",
        "MVTec/grid/test/thread/009.png",
        "MVTec/grid/test/thread/010.png"
    ]
}