{
    "shared_fpr_metric": "mean-per-image-fpr",
    "fpr_lower_bound": 1e-05,
    "fpr_upper_bound": 0.0001,
    "num_threshs": null,
    "thresh_lower_bound": 0.3108641505241394,
    "thresh_upper_bound": 0.48026835918426514,
    "aupimos": [
        0.9900277838326114,
        0.0,
        0.20258144798815017,
        0.48254437207665685,
        0.27126514463912715,
        0.1814722556584764,
        0.7927235293366498,
        0.9935604906329776,
        0.17533522702627785,
        0.9999710074113242,
        0.9941648393230684,
        0.8513241197154071,
        0.6545467419436012,
        0.8295175260915296,
        0.9999710074113242,
        0.0,
        0.6286674525644369,
        0.524773325127254,
        0.9619373419887433,
        0.0,
        0.6593189131688413,
        0.9918097499961951,
        0.910778222521264,
        0.9999710074113242,
        0.9999710074113242,
        0.9999710074113242,
        0.9999710074113242,
        0.9999710074113242,
        0.9999710074113242,
        0.9999710074113242,
        0.9999710074113242,
        0.9999710074113242,
        0.9999710074113242,
        0.9999710074113242,
        0.9999710074113242,
        0.9999710074113242,
        0.9670230335262723,
        0.9999710074113242,
        0.9999710074113242,
        0.9999710074113242,
        0.9999710074113242,
        0.9999710074113242,
        0.9996682854991077,
        0.9999710074113242,
        0.9999710074113242,
        0.9999710074113242,
        0.994518502102006,
        0.9999710074113242,
        0.9009648005279374,
        0.9427704168490387,
        0.9083792305413231,
        0.9999710074113242,
        0.9999710074113242,
        0.9143665548125859,
        0.9910139695349459,
        0.6926026677952851,
        0.9999710074113242,
        0.9556060319585177,
        0.9852138355546312,
        0.9774681605020263,
        0.5669945512603124,
        0.5399707646385857,
        0.8791858300553983,
        0.3793625487311508,
        0.38173495721072703,
        0.9999710074113242,
        0.945159144521189,
        0.5121824730501194,
        0.8723109954619982,
        0.9999710074113242,
        0.0,
        0.0,
        0.5365514514632884,
        0.6776195934508635,
        0.20000788967828875,
        0.0,
        0.0,
        0.007634209332397435,
        0.39832287813534756,
        0.3773047770240687,
        0.9721214505656045,
        0.0,
        0.32796354541622486,
        0.3243651104719237,
        0.5314232392293605,
        0.7138020427688802,
        0.8511374607108824,
        0.11246660601066313,
        0.930907503302147,
        0.25474139706200855,
        0.5859182397063062,
        0.7977811748669803,
        0.9048294446540199,
        0.4570075027873642,
        0.09025445582365663,
        0.8002250312038006,
        0.2826779125693744,
        0.8422689423099836,
        0.9713131231959177,
        0.971410875960588,
        NaN,
        NaN,
        NaN,
        NaN,
        NaN,
        NaN,
        NaN,
        NaN,
        NaN,
        NaN,
        NaN,
        NaN,
        NaN,
        NaN,
        NaN,
        NaN,
        NaN,
        NaN,
        NaN,
        NaN,
        NaN,
        NaN,
        NaN,
        NaN,
        NaN,
        NaN,
        NaN,
        NaN,
        NaN,
        NaN,
        NaN,
        NaN,
        NaN,
        NaN,
        NaN,
        NaN,
        NaN,
        NaN,
        NaN,
        NaN,
        NaN,
        NaN,
        NaN,
        NaN,
        NaN,
        NaN,
        NaN,
        NaN,
        NaN,
        NaN,
        NaN,
        NaN,
        NaN,
        NaN,
        NaN,
        NaN,
        NaN,
        NaN,
        NaN,
        NaN,
        NaN,
        NaN,
        NaN,
        NaN,
        NaN,
        NaN,
        NaN,
        NaN,
        NaN,
        NaN,
        NaN,
        NaN,
        NaN,
        NaN,
        NaN,
        NaN,
        NaN,
        NaN,
        NaN,
        NaN,
        NaN,
        NaN,
        NaN,
        NaN,
        NaN,
        NaN,
        NaN,
        NaN,
        NaN,
        NaN,
        NaN,
        NaN,
        NaN,
        NaN,
        NaN,
        NaN,
        NaN,
        NaN,
        NaN,
        NaN
    ],