{
    "shared_fpr_metric": "mean-per-image-fpr",
    "fpr_lower_bound": 1e-05,
    "fpr_upper_bound": 0.0001,
    "num_threshs": 1026,
    "thresh_lower_bound": 0.2178363800048828,
    "thresh_upper_bound": 0.3472168445587158,
    "aupimos": [
        0.998552235484414,
        0.998552235484414,
        0.8802919661612387,
        0.8615926098800754,
        0.9973151787011081,
        0.9983728655840215,
        0.647128306513855,
        0.8700054989266559,
        0.5780573406375628,
        0.998552235484414,
        0.5290416772634059,
        0.15462716121532227,
        0.6117176096415117,
        0.37532290396054835,
        0.40324619834033354,
        0.3651527174688234,
        0.2928339372195089,
        0.2882765192983056,
        0.20839739406501503,
        0.7545516007178701,
        0.7571190259462826,
        0.9541471794952147,
        0.012978384926605474,
        0.8955972139256894,
        0.7892980299016035,
        0.9150672561741365,
        0.8100805956285733,
        0.5007945088379941,
        0.9468963138056821,
        0.9645522439906372,
        NaN,
        NaN,
        NaN,
        NaN,
        NaN,
        NaN,
        NaN,
        NaN,
        NaN,
        NaN,
        NaN,
        NaN,
        NaN,
        NaN,
        NaN,
        NaN,
        NaN,
        NaN,
        NaN,
        NaN,
        NaN,
        NaN,
        NaN,
        NaN,
        NaN,
        NaN,
        NaN,
        NaN,
        NaN,
        NaN,
        NaN,
        NaN,
        NaN,
        NaN,
        NaN,
        NaN,
        NaN,
        NaN,
        NaN,
        NaN,
        NaN,
        NaN,
        NaN,
        NaN,
        NaN,
        NaN,
        NaN,
        NaN,
        NaN,
        NaN,
        NaN,
        NaN,
        NaN,
        NaN,
        NaN,
        NaN,
        NaN,
        NaN,
        NaN,
        NaN,
        0.16796540462682685,
        0.7079911684546553,
        0.051075225017046186,
        0.052105070790258785,
        0.702762691488953,
        0.6155586439596553,
        0.3555651486385186,
        0.8410198918327709,
        0.9525530368799375,
        0.7192021440507903
    ],
    "paths": [
        "MVTec/transistor/test/bent_lead/000.png",
        "MVTec/transistor/test/bent_lead/001.png",
        "MVTec/transistor/test/bent_lead/002.png",
        "MVTec/transistor/test/bent_lead/003.png",
        "MVTec/transistor/test/bent_lead/004.png",
        "MVTec/transistor/test/bent_lead/005.png",
        "MVTec/transistor/test/bent_lead/006.png",
        "MVTec/transistor/test/bent_lead/007.png",
        "MVTec/transistor/test/bent_lead/008.png",
        "MVTec/transistor/test/bent_lead/009.png",
        "MVTec/transistor/test/cut_lead/000.png",
        "MVTec/transistor/test/cut_lead/001.png",
        "MVTec/transistor/test/cut_lead/002.png",
        "MVTec/transistor/test/cut_lead/003.png",
        "MVTec/transistor/test/cut_lead/004.png",
        "MVTec/transistor/test/cut_lead/005.png",
        "MVTec/transistor/test/cut_lead/006.png",
        "MVTec/transistor/test/cut_lead/007.png",
        "MVTec/transistor/test/cut_lead/008.png",
        "MVTec/transistor/test/cut_lead/009.png",
        "MVTec/transistor/test/damaged_case/000.png",
        "MVTec/transistor/test/damaged_case/001.png",
        "MVTec/transistor/test/damaged_case/002.png",
        "MVTec/transistor/test/damaged_case/003.png",
        "MVTec/transistor/test/damaged_case/004.png",
        "MVTec/transistor/test/damaged_case/005.png",
        "MVTec/transistor/test/damaged_case/006.png",
        "MVTec/transistor/test/damaged_case/007.png",
        "MVTec/transistor/test/damaged_case/008.png",
        "MVTec/transistor/test/damaged_case/009.png",
        "MVTec/transistor/test/good/000.png",
        "MVTec/transistor/test/good/001.png",
        "MVTec/transistor/test/good/002.png",
        "MVTec/transistor/test/good/003.png",
        "MVTec/transistor/test/good/004.png",
        "MVTec/transistor/test/good/005.png",
        "MVTec/transistor/test/good/006.png",
        "MVTec/transistor/test/good/007.png",
        "MVTec/transistor/test/good/008.png",
        "MVTec/transistor/test/good/009.png",
        "MVTec/transistor/test/good/010.png",
        "MVTec/transistor/test/good/011.png",
        "MVTec/transistor/test/good/012.png",
        "MVTec/transistor/test/good/013.png",
        "MVTec/transistor/test/good/014.png",
        "MVTec/transistor/test/good/015.png",
        "MVTec/transistor/test/good/016.png",
        "MVTec/transistor/test/good/017.png",
        "MVTec/transistor/test/good/018.png",
        "MVTec/transistor/test/good/019.png",
        "MVTec/transistor/test/good/020.png",
        "MVTec/transistor/test/good/021.png",
        "MVTec/transistor/test/good/022.png",
        "MVTec/transistor/test/good/023.png",
        "MVTec/transistor/test/good/024.png",
        "MVTec/transistor/test/good/025.png",
        "MVTec/transistor/test/good/026.png",
        "MVTec/transistor/test/good/027.png",
        "MVTec/transistor/test/good/028.png",
        "MVTec/transistor/test/good/029.png",
        "MVTec/transistor/test/good/030.png",
        "MVTec/transistor/test/good/031.png",
        "MVTec/transistor/test/good/032.png",
        "MVTec/transistor/test/good/033.png",
        "MVTec/transistor/test/good/034.png",
        "MVTec/transistor/test/good/035.png",
        "MVTec/transistor/test/good/036.png",
        "MVTec/transistor/test/good/037.png",
        "MVTec/transistor/test/good/038.png",
        "MVTec/transistor/test/good/039.png",
        "MVTec/transistor/test/good/040.png",
        "MVTec/transistor/test/good/041.png",
        "MVTec/transistor/test/good/042.png",
        "MVTec/transistor/test/good/043.png",
        "MVTec/transistor/test/good/044.png",
        "MVTec/transistor/test/good/045.png",
        "MVTec/transistor/test/good/046.png",
        "MVTec/transistor/test/good/047.png",
        "MVTec/transistor/test/good/048.png",
        "MVTec/transistor/test/good/049.png",
        "MVTec/transistor/test/good/050.png",
        "MVTec/transistor/test/good/051.png",
        "MVTec/transistor/test/good/052.png",
        "MVTec/transistor/test/good/053.png",
        "MVTec/transistor/test/good/054.png",
        "MVTec/transistor/test/good/055.png",
        "MVTec/transistor/test/good/056.png",
        "MVTec/transistor/test/good/057.png",
        "MVTec/transistor/test/good/058.png",
        "MVTec/transistor/test/good/059.png",
        "MVTec/transistor/test/misplaced/000.png",
        "MVTec/transistor/test/misplaced/001.png",
        "MVTec/transistor/test/misplaced/002.png",
        "MVTec/transistor/test/misplaced/003.png",
        "MVTec/transistor/test/misplaced/004.png",
        "MVTec/transistor/test/misplaced/005.png",
        "MVTec/transistor/test/misplaced/006.png",
        "MVTec/transistor/test/misplaced/007.png",
        "MVTec/transistor/test/misplaced/008.png",
        "MVTec/transistor/test/misplaced/009.png"
    ]
}