{
    "shared_fpr_metric": "mean-per-image-fpr",
    "fpr_lower_bound": 1e-05,
    "fpr_upper_bound": 0.0001,
    "num_threshs": null,
    "thresh_lower_bound": -0.1600625216960907,
    "thresh_upper_bound": -0.10689862072467804,
    "aupimos": [
        0.009428722301890196,
        0.18768178273794628,
        0.011436897486504023,
        0.0,
        0.007595515976844703,
        0.0335606083188574,
        0.16151975424582052,
        0.015791804287371494,
        0.0003588278322931244,
        0.0,
        0.6135988060825954,
        0.15728047638295656,
        0.001878805665296875,
        0.08248175693592877,
        0.01977410079530625,
        0.3229612418871083,
        0.010932404416587247,
        0.16658399797292023,
        0.0012576083279889753,
        0.04712598937293823,
        7.232459014591896e-05,
        0.021445449084257318,
        0.011399629354377555,
        0.09209334979724791,
        0.01963640584139098,
        0.009528379363670444,
        0.11101805132543933,
        0.14187862859968564,
        0.023954091781856604,
        0.14288478497283763,
        0.04467736748807933,
        0.001566955316777908,
        0.9289870354744032,
        0.2667094058771835,
        0.03559780859297918,
        0.22622255059806848,
        0.812278994958318,
        0.2997737452925976,
        0.0,
        0.16572561413192272,
        0.026268727859298333,
        0.5596914063650049,
        0.02253928866638502,
        0.47293322189531894,
        0.008856254861080895,
        0.6404424342406327,
        0.0,
        0.00013969815859359708,
        0.03641840514274311,
        0.6461736811314635,
        0.06323180368625773,
        0.007156275801498201,
        0.5684266333236756,
        0.5743711154832072,
        0.1600535480462372,
        0.0048421775217453115,
        0.1776714614479622,
        0.5168486918036819,
        0.0,
        0.0,
        0.005977789530678832,
        0.27990248819640967,
        0.37484845234579,
        0.1588675036732193,
        0.00039608855772558317,
        0.35093631089997135,
        0.1676709383971531,
        0.0,
        0.6434993927118893,
        0.11831270467095288,
        0.00024266438006671038,
        0.15809346370521501,
        0.0,
        0.7553097500964666,
        0.4035632470229443,
        0.0,
        0.009315540738411647,
        0.0018547478266013556,
        0.0,
        0.0,
        0.09578962063466868,
        0.11852244139682343,
        0.0,
        0.010966732168459996,
        0.28981281552988547,
        0.0,
        0.07681115510130511,
        0.1481346154142345,
        0.009288334347561718,
        0.4768662654637667,
        0.15965727868511728,
        0.007689102335294299,
        0.04267908746395202,
        0.06076090923285334,
        0.6304202746849077,
        0.01680132116367433,
        0.0,
        0.01094315311697183,
        0.11677325631448515,
        0.8866190435269575,
        NaN,
        NaN,
        NaN,
        NaN,
        NaN,
        NaN,
        NaN,
        NaN,
        NaN,
        NaN,
        NaN,
        NaN,
        NaN,
        NaN,
        NaN,
        NaN,
        NaN,
        NaN,
        NaN,
        NaN,
        NaN,
        NaN,
        NaN,
        NaN,
        NaN,
        NaN,
        NaN,
        NaN,
        NaN,
        NaN,
        NaN,
        NaN,
        NaN,
        NaN,
        NaN,
        NaN,
        NaN,
        NaN,
        NaN,
        NaN,
        NaN,
        NaN,
        NaN,
        NaN,
        NaN,
        NaN,
        NaN,
        NaN,
        NaN,
        NaN,
        NaN,
        NaN,
        NaN,
        NaN,
        NaN,
        NaN,
        NaN,
        NaN,
        NaN,
        NaN,
        NaN,
        NaN,
        NaN,
        NaN,
        NaN,
        NaN,
        NaN,
        NaN,
        NaN,
        NaN,
        NaN,
        NaN,
        NaN,
        NaN,
        NaN,
        NaN,
        NaN,
        NaN,
        NaN,
        NaN,
        NaN,
        NaN,
        NaN,
        NaN,
        NaN,
        NaN,
        NaN,
        NaN,
        NaN,
        NaN,
        NaN,
        NaN,
        NaN,
        NaN,
        NaN,
        NaN,
        NaN,
        NaN,
        NaN,
        NaN,
        NaN
    ],