{
    "avg_iou": 0.11173051558720955,
    "thresh": 0.5128142833709717,
    "ious_at_thresh": [
        0.06741329283835452,
        0.3209121476705088,
        0.20725198478884516,
        0.13370125908258917,
        0.06316687232343761,
        0.21557088418310744,
        0.33005426567881657,
        0.0,
        0.09949691829531686,
        0.17248527165612043,
        0.0,
        0.08882968027347678,
        0.025023496240601503,
        0.0,
        0.05952358101234236,
        0.0,
        0.0,
        0.0,
        0.14322064703744092,
        0.002288994659012462,
        0.0,
        0.0,
        0.0,
        0.09103208349439505,
        0.0,
        0.0,
        0.0,
        0.0,
        0.0,
        0.06423833352728965,
        0.02339309138609532,
        0.021915584415584416,
        0.018806990881458967,
        0.0,
        0.0,
        0.0,
        0.0,
        0.0,
        0.0,
        0.04970891177787729,
        0.0,
        0.5978262544268386,
        0.42256288846330087,
        0.14847866921013586,
        0.2369110916513386,
        0.28797295152843944,
        0.17690501744030052,
        0.4785646444597369,
        0.1666858281597302,
        0.33156583655514515,
        0.41434783102301237,
        0.26139418410389087,
        0.4363747519786793,
        0.41549954688290747,
        0.10663831994738256,
        0.017052091433190947,
        0.2830681167716085,
        0.08696145381945232,
        0.4387798385985005,
        0.20818702605512576,
        0.0,
        0.0,
        0.054940752727462544,
        0.09638754786082904,
        0.09630915540795532,
        0.0,
        0.0,
        0.1317480200420236,
        0.11210446657984584,
        0.15876797782013516,
        0.14522930315664087,
        0.12537612838515547,
        0.11714011381466476,
        0.14340388369464707,
        0.1648448355720241,
        0.27648372686662415,
        0.47095453753701444,
        0.172220566318927,
        0.10655331792670848,
        0.7113624124932687,
        0.0,
        0.0021547502448579824,
        0.09929217459693275,
        0.015539930508057236,
        0.020691137064563426,
        0.01120247884638303,
        0.07414942125569976,
        0.05958055290753098,
        0.0,
        0.09280373336161638,
        0.0,
        0.0,
        0.0,
        0.0,
        0.0,
        0.0,
        0.0,
        0.0,
        0.0,
        0.0,
        NaN,
        NaN,
        NaN,
        NaN,
        NaN,
        NaN,
        NaN,
        NaN,
        NaN,
        NaN,
        NaN,
        NaN,
        NaN,
        NaN,
        NaN,
        NaN,
        NaN,
        NaN,
        NaN,
        NaN,
        NaN,
        NaN,
        NaN,
        NaN,
        NaN,
        NaN,
        NaN,
        NaN,
        NaN,
        NaN,
        NaN,
        NaN,
        NaN,
        NaN,
        NaN,
        NaN,
        NaN,
        NaN,
        NaN,
        NaN,
        NaN,
        NaN,
        NaN,
        NaN,
        NaN,
        NaN,
        NaN,
        NaN,
        NaN,
        NaN
    ],
    "image_classes": [
        1,
        1,
        1,
        1,
        1,
        1,
        1,
        1,
        1,
        1,
        1,
        1,
        1,
        1,
        1,
        1,
        1,
        1,
        1,
        1,
        1,
        1,
        1,
        1,
        1,
        1,
        1,
        1,
        1,
        1,
        1,
        1,
        1,
        1,
        1,
        1,
        1,
        1,
        1,
        1,
        1,
        1,
        1,
        1,
        1,
        1,
        1,
        1,
        1,
        1,
        1,
        1,
        1,
        1,
        1,
        1,
        1,
        1,
        1,
        1,
        1,
        1,
        1,
        1,
        1,
        1,
        1,
        1,
        1,
        1,
        1,
        1,
        1,
        1,
        1,
        1,
        1,
        1,
        1,
        1,
        1,
        1,
        1,
        1,
        1,
        1,
        1,
        1,
        1,
        1,
        1,
        1,
        1,
        1,
        1,
        1,
        1,
        1,
        1,
        1,
        0,
        0,
        0,
        0,
        0,
        0,
        0,
        0,
        0,
        0,
        0,
        0,
        0,
        0,
        0,
        0,
        0,
        0,
        0,
        0,
        0,
        0,
        0,
        0,
        0,
        0,
        0,
        0,
        0,
        0,
        0,
        0,
        0,
        0,
        0,
        0,
        0,
        0,
        0,
        0,
        0,
        0,
        0,
        0,
        0,
        0,
        0,
        0,
        0,
        0
    ],