{
    "shared_fpr_metric": "mean-per-image-fpr",
    "fpr_lower_bound": 1e-05,
    "fpr_upper_bound": 0.0001,
    "num_threshs": 1155,
    "thresh_lower_bound": 2.796084403991699,
    "thresh_upper_bound": 2.858539581298828,
    "aupimos": [
        0.9611309428327729,
        0.9991029447321124,
        0.9997733780650997,
        0.9868666621254388,
        1.0,
        1.0,
        0.9890186746532282,
        1.0,
        1.0,
        0.9949433687930583,
        0.9991320141303663,
        1.0,
        0.9995842641422785,
        0.17131803380202099,
        0.7883997146520976,
        0.6968663927860631,
        0.3262825394675048,
        0.29140301156934645,
        0.7862306441895207,
        0.08124655899827952,
        0.3392231922937554,
        0.721930428283728,
        0.27268996466371426,
        0.8147269714403279,
        0.2424746142989832,
        0.8868512804548155,
        0.9666579604647647,
        0.736440182476765,
        0.7809993722196485,
        0.6737289181334719,
        0.8229541736325102,
        0.9815460051637823,
        0.8370170204985883,
        0.9960109174036373,
        0.7642030818728125,
        0.922322698241768,
        0.3001150369686109,
        0.8928768893660003,
        0.6890969350766439,
        0.6769752008721125,
        0.8555527494633113,
        0.7626418284779406,
        0.8462591141708365,
        0.6838008022470098,
        0.40996689448522605,
        0.7801687661126001,
        0.7930620195729777,
        0.7592285139187087,
        0.745197617777826,
        0.8240487433760892,
        0.6156482575415796,
        0.8955737452145364,
        0.9482019531220417,
        0.2164275808208366,
        0.16733372397314755,
        0.955093455311965,
        0.8113514183733158,
        0.3086519951482771,
        0.2718040249572471,
        0.6784351366548471,
        NaN,
        NaN,
        NaN,
        NaN,
        NaN,
        NaN,
        NaN,
        NaN,
        NaN,
        NaN,
        NaN,
        NaN,
        NaN,
        NaN,
        NaN,
        NaN,
        NaN,
        NaN,
        NaN,
        NaN,
        NaN,
        NaN,
        NaN,
        NaN,
        NaN,
        NaN,
        NaN,
        NaN,
        NaN,
        NaN,
        NaN,
        NaN,
        NaN,
        NaN,
        NaN,
        NaN,
        NaN,
        NaN,
        NaN,
        NaN,
        NaN,
        NaN,
        NaN,
        NaN,
        NaN,
        NaN,
        NaN,
        NaN,
        NaN,
        NaN,
        NaN,
        NaN,
        NaN,
        NaN,
        NaN,
        NaN,
        NaN,
        NaN,
        0.997501955913222,
        0.9817171560512093,
        0.9627850942320583,
        0.9922739235267106,
        0.9303686057360624,
        0.9512941637697995,
        0.9946539682470449,
        0.9721879163730249,
        0.9388875405085672,
        0.9931357543536938,
        0.9970123071542482,
        0.9857001977244669,
        0.2322061333847,
        0.9295884913169793,
        0.8801404060978721,
        0.9591004085966779,
        0.9045626727560988,
        0.9263792757518945,
        0.8168400309700454,
        0.7509961223751881,
        0.9588750325033673,
        0.9679312022230877,
        0.5164848244080371,
        0.7924364983956317,
        0.05459754485854353,
        0.029251232908708746,
        0.1602295911453313,
        0.8830780042250531,
        0.517210037872179,
        0.4385722009298639,
        0.5691531178452662,
        0.3816433962393649
    ],
    "paths": [
        "MVTec/cable/test/bent_wire/000.png",
        "MVTec/cable/test/bent_wire/001.png",
        "MVTec/cable/test/bent_wire/002.png",
        "MVTec/cable/test/bent_wire/003.png",
        "MVTec/cable/test/bent_wire/004.png",
        "MVTec/cable/test/bent_wire/005.png",
        "MVTec/cable/test/bent_wire/006.png",
        "MVTec/cable/test/bent_wire/007.png",
        "MVTec/cable/test/bent_wire/008.png",
        "MVTec/cable/test/bent_wire/009.png",
        "MVTec/cable/test/bent_wire/010.png",
        "MVTec/cable/test/bent_wire/011.png",
        "MVTec/cable/test/bent_wire/012.png",
        "MVTec/cable/test/cable_swap/000.png",
        "MVTec/cable/test/cable_swap/001.png",
        "MVTec/cable/test/cable_swap/002.png",
        "MVTec/cable/test/cable_swap/003.png",
        "MVTec/cable/test/cable_swap/004.png",
        "MVTec/cable/test/cable_swap/005.png",
        "MVTec/cable/test/cable_swap/006.png",
        "MVTec/cable/test/cable_swap/007.png",
        "MVTec/cable/test/cable_swap/008.png",
        "MVTec/cable/test/cable_swap/009.png",
        "MVTec/cable/test/cable_swap/010.png",
        "MVTec/cable/test/cable_swap/011.png",
        "MVTec/cable/test/combined/000.png",
        "MVTec/cable/test/combined/001.png",
        "MVTec/cable/test/combined/002.png",
        "MVTec/cable/test/combined/003.png",
        "MVTec/cable/test/combined/004.png",
        "MVTec/cable/test/combined/005.png",
        "MVTec/cable/test/combined/006.png",
        "MVTec/cable/test/combined/007.png",
        "MVTec/cable/test/combined/008.png",
        "MVTec/cable/test/combined/009.png",
        "MVTec/cable/test/combined/010.png",
        "MVTec/cable/test/cut_inner_insulation/000.png",
        "MVTec/cable/test/cut_inner_insulation/001.png",
        "MVTec/cable/test/cut_inner_insulation/002.png",
        "MVTec/cable/test/cut_inner_insulation/003.png",
        "MVTec/cable/test/cut_inner_insulation/004.png",
        "MVTec/cable/test/cut_inner_insulation/005.png",
        "MVTec/cable/test/cut_inner_insulation/006.png",
        "MVTec/cable/test/cut_inner_insulation/007.png",
        "MVTec/cable/test/cut_inner_insulation/008.png",
        "MVTec/cable/test/cut_inner_insulation/009.png",
        "MVTec/cable/test/cut_inner_insulation/010.png",
        "MVTec/cable/test/cut_inner_insulation/011.png",
        "MVTec/cable/test/cut_inner_insulation/012.png",
        "MVTec/cable/test/cut_inner_insulation/013.png",
        "MVTec/cable/test/cut_outer_insulation/000.png",
        "MVTec/cable/test/cut_outer_insulation/001.png",
        "MVTec/cable/test/cut_outer_insulation/002.png",
        "MVTec/cable/test/cut_outer_insulation/003.png",
        "MVTec/cable/test/cut_outer_insulation/004.png",
        "MVTec/cable/test/cut_outer_insulation/005.png",
        "MVTec/cable/test/cut_outer_insulation/006.png",
        "MVTec/cable/test/cut_outer_insulation/007.png",
        "MVTec/cable/test/cut_outer_insulation/008.png",
        "MVTec/cable/test/cut_outer_insulation/009.png",
        "MVTec/cable/test/good/000.png",
        "MVTec/cable/test/good/001.png",
        "MVTec/cable/test/good/002.png",
        "MVTec/cable/test/good/003.png",
        "MVTec/cable/test/good/004.png",
        "MVTec/cable/test/good/005.png",
        "MVTec/cable/test/good/006.png",
        "MVTec/cable/test/good/007.png",
        "MVTec/cable/test/good/008.png",
        "MVTec/cable/test/good/009.png",
        "MVTec/cable/test/good/010.png",
        "MVTec/cable/test/good/011.png",
        "MVTec/cable/test/good/012.png",
        "MVTec/cable/test/good/013.png",
        "MVTec/cable/test/good/014.png",
        "MVTec/cable/test/good/015.png",
        "MVTec/cable/test/good/016.png",
        "MVTec/cable/test/good/017.png",
        "MVTec/cable/test/good/018.png",
        "MVTec/cable/test/good/019.png",
        "MVTec/cable/test/good/020.png",
        "MVTec/cable/test/good/021.png",
        "MVTec/cable/test/good/022.png",
        "MVTec/cable/test/good/023.png",
        "MVTec/cable/test/good/024.png",
        "MVTec/cable/test/good/025.png",
        "MVTec/cable/test/good/026.png",
        "MVTec/cable/test/good/027.png",
        "MVTec/cable/test/good/028.png",
        "MVTec/cable/test/good/029.png",
        "MVTec/cable/test/good/030.png",
        "MVTec/cable/test/good/031.png",
        "MVTec/cable/test/good/032.png",
        "MVTec/cable/test/good/033.png",
        "MVTec/cable/test/good/034.png",
