{
    "avg_iou": 0.10659815067801266,
    "thresh": 1.8408327102661133,
    "ious_at_thresh": [
        0.0,
        0.22133954252842075,
        0.23793714032757857,
        0.17164457718872503,
        0.34804126585807893,
        0.06702521553471527,
        0.2981943507904398,
        0.06498240321769734,
        0.3404059040590406,
        0.22471963731806252,
        0.0,
        0.0,
        0.23114355231143552,
        0.0,
        0.0,
        0.0,
        0.0,
        0.0,
        0.0,
        0.0,
        0.0,
        0.0,
        0.0,
        0.0,
        0.0,
        0.0,
        0.4594744121715076,
        0.0,
        0.0,
        0.0,
        0.08007729147897008,
        0.0,
        0.0,
        0.0,
        0.0,
        0.0,
        0.0,
        0.0,
        0.18132183908045976,
        0.0,
        0.0,
        0.025052192066805846,
        0.008133263743910926,
        0.004991905018888289,
        0.0034941279239056587,
        0.0030335861321776816,
        0.0,
        0.02746962493396725,
        0.0,
        0.0,
        0.0,
        0.0,
        0.0,
        0.10862988042068866,
        0.0,
        0.6107784431137725,
        0.0,
        0.021682940838598508,
        0.0,
        0.0,
        0.0,
        0.28268416434593524,
        0.03155716502845318,
        0.1800594990775981,
        0.0987672080210596,
        0.31196098257300897,
        0.4678676597956002,
        0.23718230938563137,
        0.2756421104703386,
        0.0,
        0.06520275325452642,
        0.06365037628071447,
        0.048545999714435295,
        0.03402789447151739,
        0.10062791820962808,
        0.04338818515449272,
        0.041538198013018154,
        0.05151263805823547,
        0.04634491956322414,
        0.08871258564731338,
        0.07583806557977651,
        0.10727913120046963,
        0.06366197183098592,
        0.0766271240782302,
        0.07277048438207334,
        0.2767485389052294,
        0.37128688803539306,
        0.1381352758961092,
        0.29779622841496267,
        0.3056050501450899,
        0.24866124866124867,
        0.2527367506516073,
        0.2601912135609127,
        0.16005278966050787,
        0.3801255509549886,
        0.1737724792887452,
        0.19832471051983247,
        0.5331637590201553,
        0.24907632217882403,
        0.2091158217135488,
        NaN,
        NaN,
        NaN,
        NaN,
        NaN,
        NaN,
        NaN,
        NaN,
        NaN,
        NaN,
        NaN,
        NaN,
        NaN,
        NaN,
        NaN,
        NaN,
        NaN,
        NaN,
        NaN,
        NaN,
        NaN,
        NaN,
        NaN,
        NaN,
        NaN,
        NaN,
        NaN,
        NaN,
        NaN,
        NaN,
        NaN,
        NaN,
        NaN,
        NaN,
        NaN,
        NaN,
        NaN,
        NaN,
        NaN,
        NaN,
        NaN,
        NaN,
        NaN,
        NaN,
        NaN,
        NaN,
        NaN,
        NaN,
        NaN,
        NaN,
        NaN,
        NaN,
        NaN,
        NaN,
        NaN,
        NaN,
        NaN,
        NaN,
        NaN,
        NaN,
        NaN,
        NaN,
        NaN,
        NaN,
        NaN,
        NaN,
        NaN,
        NaN,
        NaN,
        NaN,
        NaN,
        NaN,
        NaN,
        NaN,
        NaN,
        NaN,
        NaN,
        NaN,
        NaN,
        NaN,
        NaN,
        NaN,
        NaN,
        NaN,
        NaN,
        NaN,
        NaN,
        NaN,
        NaN,
        NaN,
        NaN,
        NaN,
        NaN,
        NaN,
        NaN,
        NaN,
        NaN,
        NaN,
        NaN,
        NaN
    ],
    "image_classes": [
        1,
        1,
        1,
        1,
        1,
        1,
        1,
        1,
        1,
        1,
        1,
        1,
        1,
        1,
        1,
        1,
        1,
        1,
        1,
        1,
        1,
        1,
        1,
        1,
        1,
        1,
        1,
        1,
        1,
        1,
        1,
        1,
        1,
        1,
        1,
        1,
        1,
        1,
        1,
        1,
        1,
        1,
        1,
        1,
        1,
        1,
        1,
        1,
        1,
        1,
        1,
        1,
        1,
        1,
        1,
        1,
        1,
        1,
        1,
        1,
        1,
        1,
        1,
        1,
        1,
        1,
        1,
        1,
        1,
        1,
        1,
        1,
        1,
        1,
        1,
        1,
        1,
        1,
        1,
        1,
        1,
        1,
        1,
        1,
        1,
        1,
        1,
        1,
        1,
        1,
        1,
        1,
        1,
        1,
        1,
        1,
        1,
        1,
        1,
        1,
        0,
        0,
        0,
        0,
        0,
        0,
        0,
        0,
        0,
        0,
        0,
        0,
        0,
        0,
        0,
        0,
        0,
        0,
        0,
        0,
        0,
        0,
        0,
        0,
        0,
        0,
        0,
        0,
        0,
        0,
        0,
        0,
        0,
        0,
        0,
        0,
        0,
        0,
        0,
        0,
        0,
        0,
        0,
        0,
        0,
        0,
        0,
        0,
        0,
        0,
        0,
        0,
        0,
        0,
        0,
        0,
        0,
        0,
        0,
        0,
        0,
        0,
        0,
        0,
        0,
        0,
        0,
        0,
        0,
        0,
        0,
        0,
        0,
        0,
        0,
        0,
        0,
        0,
        0,
        0,
        0,
        0,
        0,
        0,
        0,
        0,
        0,
        0,
        0,
        0,
        0,
        0,
        0,
        0,
        0,
        0,
        0,
        0,
        0,
        0
    ],