{
    "shared_fpr_metric": "mean-per-image-fpr",
    "fpr_lower_bound": 1e-05,
    "fpr_upper_bound": 0.0001,
    "num_threshs": null,
    "thresh_lower_bound": -0.37440726161003113,
    "thresh_upper_bound": -0.30977603793144226,
    "aupimos": [
        0.43696088077096323,
        0.11418867534704671,
        0.0006363930236115329,
        0.0,
        0.10314803609835042,
        0.40068079666895323,
        0.9451188519126706,
        0.8943602079803341,
        0.0,
        0.0,
        0.0,
        0.0,
        0.9815545293592725,
        0.9925254218326137,
        0.9125291126645736,
        0.48874737174628285,
        0.9999420128870352,
        0.9999420128870352,
        0.6156279361575873,
        0.9999420128870352,
        0.9999420128870352,
        0.46978279291277564,
        0.9199091566026156,
        0.3873482195279902,
        0.9086373267879448,
        0.9999420128870352,
        0.9999420128870352,
        0.9999420128870352,
        0.9999420128870352,
        0.9999420128870352,
        0.9399454921138131,
        0.9596061544708131,
        0.9999420128870352,
        0.9999420128870352,
        0.9757539751163159,
        0.9985292222856491,
        0.9966669004647409,
        0.9412375930195458,
        0.9999420128870352,
        0.9999420128870352,
        0.9999420128870352,
        0.9999420128870352,
        0.8010722527106205,
        0.8097415357592144,
        0.4385310644004556,
        0.9043944585360709,
        0.015342214684715066,
        0.0,
        0.0,
        0.9938749574857763,
        0.02666793378002062,
        0.0,
        0.0,
        0.0,
        0.0,
        0.0,
        0.0,
        0.0,
        0.0,
        0.00048545339134849815,
        0.4447985691740539,
        0.0,
        0.5617680832903437,
        0.007885951986199045,
        0.007474125679555096,
        0.9440267291544557,
        0.0,
        0.0,
        0.9348650929936537,
        0.0011847535312966466,
        0.2142335375599969,
        0.07099017114484966,
        0.9999420128870352,
        0.5163115286780656,
        0.0615574980267596,
        0.0,
        0.8519769836473892,
        0.24936915300599866,
        0.0,
        0.7109583342153076,
        0.0,
        0.0,
        0.03030099689298876,
        0.0,
        0.0,
        0.0035343378989087146,
        0.34604966362753253,
        0.0,
        0.0,
        0.0,
        0.0,
        0.48956222720555,
        0.0,
        0.0,
        0.9812182743356511,
        0.8966054678685982,
        0.9655631420561382,
        0.9601006121384529,
        0.8557840219115747,
        0.9323997692908083,
        NaN,
        NaN,
        NaN,
        NaN,
        NaN,
        NaN,
        NaN,
        NaN,
        NaN,
        NaN,
        NaN,
        NaN,
        NaN,
        NaN,
        NaN,
        NaN,
        NaN,
        NaN,
        NaN,
        NaN,
        NaN,
        NaN,
        NaN,
        NaN,
        NaN,
        NaN,
        NaN,
        NaN,
        NaN,
        NaN,
        NaN,
        NaN,
        NaN,
        NaN,
        NaN,
        NaN,
        NaN,
        NaN,
        NaN,
        NaN,
        NaN,
        NaN,
        NaN,
        NaN,
        NaN,
        NaN,
        NaN,
        NaN,
        NaN,
        NaN
    ],
    "paths": [
        "VisA/visa_pytorch/cashew/test/bad/000.JPG",
        "VisA/visa_pytorch/cashew/test/bad/001.JPG",
        "VisA/visa_pytorch/cashew/test/bad/002.JPG",
        "VisA/visa_pytorch/cashew/test/bad/003.JPG",
        "VisA/visa_pytorch/cashew/test/bad/004.JPG",
        "VisA/visa_pytorch/cashew/test/bad/005.JPG",
        "VisA/visa_pytorch/cashew/test/bad/006.JPG",
        "VisA/visa_pytorch/cashew/test/bad/007.JPG",
        "VisA/visa_pytorch/cashew/test/bad/008.JPG",
        "VisA/visa_pytorch/cashew/test/bad/009.JPG",
        "VisA/visa_pytorch/cashew/test/bad/010.JPG",
        "VisA/visa_pytorch/cashew/test/bad/011.JPG",
        "VisA/visa_pytorch/cashew/test/bad/012.JPG",
        "VisA/visa_pytorch/cashew/test/bad/013.JPG",
        "VisA/visa_pytorch/cashew/test/bad/014.JPG",
        "VisA/visa_pytorch/cashew/test/bad/015.JPG",
        "VisA/visa_pytorch/cashew/test/bad/016.JPG",
        "VisA/visa_pytorch/cashew/test/bad/017.JPG",
        "VisA/visa_pytorch/cashew/test/bad/018.JPG",
        "VisA/visa_pytorch/cashew/test/bad/019.JPG",
        "VisA/visa_pytorch/cashew/test/bad/020.JPG",
        "VisA/visa_pytorch/cashew/test/bad/021.JPG",
        "VisA/visa_pytorch/cashew/test/bad/022.JPG",
        "VisA/visa_pytorch/cashew/test/bad/023.JPG",
        "VisA/visa_pytorch/cashew/test/bad/024.JPG",
        "VisA/visa_pytorch/cashew/test/bad/025.JPG",
        "VisA/visa_pytorch/cashew/test/bad/026.JPG",
        "VisA/visa_pytorch/cashew/test/bad/027.JPG",
        "VisA/visa_pytorch/cashew/test/bad/028.JPG",
        "VisA/visa_pytorch/cashew/test/bad/029.JPG",
        "VisA/visa_pytorch/cashew/test/bad/030.JPG",
        "VisA/visa_pytorch/cashew/test/bad/031.JPG",
        "VisA/visa_pytorch/cashew/test/bad/032.JPG",
        "VisA/visa_pytorch/cashew/test/bad/033.JPG",
        "VisA/visa_pytorch/cashew/test/bad/034.JPG",
        "VisA/visa_pytorch/cashew/test/bad/035.JPG",
        "VisA/visa_pytorch/cashew/test/bad/036.JPG",
        "VisA/visa_pytorch/cashew/test/bad/037.JPG",
        "VisA/visa_pytorch/cashew/test/bad/038.JPG",
        "VisA/visa_pytorch/cashew/test/bad/039.JPG",
        "VisA/visa_pytorch/cashew/test/bad/040.JPG",
        "VisA/visa_pytorch/cashew/test/bad/041.JPG",
        "VisA/visa_pytorch/cashew/test/bad/042.JPG",
        "VisA/visa_pytorch/cashew/test/bad/043.JPG",
        "VisA/visa_pytorch/cashew/test/bad/044.JPG",
        "VisA/visa_pytorch/cashew/test/bad/045.JPG",
        "VisA/visa_pytorch/cashew/test/bad/046.JPG",
        "VisA/visa_pytorch/cashew/test/bad/047.JPG",
        "VisA/visa_pytorch/cashew/test/bad/048.JPG",
        "VisA/visa_pytorch/cashew/test/bad/049.JPG",
        "VisA/visa_pytorch/cashew/test/bad/050.JPG",
        "VisA/visa_pytorch/cashew/test/bad/051.JPG",
        "VisA/visa_pytorch/cashew/test/bad/052.JPG",
        "VisA/visa_pytorch/cashew/test/bad/053.JPG",
        "VisA/visa_pytorch/cashew/test/bad/054.JPG",
        "VisA/visa_pytorch/cashew/test/bad/055.JPG",
        "VisA/visa_pytorch/cashew/test/bad/056.JPG",
        "VisA/visa_pytorch/cashew/test/bad/057.JPG",
        "VisA/visa_pytorch/cashew/test/bad/058.JPG",
        "VisA/visa_pytorch/cashew/test/bad/059.JPG",
        "VisA/visa_pytorch/cashew/test/bad/060.JPG",
        "VisA/visa_pytorch/cashew/test/bad/061.JPG",
        "VisA/visa_pytorch/cashew/test/bad/062.JPG",
        "VisA/visa_pytorch/cashew/test/bad/063.JPG",
        "VisA/visa_pytorch/cashew/test/bad/064.JPG",
        "VisA/visa_pytorch/cashew/test/bad/065.JPG",
        "VisA/visa_pytorch/cashew/test/bad/066.JPG",
        "VisA/visa_pytorch/cashew/test/bad/067.JPG",
        "VisA/visa_pytorch/cashew/test/bad/068.JPG",
        "VisA/visa_pytorch/cashew/test/bad/069.JPG",
        "VisA/visa_pytorch/cashew/test/bad/070.JPG",
        "VisA/visa_pytorch/cashew/test/bad/071.JPG",
        "VisA/visa_pytorch/cashew/test/bad/072.JPG",
        "VisA/visa_pytorch/cashew/test/bad/073.JPG",
        "VisA/visa_pytorch/cashew/test/bad/074.JPG",
        "VisA/visa_pytorch/cashew/test/bad/075.JPG",
        "VisA/visa_pytorch/cashew/test/bad/076.JPG",
        "VisA/visa_pytorch/cashew/test/bad/077.JPG",
        "VisA/visa_pytorch/cashew/test/bad/078.JPG",
        "VisA/visa_pytorch/cashew/test/bad/079.JPG",
        "VisA/visa_pytorch/cashew/test/bad/080.JPG",
        "VisA/visa_pytorch/cashew/test/bad/081.JPG",
        "VisA/visa_pytorch/cashew/test/bad/082.JPG",
        "VisA/visa_pytorch/cashew/test/bad/083.JPG",
        "VisA/visa_pytorch/cashew/test/bad/084.JPG",
        "VisA/visa_pytorch/cashew/test/bad/085.JPG",
        "VisA/visa_pytorch/cashew/test/bad/086.JPG",
        "VisA/visa_pytorch/cashew/test/bad/087.JPG",
