{
    "avg_iou": 0.28229260581145194,
    "thresh": 0.5548810779546455,
    "ious_at_thresh": [
        0.0,
        0.0881506912870001,
        0.07347145591712645,
        0.08614253718486188,
        0.046198617679156055,
        0.11506565307532826,
        0.021607337167728898,
        0.05038161901372246,
        0.15201824643292844,
        0.21128695740674774,
        0.17801334186237777,
        0.1605974056884446,
        0.09565418400369857,
        0.09013253489498481,
        0.07073331088340469,
        0.0,
        0.2515982383861344,
        0.4952107279693487,
        0.38256410256410256,
        0.5212487411883182,
        0.0,
        0.27605633802816903,
        0.0,
        0.24696614860549287,
        0.35275713727023855,
        0.0,
        0.0,
        0.032704068067003454,
        0.3190302510190946,
        0.27957799547852297,
        0.32783134499101163,
        0.15858708891595616,
        0.34764875239923226,
        0.24529878813205183,
        0.41401600656679666,
        0.2688698490412077,
        0.6554350334641126,
        0.0,
        0.3355552592987602,
        0.3716102487376099,
        0.7279924435440772,
        0.8384704137135323,
        0.6353257219610476,
        0.887046666166091,
        0.7786406306163222,
        0.7818942512479902,
        0.9220004318043534,
        0.0,
        0.0,
        0.0,
        0.8298269043985015,
        0.0862704337144477,
        0.21598826549321598,
        0.5986188164586222,
        0.7669623470401105,
        0.7927033756203317,
        0.5871554386366236,
        0.0,
        0.0,
        0.7497620775109067,
        0.7112994350282486,
        0.5940777297964219,
        0.33274887979738943,
        0.387710843373494,
        0.27896995708154504,
        0.14244274809160307,
        0.4897231187361984,
        0.698054818744474,
        0.24947748432452974,
        0.28422943667393813,
        0.38236808236808234,
        0.3327900493244692,
        0.18525863493637415,
        0.05421960072595281,
        0.5039085989176187,
        0.3178524374176548,
        0.2646326276463263,
        0.10391822827938671,
        0.12609457092819615,
        0.5550847457627118,
        0.0,
        0.04534756001882944,
        0.3524868123587038,
        0.0,
        0.125,
        0.0,
        0.34214293580002203,
        0.13041065482796893,
        0.1919047619047619,
        0.24228435768926404,
        0.4119332336821126,
        0.04125702247191011,
        0.3265505652306752,
        0.15134302493501492,
        0.0,
        0.26461003693243534,
        0.31057764441110275,
        0.0,
        0.08529005524861878,
        0.2925816571323122,
        NaN,
        NaN,
        NaN,
        NaN,
        NaN,
        NaN,
        NaN,
        NaN,
        NaN,
        NaN,
        NaN,
        NaN,
        NaN,
        NaN,
        NaN,
        NaN,
        NaN,
        NaN,
        NaN,
        NaN,
        NaN,
        NaN,
        NaN,
        NaN,
        NaN,
        NaN,
        NaN,
        NaN,
        NaN,
        NaN,
        NaN,
        NaN,
        NaN,
        NaN,
        NaN,
        NaN,
        NaN,
        NaN,
        NaN,
        NaN,
        NaN,
        NaN,
        NaN,
        NaN,
        NaN,
        NaN,
        NaN,
        NaN,
        NaN,
        NaN,
        NaN,
        NaN,
        NaN,
        NaN,
        NaN,
        NaN,
        NaN,
        NaN,
        NaN,
        NaN,
        NaN,
        NaN,
        NaN,
        NaN,
        NaN,
        NaN,
        NaN,
        NaN,
        NaN,
        NaN,
        NaN,
        NaN,
        NaN,
        NaN,
        NaN,
        NaN,
        NaN,
        NaN,
        NaN,
        NaN,
        NaN,
        NaN,
        NaN,
        NaN,
        NaN,
        NaN,
        NaN,
        NaN,
        NaN,
        NaN,
        NaN,
        NaN,
        NaN,
        NaN,
        NaN,
        NaN,
        NaN,
        NaN,
        NaN,
        NaN
    ],
    "image_classes": [
        1,
        1,
        1,
        1,
        1,
        1,
        1,
        1,
        1,
        1,
        1,
        1,
        1,
        1,
        1,
        1,
        1,
        1,
        1,
        1,
        1,
        1,
        1,
        1,
        1,
        1,
        1,
        1,
        1,
        1,
        1,
        1,
        1,
        1,
        1,
        1,
        1,
        1,
        1,
        1,
        1,
        1,
        1,
        1,
        1,
        1,
        1,
        1,
        1,
        1,
        1,
        1,
        1,
        1,
        1,
        1,
        1,
        1,
        1,
        1,
        1,
        1,
        1,
        1,
        1,
        1,
        1,
        1,
        1,
        1,
        1,
        1,
        1,
        1,
        1,
        1,
        1,
        1,
        1,
        1,
        1,
        1,
        1,
        1,
        1,
        1,
        1,
        1,
        1,
        1,
        1,
        1,
        1,
        1,
        1,
        1,
        1,
        1,
        1,
        1,
        0,
        0,
        0,
        0,
        0,
        0,
        0,
        0,
        0,
        0,
        0,
        0,
        0,
        0,
        0,
        0,
        0,
        0,
        0,
        0,
        0,
        0,
        0,
        0,
        0,
        0,
        0,
        0,
        0,
        0,
        0,
        0,
        0,
        0,
        0,
        0,
        0,
        0,
        0,
        0,
        0,
        0,
        0,
        0,
        0,
        0,
        0,
        0,
        0,
        0,
        0,
        0,
        0,
        0,
        0,
        0,
        0,
        0,
        0,
        0,
        0,
        0,
        0,
        0,
        0,
        0,
        0,
        0,
        0,
        0,
        0,
        0,
        0,
        0,
        0,
        0,
        0,
        0,
        0,
        0,
        0,
        0,
        0,
        0,
        0,
        0,
        0,
        0,
        0,
        0,
        0,
        0,
        0,
        0,
        0,
        0,
        0,
        0,
        0,
        0
    ],