{
    "avg_iou": 0.21431387449483186,
    "thresh": 1.0066331624984741,
    "ious_at_thresh": [
        0.0,
        0.13067872286653,
        0.1934776651137298,
        0.26195524146054183,
        0.03878854316707244,
        0.0,
        0.19955009114532832,
        0.14454668879167296,
        0.20983978448886997,
        0.1258891423969937,
        0.20920677413722866,
        0.16846156233512305,
        0.051809385142718475,
        0.07968584539357572,
        0.03646063281824871,
        0.1826571450992702,
        0.0,
        0.0969887531745072,
        0.1787298770439853,
        0.11141304347826086,
        0.056735235567352355,
        0.2122425629290618,
        0.2725587144622991,
        0.0,
        0.4433029656910254,
        0.41670401912445837,
        0.1779781680113906,
        0.662789515423877,
        0.8390632446048063,
        0.15485471296952516,
        0.4075,
        0.3652447891420262,
        0.0,
        0.28105621124224844,
        0.05800922874093606,
        0.3497536945812808,
        0.2269217060710467,
        0.4670353041259039,
        0.3316953316953317,
        0.17737330478229835,
        0.4383810188415911,
        0.29875,
        0.5156719622155431,
        0.45067118467353057,
        0.2816691505216095,
        NaN,
        NaN,
        NaN,
        NaN,
        NaN,
        NaN,
        NaN,
        NaN,
        NaN,
        NaN,
        NaN,
        NaN,
        NaN,
        NaN,
        NaN,
        NaN,
        NaN,
        NaN,
        NaN,
        NaN,
        NaN,
        NaN,
        NaN,
        0.15625913916968656,
        0.13260809694299092,
        0.0,
        0.24012353622442414,
        0.25230142030510255,
        0.29891956782713086,
        0.0,
        0.0,
        0.12097492383407546,
        0.29406107237316664,
        0.0,
        0.14639408813851879,
        0.32598288118380964,
        0.07545504352590247,
        0.14754876575176937,
        0.0,
        0.12277596646483466,
        0.0,
        0.42034361577508783,
        0.1634401777213583,
        0.25535282070377957,
        0.0,
        0.28085932758829957,
        0.0,
        0.0,
        0.13011371358673493,
        0.0,
        0.28180778032036613,
        0.5111607142857143,
        0.42808292370164563,
        0.0,
        0.5191336358188511,
        0.2844041172740134,
        0.0,
        0.0,
        0.37219227861376,
        0.2589147286821705,
        0.14636696288552012,
        0.0,
        0.3336629056647668,
        0.5748138117806364,
        0.12310888557425953,
        0.32232061762034514,
        0.20014540478125134,
        0.43087208388530884,
        0.1805578097329972,
        0.02777900846218599,
        0.08731803412899429,
        0.1347478389497527,
        0.10404909840582188,
        0.3542868098546425,
        0.22142811733568887,
        0.34073050390607157,
        0.4095771821947781,
        0.22563758389261745,
        0.35865898351696374,
        0.5405063986378865,
        0.24285103086227033,
        0.24839578348833252,
        0.1714402171935162,
        0.4649124375085656,
        0.08230675125892628,
        0.19945203517003027,
        0.30897476396054896
    ],
    "image_classes": [
        1,
        1,
        1,
        1,
        1,
        1,
        1,
        1,
        1,
        1,
        1,
        1,
        1,
        1,
        1,
        1,
        1,
        1,
        1,
        1,
        1,
        1,
        1,
        1,
        1,
        1,
        1,
        1,
        1,
        1,
        1,
        1,
        1,
        1,
        1,
        1,
        1,
        1,
        1,
        1,
        1,
        1,
        1,
        1,
        1,
        0,
        0,
        0,
        0,
        0,
        0,
        0,
        0,
        0,
        0,
        0,
        0,
        0,
        0,
        0,
        0,
        0,
        0,
        0,
        0,
        0,
        0,
        0,
        1,
        1,
        1,
        1,
        1,
        1,
        1,
        1,
        1,
        1,
        1,
        1,
        1,
        1,
        1,
        1,
        1,
        1,
        1,
        1,
        1,
        1,
        1,
        1,
        1,
        1,
        1,
        1,
        1,
        1,
        1,
        1,
        1,
        1,
        1,
        1,
        1,
        1,
        1,
        1,
        1,
        1,
        1,
        1,
        1,
        1,
        1,
        1,
        1,
        1,
        1,
        1,
        1,
        1,
        1,
        1,
        1,
        1,
        1,
        1,
        1,
        1,
        1,
        1
    ],