{
    "shared_fpr_metric": "mean-per-image-fpr",
    "fpr_lower_bound": 1e-05,
    "fpr_upper_bound": 0.0001,
    "num_threshs": 1235,
    "thresh_lower_bound": 0.29449930787086487,
    "thresh_upper_bound": 0.3054209351539612,
    "aupimos": [
        0.0,
        0.0,
        0.0,
        0.0,
        0.0,
        0.0,
        0.0,
        0.0,
        0.0,
        0.0,
        0.0,
        0.0,
        0.0,
        0.0,
        0.0,
        0.0,
        0.0,
        0.0,
        0.0,
        0.0,
        0.0,
        0.0,
        0.0,
        0.0,
        0.0,
        0.0,
        0.0,
        0.0,
        0.0,
        0.0,
        0.0999094551515496,
        0.0,
        0.03007127199056621,
        0.010678021826130264,
        0.0,
        2.8513317720567025e-05,
        0.0,
        0.0,
        0.0,
        0.0,
        0.0,
        0.0,
        0.0,
        0.0002731493844824432,
        0.0,
        0.1061258360323016,
        0.25314255564016785,
        0.1836963641968532,
        0.24219842672390776,
        0.014930983577562132,
        0.0015801936703876574,
        0.14229374445053664,
        0.19954634595595724,
        0.09171875857266255,
        0.1252353330352288,
        0.16999691195066782,
        0.0018767003600802673,
        0.1044673895653878,
        0.018147281254187932,
        0.07304185140574203,
        0.10018159299887,
        0.003440056610594257,
        0.07213552626297456,
        0.2918663617331902,
        0.2910673218128407,
        0.08784695031431745,
        0.0,
        0.0003042987880549922,
        0.00536402984201512,
        0.0065135298646462475,
        0.0,
        0.014637170490019911,
        0.00017875742329209399,
        0.05323490472259289,
        0.005652926330245831,
        0.07573371307978083,
        0.0071202000966978825,
        0.0012132599736833572,
        0.0005723150210800468,
        0.0,
        0.005987308374939377,
        0.0003721480092879594,
        0.0,
        0.1525775020648391,
        0.006129304758039864,
        0.0,
        0.0,
        0.0,
        0.0,
        0.0,
        0.0,
        0.0,
        0.0,
        0.0,
        0.0,
        0.0,
        0.0,
        0.0,
        0.0,
        0.0,
        NaN,
        NaN,
        NaN,
        NaN,
        NaN,
        NaN,
        NaN,
        NaN,
        NaN,
        NaN,
        NaN,
        NaN,
        NaN,
        NaN,
        NaN,
        NaN,
        NaN,
        NaN,
        NaN,
        NaN,
        NaN,
        NaN,
        NaN,
        NaN,
        NaN,
        NaN,
        NaN,
        NaN,
        NaN,
        NaN,
        NaN,
        NaN,
        NaN,
        NaN,
        NaN,
        NaN,
        NaN,
        NaN,
        NaN,
        NaN,
        NaN,
        NaN,
        NaN,
        NaN,
        NaN,
        NaN,
        NaN,
        NaN,
        NaN,
        NaN,
        NaN,
        NaN,
        NaN,
        NaN,
        NaN,
        NaN,
        NaN,
        NaN,
        NaN,
        NaN
    ],
    "paths": [
        "VisA/visa_pytorch/capsules/test/bad/000.JPG",
        "VisA/visa_pytorch/capsules/test/bad/001.JPG",
        "VisA/visa_pytorch/capsules/test/bad/002.JPG",
        "VisA/visa_pytorch/capsules/test/bad/003.JPG",
        "VisA/visa_pytorch/capsules/test/bad/004.JPG",
        "VisA/visa_pytorch/capsules/test/bad/005.JPG",
        "VisA/visa_pytorch/capsules/test/bad/006.JPG",
        "VisA/visa_pytorch/capsules/test/bad/007.JPG",
        "VisA/visa_pytorch/capsules/test/bad/008.JPG",
        "VisA/visa_pytorch/capsules/test/bad/009.JPG",
        "VisA/visa_pytorch/capsules/test/bad/010.JPG",
        "VisA/visa_pytorch/capsules/test/bad/011.JPG",
        "VisA/visa_pytorch/capsules/test/bad/012.JPG",
        "VisA/visa_pytorch/capsules/test/bad/013.JPG",
        "VisA/visa_pytorch/capsules/test/bad/014.JPG",
        "VisA/visa_pytorch/capsules/test/bad/015.JPG",
        "VisA/visa_pytorch/capsules/test/bad/016.JPG",
        "VisA/visa_pytorch/capsules/test/bad/017.JPG",
        "VisA/visa_pytorch/capsules/test/bad/018.JPG",
        "VisA/visa_pytorch/capsules/test/bad/019.JPG",
        "VisA/visa_pytorch/capsules/test/bad/020.JPG",
        "VisA/visa_pytorch/capsules/test/bad/021.JPG",
        "VisA/visa_pytorch/capsules/test/bad/022.JPG",
        "VisA/visa_pytorch/capsules/test/bad/023.JPG",
        "VisA/visa_pytorch/capsules/test/bad/024.JPG",
        "VisA/visa_pytorch/capsules/test/bad/025.JPG",
        "VisA/visa_pytorch/capsules/test/bad/026.JPG",
        "VisA/visa_pytorch/capsules/test/bad/027.JPG",
        "VisA/visa_pytorch/capsules/test/bad/028.JPG",
        "VisA/visa_pytorch/capsules/test/bad/029.JPG",
        "VisA/visa_pytorch/capsules/test/bad/030.JPG",
        "VisA/visa_pytorch/capsules/test/bad/031.JPG",
        "VisA/visa_pytorch/capsules/test/bad/032.JPG",
        "VisA/visa_pytorch/capsules/test/bad/033.JPG",
        "VisA/visa_pytorch/capsules/test/bad/034.JPG",
        "VisA/visa_pytorch/capsules/test/bad/035.JPG",
        "VisA/visa_pytorch/capsules/test/bad/036.JPG",
        "VisA/visa_pytorch/capsules/test/bad/037.JPG",
        "VisA/visa_pytorch/capsules/test/bad/038.JPG",
        "VisA/visa_pytorch/capsules/test/bad/039.JPG",
        "VisA/visa_pytorch/capsules/test/bad/040.JPG",
        "VisA/visa_pytorch/capsules/test/bad/041.JPG",
        "VisA/visa_pytorch/capsules/test/bad/042.JPG",
        "VisA/visa_pytorch/capsules/test/bad/043.JPG",
        "VisA/visa_pytorch/capsules/test/bad/044.JPG",
        "VisA/visa_pytorch/capsules/test/bad/045.JPG",
        "VisA/visa_pytorch/capsules/test/bad/046.JPG",
        "VisA/visa_pytorch/capsules/test/bad/047.JPG",
        "VisA/visa_pytorch/capsules/test/bad/048.JPG",
        "VisA/visa_pytorch/capsules/test/bad/049.JPG",
        "VisA/visa_pytorch/capsules/test/bad/050.JPG",
        "VisA/visa_pytorch/capsules/test/bad/051.JPG",
        "VisA/visa_pytorch/capsules/test/bad/052.JPG",
        "VisA/visa_pytorch/capsules/test/bad/053.JPG",
        "VisA/visa_pytorch/capsules/test/bad/054.JPG",
        "VisA/visa_pytorch/capsules/test/bad/055.JPG",
        "VisA/visa_pytorch/capsules/test/bad/056.JPG",
        "VisA/visa_pytorch/capsules/test/bad/057.JPG",
        "VisA/visa_pytorch/capsules/test/bad/058.JPG",
        "VisA/visa_pytorch/capsules/test/bad/059.JPG",
        "VisA/visa_pytorch/capsules/test/bad/060.JPG",
        "VisA/visa_pytorch/capsules/test/bad/061.JPG",
        "VisA/visa_pytorch/capsules/test/bad/062.JPG",
        "VisA/visa_pytorch/capsules/test/bad/063.JPG",
        "VisA/visa_pytorch/capsules/test/bad/064.JPG",
        "VisA/visa_pytorch/capsules/test/bad/065.JPG",
        "VisA/visa_pytorch/capsules/test/bad/066.JPG",
        "VisA/visa_pytorch/capsules/test/bad/067.JPG",
        "VisA/visa_pytorch/capsules/test/bad/068.JPG",
        "VisA/visa_pytorch/capsules/test/bad/069.JPG",
        "VisA/visa_pytorch/capsules/test/bad/070.JPG",
        "VisA/visa_pytorch/capsules/test/bad/071.JPG",
        "VisA/visa_pytorch/capsules/test/bad/072.JPG",
        "VisA/visa_pytorch/capsules/test/bad/073.JPG",
        "VisA/visa_pytorch/capsules/test/bad/074.JPG",
        "VisA/visa_pytorch/capsules/test/bad/075.JPG",
        "VisA/visa_pytorch/capsules/test/bad/076.JPG",
        "VisA/visa_pytorch/capsules/test/bad/077.JPG",
        "VisA/visa_pytorch/capsules/test/bad/078.JPG",
        "VisA/visa_pytorch/capsules/test/bad/079.JPG",
        "VisA/visa_pytorch/capsules/test/bad/080.JPG",
        "VisA/visa_pytorch/capsules/test/bad/081.JPG",
        "VisA/visa_pytorch/capsules/test/bad/082.JPG",
        "VisA/visa_pytorch/capsules/test/bad/083.JPG",
        "VisA/visa_pytorch/capsules/test/bad/084.JPG",
        "VisA/visa_pytorch/capsules/test/bad/085.JPG",
        "VisA/visa_pytorch/capsules/test/bad/086.JPG",
        "VisA/visa_pytorch/capsules/test/bad/087.JPG",
        "VisA/visa_pytorch/capsules/test/bad/088.JPG",
        "VisA/visa_pytorch/capsules/test/bad/089.JPG",
