{
    "shared_fpr_metric": "mean-per-image-fpr",
    "fpr_lower_bound": 1e-05,
    "fpr_upper_bound": 0.0001,
    "num_threshs": 2755,
    "thresh_lower_bound": 0.024645017459988594,
    "thresh_upper_bound": 0.027135664597153664,
    "aupimos": [
        0.0,
        0.060340914076692224,
        0.0007234861564688269,
        0.007020600480120809,
        0.551457873259608,
        0.04940310969542634,
        0.05310818876010319,
        0.0,
        0.04316420501983764,
        0.00014015363942403606,
        0.013889287377534747,
        0.028934117797784438,
        0.12067147833072088,
        0.0,
        0.25757711007206807,
        0.038546082733688716,
        0.0771194362028495,
        0.12554897947325985,
        0.08512842918399122,
        0.010332126705363468,
        0.012728864756661571,
        0.5244302282368701,
        0.3989243637730784,
        0.18243096837977757,
        0.5648488859004281,
        0.0,
        0.14811038183895914,
        0.07908241679459532,
        0.0,
        0.2766001850010599,
        0.2768881596207956,
        0.12435040816506242,
        0.273846487959154,
        0.0001427839380545143,
        0.16351587384241476,
        0.0,
        0.08146647133870029,
        0.5843580641334253,
        0.4085923629836973,
        0.021843239342322632,
        0.43726932644562616,
        0.2571420441167464,
        0.12829439002900278,
        0.0,
        0.0,
        0.0,
        0.0,
        0.8384688043460569,
        1.0,
        0.9338411866417794,
        0.07694085666307181,
        0.01230702629158961,
        0.12337585835470519,
        0.9204954639115785,
        1.0,
        0.28680909548876593,
        0.15019011965789414,
        0.0,
        0.9601790754669598,
        0.29495237629549664,
        0.9479433049273863,
        0.0,
        0.9998846777980056,
        NaN,
        NaN,
        NaN,
        NaN,
        NaN,
        NaN,
        NaN,
        NaN,
        NaN,
        NaN,
        NaN,
        NaN,
        NaN,
        NaN,
        NaN,
        NaN,
        NaN,
        NaN,
        NaN,
        NaN
    ],
    "paths": [
        "MVTec/bottle/test/broken_large/000.png",
        "MVTec/bottle/test/broken_large/001.png",
        "MVTec/bottle/test/broken_large/002.png",
        "MVTec/bottle/test/broken_large/003.png",
        "MVTec/bottle/test/broken_large/004.png",
        "MVTec/bottle/test/broken_large/005.png",
        "MVTec/bottle/test/broken_large/006.png",
        "MVTec/bottle/test/broken_large/007.png",
        "MVTec/bottle/test/broken_large/008.png",
        "MVTec/bottle/test/broken_large/009.png",
        "MVTec/bottle/test/broken_large/010.png",
        "MVTec/bottle/test/broken_large/011.png",
        "MVTec/bottle/test/broken_large/012.png",
        "MVTec/bottle/test/broken_large/013.png",
        "MVTec/bottle/test/broken_large/014.png",
        "MVTec/bottle/test/broken_large/015.png",
        "MVTec/bottle/test/broken_large/016.png",
        "MVTec/bottle/test/broken_large/017.png",
        "MVTec/bottle/test/broken_large/018.png",
        "MVTec/bottle/test/broken_large/019.png",
        "MVTec/bottle/test/broken_small/000.png",
        "MVTec/bottle/test/broken_small/001.png",
        "MVTec/bottle/test/broken_small/002.png",
        "MVTec/bottle/test/broken_small/003.png",
        "MVTec/bottle/test/broken_small/004.png",
        "MVTec/bottle/test/broken_small/005.png",
        "MVTec/bottle/test/broken_small/006.png",
        "MVTec/bottle/test/broken_small/007.png",
        "MVTec/bottle/test/broken_small/008.png",
        "MVTec/bottle/test/broken_small/009.png",
        "MVTec/bottle/test/broken_small/010.png",
        "MVTec/bottle/test/broken_small/011.png",
        "MVTec/bottle/test/broken_small/012.png",
        "MVTec/bottle/test/broken_small/013.png",
        "MVTec/bottle/test/broken_small/014.png",
        "MVTec/bottle/test/broken_small/015.png",
        "MVTec/bottle/test/broken_small/016.png",
        "MVTec/bottle/test/broken_small/017.png",
        "MVTec/bottle/test/broken_small/018.png",
        "MVTec/bottle/test/broken_small/019.png",
        "MVTec/bottle/test/broken_small/020.png",
        "MVTec/bottle/test/broken_small/021.png",
        "MVTec/bottle/test/contamination/000.png",
        "MVTec/bottle/test/contamination/001.png",
        "MVTec/bottle/test/contamination/002.png",
        "MVTec/bottle/test/contamination/003.png",
        "MVTec/bottle/test/contamination/004.png",
        "MVTec/bottle/test/contamination/005.png",
        "MVTec/bottle/test/contamination/006.png",
        "MVTec/bottle/test/contamination/007.png",
        "MVTec/bottle/test/contamination/008.png",
        "MVTec/bottle/test/contamination/009.png",
        "MVTec/bottle/test/contamination/010.png",
        "MVTec/bottle/test/contamination/011.png",
        "MVTec/bottle/test/contamination/012.png",
        "MVTec/bottle/test/contamination/013.png",
        "MVTec/bottle/test/contamination/014.png",
        "MVTec/bottle/test/contamination/015.png",
        "MVTec/bottle/test/contamination/016.png",
        "MVTec/bottle/test/contamination/017.png",
        "MVTec/bottle/test/contamination/018.png",
        "MVTec/bottle/test/contamination/019.png",
        "MVTec/bottle/test/contamination/020.png",
        "MVTec/bottle/test/good/000.png",
        "MVTec/bottle/test/good/001.png",
        "MVTec/bottle/test/good/002.png",
        "MVTec/bottle/test/good/003.png",
        "MVTec/bottle/test/good/004.png",
        "MVTec/bottle/test/good/005.png",
        "MVTec/bottle/test/good/006.png",
        "MVTec/bottle/test/good/007.png",
        "MVTec/bottle/test/good/008.png",
        "MVTec/bottle/test/good/009.png",
        "MVTec/bottle/test/good/010.png",
        "MVTec/bottle/test/good/011.png",
        "MVTec/bottle/test/good/012.png",
        "MVTec/bottle/test/good/013.png",
        "MVTec/bottle/test/good/014.png",
        "MVTec/bottle/test/good/015.png",
        "MVTec/bottle/test/good/016.png",
        "MVTec/bottle/test/good/017.png",
        "MVTec/bottle/test/good/018.png",
        "MVTec/bottle/test/good/019.png"
    ]
}