{
    "shared_fpr_metric": "mean-per-image-fpr",
    "fpr_lower_bound": 1e-05,
    "fpr_upper_bound": 0.0001,
    "num_threshs": null,
    "thresh_lower_bound": 0.4443672001361847,
    "thresh_upper_bound": 0.4746248722076416,
    "aupimos": [
        0.0,
        1.0,
        0.0,
        0.9960963024324648,
        1.0,
        0.6597066067059075,
        0.9518078660883968,
        0.0,
        0.9838019840695617,
        1.0,
        0.0,
        1.0,
        0.8887932572426817,
        1.0,
        0.6713305217041888,
        1.0,
        1.0,
        0.5941292510763617,
        0.36046317044046994,
        0.9935502755987147,
        1.0,
        0.9162441035481308,
        1.0,
        1.0,
        0.037908187750943324,
        0.8128186575060763,
        0.7151765943452518,
        0.9677145187002733,
        0.9968036235919063,
        0.6988641608203326,
        0.6784406929326502,
        0.3021640692770373,
        0.5941841197928956,
        0.7750475261898641,
        0.6825327060933895,
        0.7431709516048763,
        0.977516268395694,
        0.9686188098894548,
        0.9440906699053578,
        0.9492158805415303,
        0.24113723245943794,
        0.9832149435420192,
        0.9768512217401474,
        0.8564707007191877,
        1.0,
        1.0,
        0.9194555480504402,
        0.5288924378105695,
        0.9833536882514586,
        1.0,
        0.9661529103875919,
        0.9657862053385718,
        0.6448360004218351,
        0.9941086216171856,
        0.9988625172101833,
        0.6201345235831578,
        1.0,
        1.0,
        0.9930003533823244,
        1.0,
        1.0,
        0.9988095558913677,
        0.15592564657029218,
        0.23008290392421427,
        0.0,
        0.8517061202304944,
        0.0,
        0.46369567527583716,
        0.9348108006730608,
        0.8981626321704701,
        0.2818884515480526,
        0.0,
        0.6558321004837734,
        0.11592193346383464,
        0.9949786297362546,
        0.9439399851331757,
        0.0,
        0.21341683242096507,
        0.0812114203525254,
        0.0,
        0.8369638274572744,
        0.6631496533841589,
        0.6779852279830554,
        0.0,
        0.9462594771884764,
        0.8060863881452787,
        0.6097134808112882,
        0.0,
        0.8668176759442952,
        0.8105572617545082,
        0.9468591280315952,
        0.33108480712379607,
        0.30145769221780333,
        0.44963608618193296,
        0.4781957432116484,
        0.42295584224241434,
        0.832594370788397,
        0.6045370762635547,
        0.720734962934048,
        0.9840796009593662,
        0.6173439817812448,
        0.7689188474402383,
        0.670992652518251,
        0.6800423420757697,
        0.8335179195511369,
        0.710773161315798,
        0.896831507432344,
        0.9687128970802166,
        NaN,
        NaN,
        NaN,
        NaN,
        NaN,
        NaN,
        NaN,
        NaN,
        NaN,
        NaN,
        NaN,
        NaN,
        NaN,
        NaN,
        NaN,
        NaN,
        NaN,
        NaN,
        NaN,
        NaN,
        NaN,
        NaN,
        NaN,
        NaN,
        NaN,
        NaN,
        0.9654751254354735,
        0.9615519102513819,
        0.47260192439641246,
        0.43718594432513663,
        0.45432613557343904,
        0.9506225704718846,
        0.9648536388060888,
        0.45261677615752965,
        0.4593797552487353,
        0.9905215938228098,
        0.6448236951412754,
        0.8156092074716919,
        1.0,
        0.14105327895912848,
        0.752160571296935,
        0.9401397463383605,
        0.25385483006650256,
        0.14101970038950498,
        0.4632928237193361,
        0.9843417947270993,
        0.7401119956639587,
        0.5350359489724134,
        0.765850385797363,
        0.5814710024937869,
        0.9251902539186608,
        0.9100710956169148,
        0.8271684209012303,
        0.8488448043125014,
        1.0,
        1.0,
        1.0,
        0.7451794443019836,
        0.1792020586527471
    ],