{
    "shared_fpr_metric": "mean-per-image-fpr",
    "fpr_lower_bound": 1e-05,
    "fpr_upper_bound": 0.0001,
    "num_threshs": 1654,
    "thresh_lower_bound": 27.272838592529297,
    "thresh_upper_bound": 28.285123825073242,
    "aupimos": [
        0.07567689070208151,
        1.0,
        0.9750264736267199,
        0.795965922779008,
        1.0,
        0.44418483718695345,
        0.9968912049883184,
        0.9508873617509542,
        0.86511320655801,
        0.8061051623302625,
        1.0,
        1.0,
        1.0,
        1.0,
        1.0,
        1.0,
        0.0,
        1.0,
        1.0,
        0.8519971019450518,
        1.0,
        0.5928768785376375,
        1.0,
        0.9940476190476196,
        0.7414996736802856,
        0.9232000249988069,
        0.0,
        0.9883610769736328,
        0.9716757615456587,
        0.8172382170326208,
        0.8410766171061403,
        0.9978974713837504,
        0.9238926659155191,
        1.0,
        0.0978113580710489,
        0.9459505288230758,
        0.8132892846884802,
        0.9228428148444201,
        0.11054434404760123,
        0.9882649212440515,
        0.8915893825262657,
        0.0,
        0.0,
        1.0,
        0.9861878453038678,
        NaN,
        NaN,
        NaN,
        NaN,
        NaN,
        NaN,
        NaN,
        NaN,
        NaN,
        NaN,
        NaN,
        NaN,
        NaN,
        NaN,
        NaN,
        NaN,
        NaN,
        NaN,
        NaN,
        NaN,
        NaN,
        NaN,
        NaN,
        1.0,
        1.0,
        0.3508302595322078,
        0.7415600242060879,
        0.8083217058916876,
        1.0,
        0.5945901966470255,
        0.8868188925150676,
        0.9942218798151005,
        0.8017560119530497,
        0.0859995941857302,
        1.0,
        0.971107298391872,
        1.0,
        0.9150152428583894,
        0.6394061122759043,
        1.0,
        0.9082387391821231,
        0.9515848239715756,
        0.9493952826034164,
        0.9676112507256103,
        0.11955209318366818,
        0.0031467802424232825,
        0.45012807027258334,
        0.0,
        0.2649696303589377,
        0.0,
        0.001361757731888895,
        0.5099569215181357,
        0.8938017882103519,
        0.22399544267025892,
        0.8738987208205938,
        0.8819913338921895,
        0.0356767770586038,
        0.00011004414283679273,
        1.0,
        0.6777745482679166,
        0.5059807422924039,
        0.0,
        0.9243159160359562,
        0.9770516072669064,
        0.8070920700116433,
        0.2733558705892923,
        0.22302393002390383,
        0.9901644689254103,
        0.9220693484176982,
        0.8478475989850168,
        0.998245100906698,
        0.8566970650353857,
        0.8594357469547645,
        0.9763648163325368,
        0.9863772289268277,
        0.7038340589126091,
        0.7641972340966628,
        1.0,
        0.9520486634885449,
        0.7924973514882351,
        0.8975449592491941,
        0.8636867392297373,
        0.9311891991435138,
        0.982107585132197,
        0.9317138315322314,
        0.9624581803519537,
        0.8446757915903396
    ],
    "paths": [
        "MVTec/capsule/test/crack/000.png",
        "MVTec/capsule/test/crack/001.png",
        "MVTec/capsule/test/crack/002.png",
        "MVTec/capsule/test/crack/003.png",
        "MVTec/capsule/test/crack/004.png",
        "MVTec/capsule/test/crack/005.png",
        "MVTec/capsule/test/crack/006.png",
        "MVTec/capsule/test/crack/007.png",
        "MVTec/capsule/test/crack/008.png",
        "MVTec/capsule/test/crack/009.png",
        "MVTec/capsule/test/crack/010.png",
        "MVTec/capsule/test/crack/011.png",
        "MVTec/capsule/test/crack/012.png",
        "MVTec/capsule/test/crack/013.png",
        "MVTec/capsule/test/crack/014.png",
        "MVTec/capsule/test/crack/015.png",
        "MVTec/capsule/test/crack/016.png",
        "MVTec/capsule/test/crack/017.png",
        "MVTec/capsule/test/crack/018.png",
        "MVTec/capsule/test/crack/019.png",
        "MVTec/capsule/test/crack/020.png",
        "MVTec/capsule/test/crack/021.png",
        "MVTec/capsule/test/crack/022.png",
        "MVTec/capsule/test/faulty_imprint/000.png",
        "MVTec/capsule/test/faulty_imprint/001.png",
        "MVTec/capsule/test/faulty_imprint/002.png",
        "MVTec/capsule/test/faulty_imprint/003.png",
        "MVTec/capsule/test/faulty_imprint/004.png",
        "MVTec/capsule/test/faulty_imprint/005.png",
        "MVTec/capsule/test/faulty_imprint/006.png",
        "MVTec/capsule/test/faulty_imprint/007.png",
        "MVTec/capsule/test/faulty_imprint/008.png",
        "MVTec/capsule/test/faulty_imprint/009.png",
        "MVTec/capsule/test/faulty_imprint/010.png",
        "MVTec/capsule/test/faulty_imprint/011.png",
        "MVTec/capsule/test/faulty_imprint/012.png",
        "MVTec/capsule/test/faulty_imprint/013.png",
        "MVTec/capsule/test/faulty_imprint/014.png",
        "MVTec/capsule/test/faulty_imprint/015.png",
        "MVTec/capsule/test/faulty_imprint/016.png",
        "MVTec/capsule/test/faulty_imprint/017.png",
        "MVTec/capsule/test/faulty_imprint/018.png",
        "MVTec/capsule/test/faulty_imprint/019.png",
        "MVTec/capsule/test/faulty_imprint/020.png",
        "MVTec/capsule/test/faulty_imprint/021.png",
        "MVTec/capsule/test/good/000.png",
        "MVTec/capsule/test/good/001.png",
        "MVTec/capsule/test/good/002.png",
        "MVTec/capsule/test/good/003.png",
        "MVTec/capsule/test/good/004.png",
        "MVTec/capsule/test/good/005.png",
        "MVTec/capsule/test/good/006.png",
        "MVTec/capsule/test/good/007.png",
        "MVTec/capsule/test/good/008.png",
        "MVTec/capsule/test/good/009.png",
        "MVTec/capsule/test/good/010.png",
        "MVTec/capsule/test/good/011.png",
        "MVTec/capsule/test/good/012.png",
        "MVTec/capsule/test/good/013.png",
        "MVTec/capsule/test/good/014.png",
        "MVTec/capsule/test/good/015.png",
        "MVTec/capsule/test/good/016.png",
        "MVTec/capsule/test/good/017.png",
        "MVTec/capsule/test/good/018.png",
        "MVTec/capsule/test/good/019.png",
        "MVTec/capsule/test/good/020.png",
        "MVTec/capsule/test/good/021.png",
        "MVTec/capsule/test/good/022.png",
        "MVTec/capsule/test/poke/000.png",
        "MVTec/capsule/test/poke/001.png",
        "MVTec/capsule/test/poke/002.png",
        "MVTec/capsule/test/poke/003.png",
        "MVTec/capsule/test/poke/004.png",
        "MVTec/capsule/test/poke/005.png",
        "MVTec/capsule/test/poke/006.png",
        "MVTec/capsule/test/poke/007.png",
        "MVTec/capsule/test/poke/008.png",
        "MVTec/capsule/test/poke/009.png",
        "MVTec/capsule/test/poke/010.png",
        "MVTec/capsule/test/poke/011.png",
        "MVTec/capsule/test/poke/012.png",
        "MVTec/capsule/test/poke/013.png",
        "MVTec/capsule/test/poke/014.png",
        "MVTec/capsule/test/poke/015.png",
        "MVTec/capsule/test/poke/016.png",
        "MVTec/capsule/test/poke/017.png",
        "MVTec/capsule/test/poke/018.png",
        "MVTec/capsule/test/poke/019.png",
        "MVTec/capsule/test/poke/020.png",
        "MVTec/capsule/test/scratch/000.png",
        "MVTec/capsule/test/scratch/001.png",
        "MVTec/capsule/test/scratch/002.png",
        "MVTec/capsule/test/scratch/003.png",
        "MVTec/capsule/test/scratch/004.png",
        "MVTec/capsule/test/scratch/005.png",
        "MVTec/capsule/test/scratch/006.png",
        "MVTec/capsule/test/scratch/007.png",
        "MVTec/capsule/test/scratch/008.png",
        "MVTec/capsule/test/scratch/009.png",
        "MVTec/capsule/test/scratch/010.png",
        "MVTec/capsule/test/scratch/011.png",
        "MVTec/capsule/test/scratch/012.png",
        "MVTec/capsule/test/scratch/013.png",
        "MVTec/capsule/test/scratch/014.png",
        "MVTec/capsule/test/scratch/015.png",
