{
    "shared_fpr_metric": "mean-per-image-fpr",
    "fpr_lower_bound": 1e-05,
    "fpr_upper_bound": 0.0001,
    "num_threshs": null,
    "thresh_lower_bound": 0.2182636260986328,
    "thresh_upper_bound": 0.3404536545276642,
    "aupimos": [
        1.0,
        1.0,
        0.8230758117366689,
        0.9183436571277346,
        0.9599231374023249,
        0.9849629156359958,
        0.8689110284620656,
        0.9732972379702828,
        0.6540471710763761,
        1.0,
        0.9968515301486853,
        1.0,
        0.9613137040698575,
        1.0,
        0.5460820944228085,
        1.0,
        1.0,
        1.0,
        1.0,
        1.0,
        1.0,
        1.0,
        1.0,
        1.0,
        0.6683046318730901,
        1.0,
        0.9981977687543048,
        0.9445243566249343,
        0.9956662714523717,
        1.0,
        1.0,
        0.9851029509137723,
        0.0,
        0.9342224356376918,
        1.0,
        NaN,
        NaN,
        NaN,
        NaN,
        NaN,
        NaN,
        NaN,
        NaN,
        NaN,
        NaN,
        NaN,
        NaN,
        NaN,
        NaN,
        NaN,
        NaN,
        NaN,
        NaN,
        NaN,
        NaN,
        NaN,
        1.0,
        1.0,
        1.0,
        0.8457182927807528,
        1.0,
        1.0,
        1.0,
        0.9535523597776178,
        1.0,
        1.0,
        0.7563715364510368,
        0.961452229745626,
        1.0,
        0.8107783605293165,
        0.7854043419840897,
        0.9434574051002947,
        0.9430456781769018,
        0.8320631148292587,
        0.8758126389200994,
        0.8803960592760973,
        0.940868641967619,
        0.8671759210407529
    ],
    "paths": [
        "MVTec/grid/test/bent/000.png",
        "MVTec/grid/test/bent/001.png",
        "MVTec/grid/test/bent/002.png",
        "MVTec/grid/test/bent/003.png",
        "MVTec/grid/test/bent/004.png",
        "MVTec/grid/test/bent/005.png",
        "MVTec/grid/test/bent/006.png",
        "MVTec/grid/test/bent/007.png",
        "MVTec/grid/test/bent/008.png",
        "MVTec/grid/test/bent/009.png",
        "MVTec/grid/test/bent/010.png",
        "MVTec/grid/test/bent/011.png",
        "MVTec/grid/test/broken/000.png",
        "MVTec/grid/test/broken/001.png",
        "MVTec/grid/test/broken/002.png",
        "MVTec/grid/test/broken/003.png",
        "MVTec/grid/test/broken/004.png",
        "MVTec/grid/test/broken/005.png",
        "MVTec/grid/test/broken/006.png",
        "MVTec/grid/test/broken/007.png",
        "MVTec/grid/test/broken/008.png",
        "MVTec/grid/test/broken/009.png",
        "MVTec/grid/test/broken/010.png",
        "MVTec/grid/test/broken/011.png",
        "MVTec/grid/test/glue/000.png",
        "MVTec/grid/test/glue/001.png",
        "MVTec/grid/test/glue/002.png",
        "MVTec/grid/test/glue/003.png",
        "MVTec/grid/test/glue/004.png",
        "MVTec/grid/test/glue/005.png",
        "MVTec/grid/test/glue/006.png",
        "MVTec/grid/test/glue/007.png",
        "MVTec/grid/test/glue/008.png",
        "MVTec/grid/test/glue/009.png",
        "MVTec/grid/test/glue/010.png",
        "MVTec/grid/test/good/000.png",
        "MVTec/grid/test/good/001.png",
        "MVTec/grid/test/good/002.png",
        "MVTec/grid/test/good/003.png",
        "MVTec/grid/test/good/004.png",
        "MVTec/grid/test/good/005.png",
        "MVTec/grid/test/good/006.png",
        "MVTec/grid/test/good/007.png",
        "MVTec/grid/test/good/008.png",
        "MVTec/grid/test/good/009.png",
        "MVTec/grid/test/good/010.png",
        "MVTec/grid/test/good/011.png",
        "MVTec/grid/test/good/012.png",
        "MVTec/grid/test/good/013.png",
        "MVTec/grid/test/good/014.png",
        "MVTec/grid/test/good/015.png",
        "MVTec/grid/test/good/016.png",
        "MVTec/grid/test/good/017.png",
        "MVTec/grid/test/good/018.png",
        "MVTec/grid/test/good/019.png",
        "MVTec/grid/test/good/020.png",
        "MVTec/grid/test/metal_contamination/000.png",
        "MVTec/grid/test/metal_contamination/001.png",
        "MVTec/grid/test/metal_contamination/002.png",
        "MVTec/grid/test/metal_contamination/003.png",
        "MVTec/grid/test/metal_contamination/004.png",
        "MVTec/grid/test/metal_contamination/005.png",
        "MVTec/grid/test/metal_contamination/006.png",
        "MVTec/grid/test/metal_contamination/007.png",
        "MVTec/grid/test/metal_contamination/008.png",
        "MVTec/grid/test/metal_contamination/009.png",
        "MVTec/grid/test/metal_contamination/010.png",
        "MVTec/grid/test/thread/000.png",
        "MVTec/grid/test/thread/001.png",
        "MVTec/grid/test/thread/002.png",
        "MVTec/grid/test/thread/003.png",
        "MVTec/grid/test/thread/004.png",
        "MVTec/grid/test/thread/005.png",
        "MVTec/grid/test/thread/006.png",
        "MVTec/grid/test/thread/007.png",
        "MVTec/grid/test/thread/008.png",
        "MVTec/grid/test/thread/009.png",
        "MVTec/grid/test/thread/010.png"
    ]
}