{
    "avg_iou": 0.1945546286560726,
    "thresh": 34.75925064086914,
    "ious_at_thresh": [
        0.058652931486508436,
        0.20049497293116783,
        0.00843039230140328,
        0.21843568808425037,
        0.0,
        0.0,
        0.3921705057311312,
        0.0,
        0.0,
        0.0,
        0.5140704572898619,
        0.49356389954825863,
        0.009544425858506346,
        0.27232046967852797,
        0.15400440149268013,
        0.31931295645117663,
        0.15543328748280605,
        0.3646937762995902,
        0.5172669197296547,
        0.16051419956810495,
        0.0,
        0.16165124745332488,
        0.0280758488901955,
        0.0,
        0.14077797585995266,
        0.4579820978534805,
        0.4417366042608134,
        0.5301445211389129,
        0.6524406508402241,
        0.04870513402998637,
        0.3337628865979381,
        0.040008608209101224,
        0.2716347362598683,
        0.32306411323896755,
        0.08797805642633229,
        0.3589651653473812,
        0.3132260321903429,
        0.15689863694309156,
        0.0,
        0.13057395415261122,
        0.07755672693608419,
        0.3081232492997199,
        0.1805702217529039,
        0.19778467735168248,
        0.31676261429055197,
        0.5178771165194584,
        0.0,
        0.0,
        0.016542669584245075,
        0.3990368842855134,
        0.11645985580460053,
        0.0,
        0.5618181818181818,
        0.5176840481698998,
        0.11052097164727018,
        0.0,
        0.0,
        0.4046617408388144,
        0.0,
        0.008879868070531524,
        0.0,
        0.0,
        0.4195570054945055,
        0.0,
        0.0,
        0.4440538077065617,
        0.4539300488905604,
        0.31553860819828405,
        0.42985589896540044,
        0.2905129699795978,
        0.05856971856470785,
        0.0,
        0.0,
        0.42110853720549185,
        0.0,
        0.09737456086245273,
        0.22430394864521908,
        0.2014426930269837,
        0.11014508504048252,
        0.17540587977182975,
        0.22789966123568317,
        0.0,
        0.0,
        0.1565459610027855,
        0.1259268263036344,
        0.006099375185956561,
        0.5208514755684567,
        0.16638793960105674,
        0.01806187826673411,
        0.4744265564895284,
        0.38584734972860685,
        0.4153780526820945,
        0.1328268033687294,
        0.5420774224573215,
        0.0,
        0.11432375088405375,
        0.0,
        0.058301731244847485,
        0.12835910025877514,
        0.28953583898131036,
        NaN,
        NaN,
        NaN,
        NaN,
        NaN,
        NaN,
        NaN,
        NaN,
        NaN,
        NaN,
        NaN,
        NaN,
        NaN,
        NaN,
        NaN,
        NaN,
        NaN,
        NaN,
        NaN,
        NaN,
        NaN,
        NaN,
        NaN,
        NaN,
        NaN,
        NaN,
        NaN,
        NaN,
        NaN,
        NaN,
        NaN,
        NaN,
        NaN,
        NaN,
        NaN,
        NaN,
        NaN,
        NaN,
        NaN,
        NaN,
        NaN,
        NaN,
        NaN,
        NaN,
        NaN,
        NaN,
        NaN,
        NaN,
        NaN,
        NaN,
        NaN,
        NaN,
        NaN,
        NaN,
        NaN,
        NaN,
        NaN,
        NaN,
        NaN,
        NaN,
        NaN,
        NaN,
        NaN,
        NaN,
        NaN,
        NaN,
        NaN,
        NaN,
        NaN,
        NaN,
        NaN,
        NaN,
        NaN,
        NaN,
        NaN,
        NaN,
        NaN,
        NaN,
        NaN,
        NaN,
        NaN,
        NaN,
        NaN,
        NaN,
        NaN,
        NaN,
        NaN,
        NaN,
        NaN,
        NaN,
        NaN,
        NaN,
        NaN,
        NaN,
        NaN,
        NaN,
        NaN,
        NaN,
        NaN,
        NaN,
        NaN
    ],
    "image_classes": [
        1,
        1,
        1,
        1,
        1,
        1,
        1,
        1,
        1,
        1,
        1,
        1,
        1,
        1,
        1,
        1,
        1,
        1,
        1,
        1,
        1,
        1,
        1,
        1,
        1,
        1,
        1,
        1,
        1,
        1,
        1,
        1,
        1,
        1,
        1,
        1,
        1,
        1,
        1,
        1,
        1,
        1,
        1,
        1,
        1,
        1,
        1,
        1,
        1,
        1,
        1,
        1,
        1,
        1,
        1,
        1,
        1,
        1,
        1,
        1,
        1,
        1,
        1,
        1,
        1,
        1,
        1,
        1,
        1,
        1,
        1,
        1,
        1,
        1,
        1,
        1,
        1,
        1,
        1,
        1,
        1,
        1,
        1,
        1,
        1,
        1,
        1,
        1,
        1,
        1,
        1,
        1,
        1,
        1,
        1,
        1,
        1,
        1,
        1,
        1,
        0,
        0,
        0,
        0,
        0,
        0,
        0,
        0,
        0,
        0,
        0,
        0,
        0,
        0,
        0,
        0,
        0,
        0,
        0,
        0,
        0,
        0,
        0,
        0,
        0,
        0,
        0,
        0,
        0,
        0,
        0,
        0,
        0,
        0,
        0,
        0,
        0,
        0,
        0,
        0,
        0,
        0,
        0,
        0,
        0,
        0,
        0,
        0,
        0,
        0,
        0,
        0,
        0,
        0,
        0,
        0,
        0,
        0,
        0,
        0,
        0,
        0,
        0,
        0,
        0,
        0,
        0,
        0,
        0,
        0,
        0,
        0,
        0,
        0,
        0,
        0,
        0,
        0,
        0,
        0,
        0,
        0,
        0,
        0,
        0,
        0,
        0,
        0,
        0,
        0,
        0,
        0,
        0,
        0,
        0,
        0,
        0,
        0,
        0,
        0,
        0
    ],