{
    "shared_fpr_metric": "mean-per-image-fpr",
    "fpr_lower_bound": 1e-05,
    "fpr_upper_bound": 0.0001,
    "num_threshs": null,
    "thresh_lower_bound": 0.03970736265182495,
    "thresh_upper_bound": 0.04374546557664871,
    "aupimos": [
        0.0,
        0.0,
        0.0,
        0.0,
        0.0,
        0.2887881547414413,
        0.0,
        0.0,
        0.0,
        0.18325576129330381,
        0.0,
        0.0,
        0.0,
        0.0,
        0.0,
        0.0,
        0.0,
        0.0,
        0.0,
        0.0,
        0.0,
        0.0,
        0.0,
        0.0,
        0.0,
        0.0,
        0.0,
        0.0,
        0.0,
        0.0,
        0.16925177784536397,
        0.0,
        0.0,
        0.0,
        0.0,
        0.0,
        0.0,
        0.0,
        0.0,
        0.0,
        0.06115703580265612,
        0.0,
        0.0,
        0.9981960896083224,
        0.038953929387348395,
        0.9999420902083406,
        0.0,
        0.0,
        0.042616314217491263,
        0.0,
        0.0,
        0.0,
        0.0,
        0.0,
        0.0,
        0.0,
        0.0,
        0.0,
        0.0,
        0.0,
        0.0,
        0.0,
        0.0,
        0.0,
        0.0,
        0.0,
        0.0,
        0.0,
        0.0,
        0.0,
        0.0,
        0.0,
        0.0,
        0.0,
        0.0,
        0.0,
        0.0,
        0.0,
        0.6645898741121762,
        0.0,
        0.0,
        0.0,
        0.0,
        9.476474252836057e-06,
        0.0,
        0.0,
        0.0,
        0.2329436625842913,
        0.0,
        0.0,
        0.0,
        0.0,
        0.0,
        0.0,
        0.0,
        0.0,
        0.0,
        0.0,
        0.0,
        0.0,
        NaN,
        NaN,
        NaN,
        NaN,
        NaN,
        NaN,
        NaN,
        NaN,
        NaN,
        NaN,
        NaN,
        NaN,
        NaN,
        NaN,
        NaN,
        NaN,
        NaN,
        NaN,
        NaN,
        NaN,
        NaN,
        NaN,
        NaN,
        NaN,
        NaN,
        NaN,
        NaN,
        NaN,
        NaN,
        NaN,
        NaN,
        NaN,
        NaN,
        NaN,
        NaN,
        NaN,
        NaN,
        NaN,
        NaN,
        NaN,
        NaN,
        NaN,
        NaN,
        NaN,
        NaN,
        NaN,
        NaN,
        NaN,
        NaN,
        NaN,
        NaN,
        NaN,
        NaN,
        NaN,
        NaN,
        NaN,
        NaN,
        NaN,
        NaN,
        NaN,
        NaN,
        NaN,
        NaN,
        NaN,
        NaN,
        NaN,
        NaN,
        NaN,
        NaN,
        NaN,
        NaN,
        NaN,
        NaN,
        NaN,
        NaN,
        NaN,
        NaN,
        NaN,
        NaN,
        NaN,
        NaN,
        NaN,
        NaN,
        NaN,
        NaN,
        NaN,
        NaN,
        NaN,
        NaN,
        NaN,
        NaN,
        NaN,
        NaN,
        NaN,
        NaN,
        NaN,
        NaN,
        NaN,
        NaN,
        NaN
    ],
    "paths": [
        "VisA/visa_pytorch/candle/test/bad/000.JPG",
        "VisA/visa_pytorch/candle/test/bad/001.JPG",
        "VisA/visa_pytorch/candle/test/bad/002.JPG",
        "VisA/visa_pytorch/candle/test/bad/003.JPG",
        "VisA/visa_pytorch/candle/test/bad/004.JPG",
        "VisA/visa_pytorch/candle/test/bad/005.JPG",
        "VisA/visa_pytorch/candle/test/bad/006.JPG",
        "VisA/visa_pytorch/candle/test/bad/007.JPG",
        "VisA/visa_pytorch/candle/test/bad/008.JPG",
        "VisA/visa_pytorch/candle/test/bad/009.JPG",
        "VisA/visa_pytorch/candle/test/bad/010.JPG",
        "VisA/visa_pytorch/candle/test/bad/011.JPG",
        "VisA/visa_pytorch/candle/test/bad/012.JPG",
        "VisA/visa_pytorch/candle/test/bad/013.JPG",
        "VisA/visa_pytorch/candle/test/bad/014.JPG",
        "VisA/visa_pytorch/candle/test/bad/015.JPG",
        "VisA/visa_pytorch/candle/test/bad/016.JPG",
        "VisA/visa_pytorch/candle/test/bad/017.JPG",
        "VisA/visa_pytorch/candle/test/bad/018.JPG",
        "VisA/visa_pytorch/candle/test/bad/019.JPG",
        "VisA/visa_pytorch/candle/test/bad/020.JPG",
        "VisA/visa_pytorch/candle/test/bad/021.JPG",
        "VisA/visa_pytorch/candle/test/bad/022.JPG",
        "VisA/visa_pytorch/candle/test/bad/023.JPG",
        "VisA/visa_pytorch/candle/test/bad/024.JPG",
        "VisA/visa_pytorch/candle/test/bad/025.JPG",
        "VisA/visa_pytorch/candle/test/bad/026.JPG",
        "VisA/visa_pytorch/candle/test/bad/027.JPG",
        "VisA/visa_pytorch/candle/test/bad/028.JPG",
        "VisA/visa_pytorch/candle/test/bad/029.JPG",
        "VisA/visa_pytorch/candle/test/bad/030.JPG",
        "VisA/visa_pytorch/candle/test/bad/031.JPG",
        "VisA/visa_pytorch/candle/test/bad/032.JPG",
        "VisA/visa_pytorch/candle/test/bad/033.JPG",
        "VisA/visa_pytorch/candle/test/bad/034.JPG",
        "VisA/visa_pytorch/candle/test/bad/035.JPG",
        "VisA/visa_pytorch/candle/test/bad/036.JPG",
        "VisA/visa_pytorch/candle/test/bad/037.JPG",
        "VisA/visa_pytorch/candle/test/bad/038.JPG",
        "VisA/visa_pytorch/candle/test/bad/039.JPG",
        "VisA/visa_pytorch/candle/test/bad/040.JPG",
        "VisA/visa_pytorch/candle/test/bad/041.JPG",
        "VisA/visa_pytorch/candle/test/bad/042.JPG",
        "VisA/visa_pytorch/candle/test/bad/043.JPG",
        "VisA/visa_pytorch/candle/test/bad/044.JPG",
        "VisA/visa_pytorch/candle/test/bad/045.JPG",
        "VisA/visa_pytorch/candle/test/bad/046.JPG",
        "VisA/visa_pytorch/candle/test/bad/047.JPG",
        "VisA/visa_pytorch/candle/test/bad/048.JPG",
        "VisA/visa_pytorch/candle/test/bad/049.JPG",
        "VisA/visa_pytorch/candle/test/bad/050.JPG",
        "VisA/visa_pytorch/candle/test/bad/051.JPG",
        "VisA/visa_pytorch/candle/test/bad/052.JPG",
        "VisA/visa_pytorch/candle/test/bad/053.JPG",
        "VisA/visa_pytorch/candle/test/bad/054.JPG",
        "VisA/visa_pytorch/candle/test/bad/055.JPG",
        "VisA/visa_pytorch/candle/test/bad/056.JPG",
        "VisA/visa_pytorch/candle/test/bad/057.JPG",
        "VisA/visa_pytorch/candle/test/bad/058.JPG",
        "VisA/visa_pytorch/candle/test/bad/059.JPG",
        "VisA/visa_pytorch/candle/test/bad/060.JPG",
        "VisA/visa_pytorch/candle/test/bad/061.JPG",
        "VisA/visa_pytorch/candle/test/bad/062.JPG",
        "VisA/visa_pytorch/candle/test/bad/063.JPG",
        "VisA/visa_pytorch/candle/test/bad/064.JPG",
        "VisA/visa_pytorch/candle/test/bad/065.JPG",
        "VisA/visa_pytorch/candle/test/bad/066.JPG",
        "VisA/visa_pytorch/candle/test/bad/067.JPG",
        "VisA/visa_pytorch/candle/test/bad/068.JPG",
        "VisA/visa_pytorch/candle/test/bad/069.JPG",
        "VisA/visa_pytorch/candle/test/bad/070.JPG",
        "VisA/visa_pytorch/candle/test/bad/071.JPG",
        "VisA/visa_pytorch/candle/test/bad/072.JPG",
        "VisA/visa_pytorch/candle/test/bad/073.JPG",
        "VisA/visa_pytorch/candle/test/bad/074.JPG",
        "VisA/visa_pytorch/candle/test/bad/075.JPG",
        "VisA/visa_pytorch/candle/test/bad/076.JPG",
        "VisA/visa_pytorch/candle/test/bad/077.JPG",
        "VisA/visa_pytorch/candle/test/bad/078.JPG",
        "VisA/visa_pytorch/candle/test/bad/079.JPG",
        "VisA/visa_pytorch/candle/test/bad/080.JPG",
        "VisA/visa_pytorch/candle/test/bad/081.JPG",
        "VisA/visa_pytorch/candle/test/bad/082.JPG",
        "VisA/visa_pytorch/candle/test/bad/083.JPG",
        "VisA/visa_pytorch/candle/test/bad/084.JPG",
        "VisA/visa_pytorch/candle/test/bad/085.JPG",
        "VisA/visa_pytorch/candle/test/bad/086.JPG",
        "VisA/visa_pytorch/candle/test/bad/087.JPG",
        "VisA/visa_pytorch/candle/test/bad/088.JPG",
        "VisA/visa_pytorch/candle/test/bad/089.JPG",
        "VisA/visa_pytorch/candle/test/bad/090.JPG",
        "VisA/visa_pytorch/candle/test/bad/091.JPG",
        "VisA/visa_pytorch/candle/test/bad/092.JPG",
