{
    "avg_iou": 0.3602216143724207,
    "thresh": 3.3661627769470215,
    "ious_at_thresh": [
        0.3908204773965769,
        0.25932737782448767,
        0.6510965536884079,
        0.46221178479931685,
        0.26688102893890675,
        0.35241502683363146,
        0.34911687335588126,
        0.36154008885127986,
        0.7312734082397003,
        0.48567870485678705,
        0.3684210526315789,
        0.25427396667388014,
        0.3081431861000628,
        0.4060243086137044,
        0.5088686481303931,
        0.4862213244842014,
        0.4840686274509804,
        0.6174910148896116,
        0.24302496328928047,
        0.1420148036632794,
        0.3366966136834831,
        0.0,
        0.4096608493124462,
        0.2653967511978497,
        0.3961843409316155,
        0.39852566436112125,
        0.25004450246246956,
        0.2742767436644988,
        0.0,
        0.2762090230444661,
        0.0,
        0.2525757727318195,
        0.25855703023650334,
        0.0,
        0.3297515110812626,
        0.35145926418861106,
        0.3632244572794264,
        0.31040197673717834,
        0.4053303964757709,
        0.5426678445229682,
        0.45619013834693156,
        0.6870697799973006,
        0.41094634968931576,
        0.45431913295417964,
        0.22352487094128431,
        0.3102409008141652,
        0.36800188779423043,
        0.27449623560673164,
        0.0954521556256572,
        0.6371824480369515,
        0.6494917281243772,
        0.5867179980750722,
        0.746036881268198,
        0.6039330445979164,
        0.4337486348541244,
        0.46703064830933166,
        0.40040241448692154,
        0.565827258670201,
        0.7024713069233617,
        0.0,
        0.4837940447428697,
        0.5671598700830025,
        0.5438194109126026,
        0.4249681683138301,
        0.0,
        0.0,
        0.5689775910364145,
        0.23640330372448184,
        0.4625086242583138,
        0.2582166846126237,
        0.3014991671293726,
        0.12542596460371552,
        0.5075375393198409,
        0.3213037037037037,
        NaN,
        NaN,
        NaN,
        NaN,
        NaN,
        NaN,
        NaN,
        NaN,
        NaN,
        NaN,
        NaN,
        NaN,
        NaN,
        NaN,
        NaN,
        NaN,
        NaN,
        NaN,
        NaN,
        NaN,
        NaN,
        NaN,
        NaN,
        NaN,
        NaN,
        NaN,
        NaN,
        NaN,
        NaN,
        NaN,
        NaN,
        NaN,
        0.26618194715375065,
        0.7112068965517241,
        0.7139898324232724,
        0.18129023229778898,
        0.1971844117098639,
        0.19964627548897212,
        0.36340579710144927,
        0.2896395260902445,
        0.13033802478046433,
        0.30371844748032206,
        0.2534314263753157,
        0.22454068241469816,
        0.4419244742926346,
        0.4353704705246079,
        0.264257481648786,
        0.2544491837034858,
        0.2695826186392224,
        0.21565694340563452
    ],
    "image_classes": [
        1,
        1,
        1,
        1,
        1,
        1,
        1,
        1,
        1,
        1,
        1,
        1,
        1,
        1,
        1,
        1,
        1,
        1,
        1,
        1,
        1,
        1,
        1,
        1,
        1,
        1,
        1,
        1,
        1,
        1,
        1,
        1,
        1,
        1,
        1,
        1,
        1,
        1,
        1,
        1,
        1,
        1,
        1,
        1,
        1,
        1,
        1,
        1,
        1,
        1,
        1,
        1,
        1,
        1,
        1,
        1,
        1,
        1,
        1,
        1,
        1,
        1,
        1,
        1,
        1,
        1,
        1,
        1,
        1,
        1,
        1,
        1,
        1,
        1,
        0,
        0,
        0,
        0,
        0,
        0,
        0,
        0,
        0,
        0,
        0,
        0,
        0,
        0,
        0,
        0,
        0,
        0,
        0,
        0,
        0,
        0,
        0,
        0,
        0,
        0,
        0,
        0,
        0,
        0,
        0,
        0,
        1,
        1,
        1,
        1,
        1,
        1,
        1,
        1,
        1,
        1,
        1,
        1,
        1,
        1,
        1,
        1,
        1,
        1
    ],