{
    "avg_iou": 0.33150993283475044,
    "thresh": 33.30866622924805,
    "ious_at_thresh": [
        0.0,
        0.18178391959798995,
        0.0,
        0.2260907888937858,
        0.3695274496177901,
        0.0,
        0.16618349249658937,
        0.007720020586721565,
        0.3457694870086609,
        0.047696396928529235,
        0.0,
        0.10910366602350464,
        0.03769559032716927,
        0.09806920282928694,
        0.1693814141794558,
        0.19323892188213795,
        0.08228716109294229,
        0.1340469723598019,
        0.1861727606578317,
        0.2026355584359473,
        0.18800813008130082,
        0.0795336248178222,
        0.2951931387540722,
        0.2318969651298212,
        0.3632760898282695,
        0.48638084768535483,
        0.40479992016764793,
        0.23431897555296857,
        0.2546444898356191,
        0.30121107266435987,
        0.33901729432681427,
        0.17638994119132662,
        0.4087810420386301,
        0.24713128585892677,
        0.43063811719034334,
        0.29663411090483494,
        0.3462483462483463,
        0.27755062773582184,
        0.31954498448810753,
        0.12599373097714986,
        0.12513374611917,
        0.27444007144324845,
        0.29930997401200826,
        0.31214672279013833,
        0.2305069610748062,
        0.1703628713341137,
        0.4246951219512195,
        0.22978917033217047,
        0.47205882352941175,
        0.5739571998549148,
        0.4070529627687467,
        0.44862710363153235,
        0.2394741766467066,
        0.452905547752809,
        0.45994752276585893,
        0.2556438390717619,
        0.27774851876234363,
        0.419809862420776,
        0.5564753164177314,
        0.45062872270019855,
        0.366330306983679,
        0.7020450813554262,
        0.0,
        0.18963634836650708,
        0.0,
        0.34874516506251685,
        0.27769191138588356,
        0.06323255696966648,
        0.3087865812661453,
        0.0,
        0.0,
        0.060943112038002546,
        0.49724823790672973,
        0.05375844812464531,
        0.3370192078547257,
        0.27340823970037453,
        0.0,
        0.0,
        0.3427132701421801,
        0.0,
        0.48984695408622586,
        0.24319832866435592,
        0.31032882524529304,
        0.0,
        0.46796431467964317,
        0.21705362306866066,
        0.4042828685258964,
        0.0,
        0.07708794741730371,
        0.5364382643658905,
        0.3736994712604469,
        0.08415036704931764,
        0.38234639358860195,
        0.5746374334684311,
        0.5183638292230177,
        0.25291079962793084,
        0.7076695570343483,
        0.3117142286968669,
        0.3393301155477549,
        0.6702602464168972,
        0.4878581652896713,
        0.1893542757417103,
        0.4443655820048045,
        0.5311432121776949,
        0.7631277813095995,
        0.48845057034220535,
        0.6073335706657174,
        0.5437822759998492,
        NaN,
        NaN,
        NaN,
        NaN,
        NaN,
        NaN,
        NaN,
        NaN,
        NaN,
        NaN,
        NaN,
        NaN,
        NaN,
        NaN,
        NaN,
        NaN,
        NaN,
        NaN,
        NaN,
        NaN,
        NaN,
        NaN,
        NaN,
        NaN,
        NaN,
        NaN,
        0.9464401873727402,
        0.8940617786406057,
        0.6420386588988772,
        0.5717710025805218,
        0.6389771477453257,
        0.9132926610853469,
        0.9297593065076388,
        0.7117208931663882,
        0.6847891623735928,
        0.3848396501457726,
        0.6014408552172903,
        0.7124099803593511,
        0.3477026329375323,
        0.2344075950444889,
        0.20583520359089452,
        0.21836971218852616,
        0.18562577447335812,
        0.21880606752568912,
        0.3261943986820428,
        0.2759095697269265,
        0.2747077237590238,
        0.5751883030571555,
        0.7475595913734393,
        0.5593756253752251,
        0.33984401039930673,
        0.30800889877641824,
        0.5339751897796704,
        0.7596626171135552,
        0.3195860827834433,
        0.4228677543440775,
        0.27677815410668927,
        0.38675896343627975,
        0.31062813470265105
    ],
    "image_classes": [
        1,
        1,
        1,
        1,
        1,
        1,
        1,
        1,
        1,
        1,
        1,
        1,
        1,
        1,
        1,
        1,
        1,
        1,
        1,
        1,
        1,
        1,
        1,
        1,
        1,
        1,
        1,
        1,
        1,
        1,
        1,
        1,
        1,
        1,
        1,
        1,
        1,
        1,
        1,
        1,
        1,
        1,
        1,
        1,
        1,
        1,
        1,
        1,
        1,
        1,
        1,
        1,
        1,
        1,
        1,
        1,
        1,
        1,
        1,
        1,
        1,
        1,
        1,
        1,
        1,
        1,
        1,
        1,
        1,
        1,
        1,
        1,
        1,
        1,
        1,
        1,
        1,
        1,
        1,
        1,
        1,
        1,
        1,
        1,
        1,
        1,
        1,
        1,
        1,
        1,
        1,
        1,
        1,
        1,
        1,
        1,
        1,
        1,
        1,
        1,
        1,
        1,
        1,
        1,
        1,
        1,
        1,
        1,
        0,
        0,
        0,
        0,
        0,
        0,
        0,
        0,
        0,
        0,
        0,
        0,
        0,
        0,
        0,
        0,
        0,
        0,
        0,
        0,
        0,
        0,
        0,
        0,
        0,
        0,
        1,
        1,
        1,
        1,
        1,
        1,
        1,
        1,
        1,
        1,
        1,
        1,
        1,
        1,
        1,
        1,
        1,
        1,
        1,
        1,
        1,
        1,
        1,
        1,
        1,
        1,
        1,
        1,
        1,
        1,
        1,
        1,
        1
    ],