{
    "shared_fpr_metric": "mean-per-image-fpr",
    "fpr_lower_bound": 1e-05,
    "fpr_upper_bound": 0.0001,
    "num_threshs": null,
    "thresh_lower_bound": 33.30160903930664,
    "thresh_upper_bound": 34.75961685180664,
    "aupimos": [
        0.0,
        0.4289453547123365,
        0.03654708812634934,
        0.8217566127777921,
        0.03714835125013726,
        0.15621178661194166,
        0.2443768270900829,
        0.6427776973169187,
        0.250382747840187,
        0.1293336375017029,
        0.919670295635418,
        0.8251103816537191,
        0.0,
        0.8409382676928251,
        0.30475251741403375,
        0.0,
        0.45479623672982483,
        0.9744326588142861,
        0.8288349997951254,
        0.5954282940845452,
        0.29331463650218037,
        0.037383091433994015,
        0.33376155727363976,
        0.15230768370997597,
        0.5571575156479209,
        0.7773204322126839,
        0.30883333721753703,
        0.0,
        0.396996510656629,
        0.8706276520789494,
        0.5171294053638661,
        0.6562743007377371,
        0.45822822589071605,
        0.2635070333075598,
        0.24458453865259713,
        0.9990942760389758,
        0.9990942760389758,
        0.729142930456604,
        0.9990942760389758,
        0.9874170692234377,
        0.9990942760389758,
        0.9325349344896623,
        0.9990942760389758,
        0.9845165881180841,
        0.9990942760389758,
        0.9990866723021081,
        0.9777345089637022,
        0.8881902634789359,
        0.9990942760389758,
        0.9990942760389758,
        0.9720401649203643,
        0.8141356440700042,
        0.0,
        0.0,
        0.0,
        0.0,
        0.4839343788857976,
        0.0,
        0.01872011238172851,
        0.0,
        0.2953767352968042,
        0.0,
        0.0,
        0.023629049776237417,
        0.0,
        0.05661268852387725,
        0.4040641633356684,
        0.019685293133841736,
        NaN,
        NaN,
        NaN,
        NaN,
        NaN,
        NaN,
        NaN,
        NaN,
        NaN,
        NaN,
        NaN,
        NaN,
        NaN,
        NaN,
        NaN,
        NaN,
        NaN,
        NaN,
        NaN,
        NaN,
        NaN,
        NaN,
        NaN,
        NaN,
        NaN,
        NaN,
        NaN,
        NaN,
        NaN,
        NaN,
        NaN,
        NaN,
        0.507267656760131,
        0.45693686925002835,
        0.18377963113536533,
        0.5517626185934287,
        0.31052944278847994,
        0.16607016777213526,
        0.2279480023061183,
        0.22936727515791536,
        0.22607233980569352,
        0.5238662974696829,
        0.6429557859144828,
        0.8001770048548796,
        0.21885276368828432,
        0.49272796314658274,
        0.1489410503986579,
        0.48795658557914157,
        0.43508931294118125,
        0.0,
        0.17101885446209744,
        0.04199152467876595,
        0.013048127273062489,
        0.8121294363635733,
        0.021850319491473445,
        0.0,
        0.6006762668569225,
        0.0003448716362431891,
        0.10169438176774205,
        0.04881585184883215,
        0.3465981286184234,
        0.681806907272262,
        0.5615020653912102,
        0.47303326994022676,
        0.8862968516432129,
        0.7878385066408836,
        0.5344115633563677,
        0.0338411447284226,
        0.5385050610067234,
        0.6681454458801547,
        0.7898382124758635,
        0.0,
        0.0,
        0.10915688162974292,
        0.0,
        0.0,
        0.0,
        0.48937593742717006,
        0.1733761067150779,
        0.4587750413945311,
        0.2956947986313635,
        0.9422705738707928,
        0.9021592644603849
    ],
    "paths": [
        "MVTec/zipper/test/broken_teeth/000.png",
        "MVTec/zipper/test/broken_teeth/001.png",
        "MVTec/zipper/test/broken_teeth/002.png",
        "MVTec/zipper/test/broken_teeth/003.png",
        "MVTec/zipper/test/broken_teeth/004.png",
        "MVTec/zipper/test/broken_teeth/005.png",
        "MVTec/zipper/test/broken_teeth/006.png",
        "MVTec/zipper/test/broken_teeth/007.png",
        "MVTec/zipper/test/broken_teeth/008.png",
        "MVTec/zipper/test/broken_teeth/009.png",
        "MVTec/zipper/test/broken_teeth/010.png",
        "MVTec/zipper/test/broken_teeth/011.png",
        "MVTec/zipper/test/broken_teeth/012.png",
        "MVTec/zipper/test/broken_teeth/013.png",
        "MVTec/zipper/test/broken_teeth/014.png",
        "MVTec/zipper/test/broken_teeth/015.png",
        "MVTec/zipper/test/broken_teeth/016.png",
        "MVTec/zipper/test/broken_teeth/017.png",
        "MVTec/zipper/test/broken_teeth/018.png",
        "MVTec/zipper/test/combined/000.png",
        "MVTec/zipper/test/combined/001.png",
        "MVTec/zipper/test/combined/002.png",
        "MVTec/zipper/test/combined/003.png",
        "MVTec/zipper/test/combined/004.png",
        "MVTec/zipper/test/combined/005.png",
        "MVTec/zipper/test/combined/006.png",
        "MVTec/zipper/test/combined/007.png",
        "MVTec/zipper/test/combined/008.png",
        "MVTec/zipper/test/combined/009.png",
        "MVTec/zipper/test/combined/010.png",
        "MVTec/zipper/test/combined/011.png",
        "MVTec/zipper/test/combined/012.png",
        "MVTec/zipper/test/combined/013.png",
        "MVTec/zipper/test/combined/014.png",
        "MVTec/zipper/test/combined/015.png",
        "MVTec/zipper/test/fabric_border/000.png",
        "MVTec/zipper/test/fabric_border/001.png",
        "MVTec/zipper/test/fabric_border/002.png",
        "MVTec/zipper/test/fabric_border/003.png",
        "MVTec/zipper/test/fabric_border/004.png",
        "MVTec/zipper/test/fabric_border/005.png",
        "MVTec/zipper/test/fabric_border/006.png",
        "MVTec/zipper/test/fabric_border/007.png",
        "MVTec/zipper/test/fabric_border/008.png",
        "MVTec/zipper/test/fabric_border/009.png",
        "MVTec/zipper/test/fabric_border/010.png",
        "MVTec/zipper/test/fabric_border/011.png",
        "MVTec/zipper/test/fabric_border/012.png",
        "MVTec/zipper/test/fabric_border/013.png",
        "MVTec/zipper/test/fabric_border/014.png",
        "MVTec/zipper/test/fabric_border/015.png",
        "MVTec/zipper/test/fabric_border/016.png",
        "MVTec/zipper/test/fabric_interior/000.png",
        "MVTec/zipper/test/fabric_interior/001.png",
        "MVTec/zipper/test/fabric_interior/002.png",
        "MVTec/zipper/test/fabric_interior/003.png",
        "MVTec/zipper/test/fabric_interior/004.png",
        "MVTec/zipper/test/fabric_interior/005.png",
        "MVTec/zipper/test/fabric_interior/006.png",
        "MVTec/zipper/test/fabric_interior/007.png",
        "MVTec/zipper/test/fabric_interior/008.png",
        "MVTec/zipper/test/fabric_interior/009.png",
        "MVTec/zipper/test/fabric_interior/010.png",
        "MVTec/zipper/test/fabric_interior/011.png",
        "MVTec/zipper/test/fabric_interior/012.png",
        "MVTec/zipper/test/fabric_interior/013.png",
        "MVTec/zipper/test/fabric_interior/014.png",
        "MVTec/zipper/test/fabric_interior/015.png",
        "MVTec/zipper/test/good/000.png",
        "MVTec/zipper/test/good/001.png",
        "MVTec/zipper/test/good/002.png",
        "MVTec/zipper/test/good/003.png",
        "MVTec/zipper/test/good/004.png",
        "MVTec/zipper/test/good/005.png",
        "MVTec/zipper/test/good/006.png",
        "MVTec/zipper/test/good/007.png",
        "MVTec/zipper/test/good/008.png",
        "MVTec/zipper/test/good/009.png",
        "MVTec/zipper/test/good/010.png",
        "MVTec/zipper/test/good/011.png",
        "MVTec/zipper/test/good/012.png",
        "MVTec/zipper/test/good/013.png",
        "MVTec/zipper/test/good/014.png",
        "MVTec/zipper/test/good/015.png",
        "MVTec/zipper/test/good/016.png",
        "MVTec/zipper/test/good/017.png",
        "MVTec/zipper/test/good/018.png",
        "MVTec/zipper/test/good/019.png",
