{
    "shared_fpr_metric": "mean-per-image-fpr",
    "fpr_lower_bound": 1e-05,
    "fpr_upper_bound": 0.0001,
    "num_threshs": null,
    "thresh_lower_bound": 0.23756763339042664,
    "thresh_upper_bound": 0.3956458270549774,
    "aupimos": [
        0.9987919478110318,
        0.9249965363922905,
        0.9986871515272733,
        0.9987919478110318,
        0.9987919478110318,
        0.9900764790964047,
        0.9313644303821603,
        0.6414988459407577,
        0.998596477686863,
        0.9987919478110318,
        0.9987919478110318,
        0.9987919478110318,
        0.8905535851403165,
        0.9564874973968991,
        0.9987919478110318,
        0.8555639398117162,
        0.9987919478110318,
        0.9907887366185133,
        0.9740513211683369,
        0.9987919478110318,
        0.9939122457593678,
        0.9987919478110318,
        0.9985972699291181,
        0.9896781086033029,
        0.9987444334177115,
        0.9987919478110318,
        0.9409393417086409,
        0.9987919478110318,
        0.9987919478110318,
        0.9987919478110318,
        0.9987919478110318,
        0.9987919478110318,
        0.9987919478110318,
        0.8283500236118009,
        0.9987919478110318,
        0.9986663807954465,
        0.9987919478110318,
        0.9987919478110318,
        0.9987919478110318,
        0.9987919478110318,
        0.9987919478110318,
        0.9987919478110318,
        0.9275988338259074,
        0.9987919478110318,
        0.9987919478110318,
        0.9987919478110318,
        0.9548188823523733,
        0.9938029466822289,
        0.9944390013336922,
        0.9806825047942452,
        0.987958059127743,
        0.9856911112890349,
        0.9857615035479492,
        0.9984260589325614,
        0.992886211934722,
        0.9944525827822139,
        0.99065816861477,
        0.9869840211608326,
        0.9792049380247619,
        0.9918591353867715,
        0.9850171013213416,
        0.9960704437481991,
        0.9943840768990667,
        0.993650599147705,
        0.9946733046036437,
        0.9911261292829908,
        0.9905109426083809,
        0.991220611106598,
        0.9838997910416954,
        0.9947909869845548,
        NaN,
        NaN,
        NaN,
        NaN,
        NaN,
        NaN,
        NaN,
        NaN,
        NaN,
        NaN,
        NaN,
        NaN,
        NaN,
        NaN,
        NaN,
        NaN,
        NaN,
        NaN,
        NaN,
        NaN,
        NaN,
        NaN,
        0.004788557201829655,
        0.27571577398145236,
        0.8502099865305056,
        0.8540644024501899,
        0.9546024355424271,
        0.8868527401892946,
        0.8622729787266916,
        0.8952380440036639,
        0.9774317064142031,
        0.8747795379073218,
        0.9273710395785872,
        0.9683588259888538,
        0.8939668651046235,
        0.908785567488232,
        0.9214640653936794,
        0.9987919478110318,
        0.8722656635832712,
        0.9353304413177471,
        0.986144748024065,
        0.6578847573277153,
        0.01838563083458701,
        0.25746934512198033,
        0.23467969967469615
    ],
    "paths": [
        "MVTec/metal_nut/test/bent/000.png",
        "MVTec/metal_nut/test/bent/001.png",
        "MVTec/metal_nut/test/bent/002.png",
        "MVTec/metal_nut/test/bent/003.png",
        "MVTec/metal_nut/test/bent/004.png",
        "MVTec/metal_nut/test/bent/005.png",
        "MVTec/metal_nut/test/bent/006.png",
        "MVTec/metal_nut/test/bent/007.png",
        "MVTec/metal_nut/test/bent/008.png",
        "MVTec/metal_nut/test/bent/009.png",
        "MVTec/metal_nut/test/bent/010.png",
        "MVTec/metal_nut/test/bent/011.png",
        "MVTec/metal_nut/test/bent/012.png",
        "MVTec/metal_nut/test/bent/013.png",
        "MVTec/metal_nut/test/bent/014.png",
        "MVTec/metal_nut/test/bent/015.png",
        "MVTec/metal_nut/test/bent/016.png",
        "MVTec/metal_nut/test/bent/017.png",
        "MVTec/metal_nut/test/bent/018.png",
        "MVTec/metal_nut/test/bent/019.png",
        "MVTec/metal_nut/test/bent/020.png",
        "MVTec/metal_nut/test/bent/021.png",
        "MVTec/metal_nut/test/bent/022.png",
        "MVTec/metal_nut/test/bent/023.png",
        "MVTec/metal_nut/test/bent/024.png",
        "MVTec/metal_nut/test/color/000.png",
        "MVTec/metal_nut/test/color/001.png",
        "MVTec/metal_nut/test/color/002.png",
        "MVTec/metal_nut/test/color/003.png",
        "MVTec/metal_nut/test/color/004.png",
        "MVTec/metal_nut/test/color/005.png",
        "MVTec/metal_nut/test/color/006.png",
        "MVTec/metal_nut/test/color/007.png",
        "MVTec/metal_nut/test/color/008.png",
        "MVTec/metal_nut/test/color/009.png",
        "MVTec/metal_nut/test/color/010.png",
        "MVTec/metal_nut/test/color/011.png",
        "MVTec/metal_nut/test/color/012.png",
        "MVTec/metal_nut/test/color/013.png",
        "MVTec/metal_nut/test/color/014.png",
        "MVTec/metal_nut/test/color/015.png",
        "MVTec/metal_nut/test/color/016.png",
        "MVTec/metal_nut/test/color/017.png",
        "MVTec/metal_nut/test/color/018.png",
        "MVTec/metal_nut/test/color/019.png",
        "MVTec/metal_nut/test/color/020.png",
        "MVTec/metal_nut/test/color/021.png",
        "MVTec/metal_nut/test/flip/000.png",
        "MVTec/metal_nut/test/flip/001.png",
        "MVTec/metal_nut/test/flip/002.png",
        "MVTec/metal_nut/test/flip/003.png",
        "MVTec/metal_nut/test/flip/004.png",
        "MVTec/metal_nut/test/flip/005.png",
        "MVTec/metal_nut/test/flip/006.png",
        "MVTec/metal_nut/test/flip/007.png",
        "MVTec/metal_nut/test/flip/008.png",
        "MVTec/metal_nut/test/flip/009.png",
        "MVTec/metal_nut/test/flip/010.png",
        "MVTec/metal_nut/test/flip/011.png",
        "MVTec/metal_nut/test/flip/012.png",
        "MVTec/metal_nut/test/flip/013.png",
        "MVTec/metal_nut/test/flip/014.png",
        "MVTec/metal_nut/test/flip/015.png",
        "MVTec/metal_nut/test/flip/016.png",
        "MVTec/metal_nut/test/flip/017.png",
        "MVTec/metal_nut/test/flip/018.png",
        "MVTec/metal_nut/test/flip/019.png",
        "MVTec/metal_nut/test/flip/020.png",
        "MVTec/metal_nut/test/flip/021.png",
        "MVTec/metal_nut/test/flip/022.png",
        "MVTec/metal_nut/test/good/000.png",
        "MVTec/metal_nut/test/good/001.png",
        "MVTec/metal_nut/test/good/002.png",
        "MVTec/metal_nut/test/good/003.png",
        "MVTec/metal_nut/test/good/004.png",
        "MVTec/metal_nut/test/good/005.png",
        "MVTec/metal_nut/test/good/006.png",
        "MVTec/metal_nut/test/good/007.png",
        "MVTec/metal_nut/test/good/008.png",
        "MVTec/metal_nut/test/good/009.png",
        "MVTec/metal_nut/test/good/010.png",
        "MVTec/metal_nut/test/good/011.png",
        "MVTec/metal_nut/test/good/012.png",
        "MVTec/metal_nut/test/good/013.png",
        "MVTec/metal_nut/test/good/014.png",
        "MVTec/metal_nut/test/good/015.png",
        "MVTec/metal_nut/test/good/016.png",
        "MVTec/metal_nut/test/good/017.png",
        "MVTec/metal_nut/test/good/018.png",
        "MVTec/metal_nut/test/good/019.png",
        "MVTec/metal_nut/test/good/020.png",
        "MVTec/metal_nut/test/good/021.png",
        "MVTec/metal_nut/test/scratch/000.png",
        "MVTec/metal_nut/test/scratch/001.png",
        "MVTec/metal_nut/test/scratch/002.png",
        "MVTec/metal_nut/test/scratch/003.png",
        "MVTec/metal_nut/test/scratch/004.png",
        "MVTec/metal_nut/test/scratch/005.png",
        "MVTec/metal_nut/test/scratch/006.png",
        "MVTec/metal_nut/test/scratch/007.png",
        "MVTec/metal_nut/test/scratch/008.png",
        "MVTec/metal_nut/test/scratch/009.png",
        "MVTec/metal_nut/test/scratch/010.png",
        "MVTec/metal_nut/test/scratch/011.png",
        "MVTec/metal_nut/test/scratch/012.png",
        "MVTec/metal_nut/test/scratch/013.png",
