{
    "shared_fpr_metric": "mean-per-image-fpr",
    "fpr_lower_bound": 1e-05,
    "fpr_upper_bound": 0.0001,
    "num_threshs": 9186,
    "thresh_lower_bound": 0.2534199059009552,
    "thresh_upper_bound": 0.43090227246284485,
    "aupimos": [
        0.3054528031137927,
        0.5859388009544141,
        0.5303893069752839,
        0.3648668980933373,
        0.5239116524789799,
        0.4364181492067595,
        0.2522516107099302,
        0.3918615976998671,
        0.3182554070716918,
        0.5151787304912039,
        0.4036476669094539,
        0.6570988144438709,
        0.2579003292909263,
        0.0,
        0.007442813411457712,
        0.13544547829599293,
        0.0,
        0.0,
        0.14916322360409726,
        0.0,
        0.002510611430826368,
        0.04985957769296429,
        0.0,
        0.05887725673589907,
        0.0,
        0.34784457232016275,
        0.38207004628573454,
        0.10947815742666633,
        0.3753193872970835,
        0.04167903637993546,
        0.4128441829214908,
        0.6051032297702186,
        0.08269777948728553,
        0.6411002118656923,
        0.1579888153941536,
        0.7712763690446801,
        0.1556470035782185,
        0.011786752580586422,
        0.11839807011346958,
        0.11049318864767235,
        0.013170393503607096,
        0.0,
        0.0,
        0.12042447003805135,
        0.0,
        0.1566611835862764,
        0.03939564467811685,
        0.2135649532156807,
        0.0031677193255480345,
        0.08986478368760616,
        0.13296366549471375,
        0.08349860536876968,
        0.03273092846863509,
        0.0,
        0.0,
        0.11808943924741533,
        0.20460436194769072,
        0.0,
        0.0,
        0.07476431421948514,
        NaN,
        NaN,
        NaN,
        NaN,
        NaN,
        NaN,
        NaN,
        NaN,
        NaN,
        NaN,
        NaN,
        NaN,
        NaN,
        NaN,
        NaN,
        NaN,
        NaN,
        NaN,
        NaN,
        NaN,
        NaN,
        NaN,
        NaN,
        NaN,
        NaN,
        NaN,
        NaN,
        NaN,
        NaN,
        NaN,
        NaN,
        NaN,
        NaN,
        NaN,
        NaN,
        NaN,
        NaN,
        NaN,
        NaN,
        NaN,
        NaN,
        NaN,
        NaN,
        NaN,
        NaN,
        NaN,
        NaN,
        NaN,
        NaN,
        NaN,
        NaN,
        NaN,
        NaN,
        NaN,
        NaN,
        NaN,
        NaN,
        NaN,
        0.7848707955320713,
        0.7626551373691444,
        0.726009563826005,
        0.7740320132019785,
        0.6481213364183072,
        0.654706224517713,
        0.7433902708849602,
        0.755181537943676,
        0.7108684133466449,
        0.7245295986125012,
        0.7383391296536185,
        0.7534915378471005,
        0.0,
        0.6176901900204187,
        0.2848140785415548,
        0.3750248195674204,
        0.2702816049671769,
        0.1641455526953081,
        0.31774531472276485,
        0.09976781535026251,
        0.5807543686890223,
        0.42232383590447725,
        0.0,
        0.0,
        0.0,
        0.0,
        0.0,
        0.0,
        0.0,
        0.0,
        0.0,
        0.0
    ],
    "paths": [
        "MVTec/cable/test/bent_wire/000.png",
        "MVTec/cable/test/bent_wire/001.png",
        "MVTec/cable/test/bent_wire/002.png",
        "MVTec/cable/test/bent_wire/003.png",
        "MVTec/cable/test/bent_wire/004.png",
        "MVTec/cable/test/bent_wire/005.png",
        "MVTec/cable/test/bent_wire/006.png",
        "MVTec/cable/test/bent_wire/007.png",
        "MVTec/cable/test/bent_wire/008.png",
        "MVTec/cable/test/bent_wire/009.png",
        "MVTec/cable/test/bent_wire/010.png",
        "MVTec/cable/test/bent_wire/011.png",
        "MVTec/cable/test/bent_wire/012.png",
        "MVTec/cable/test/cable_swap/000.png",
        "MVTec/cable/test/cable_swap/001.png",
        "MVTec/cable/test/cable_swap/002.png",
        "MVTec/cable/test/cable_swap/003.png",
        "MVTec/cable/test/cable_swap/004.png",
        "MVTec/cable/test/cable_swap/005.png",
        "MVTec/cable/test/cable_swap/006.png",
        "MVTec/cable/test/cable_swap/007.png",
        "MVTec/cable/test/cable_swap/008.png",
        "MVTec/cable/test/cable_swap/009.png",
        "MVTec/cable/test/cable_swap/010.png",
        "MVTec/cable/test/cable_swap/011.png",
        "MVTec/cable/test/combined/000.png",
        "MVTec/cable/test/combined/001.png",
        "MVTec/cable/test/combined/002.png",
        "MVTec/cable/test/combined/003.png",
        "MVTec/cable/test/combined/004.png",
        "MVTec/cable/test/combined/005.png",
        "MVTec/cable/test/combined/006.png",
        "MVTec/cable/test/combined/007.png",
        "MVTec/cable/test/combined/008.png",
        "MVTec/cable/test/combined/009.png",
        "MVTec/cable/test/combined/010.png",
        "MVTec/cable/test/cut_inner_insulation/000.png",
        "MVTec/cable/test/cut_inner_insulation/001.png",
        "MVTec/cable/test/cut_inner_insulation/002.png",
        "MVTec/cable/test/cut_inner_insulation/003.png",
        "MVTec/cable/test/cut_inner_insulation/004.png",
        "MVTec/cable/test/cut_inner_insulation/005.png",
        "MVTec/cable/test/cut_inner_insulation/006.png",
        "MVTec/cable/test/cut_inner_insulation/007.png",
        "MVTec/cable/test/cut_inner_insulation/008.png",
        "MVTec/cable/test/cut_inner_insulation/009.png",
        "MVTec/cable/test/cut_inner_insulation/010.png",
        "MVTec/cable/test/cut_inner_insulation/011.png",
        "MVTec/cable/test/cut_inner_insulation/012.png",
        "MVTec/cable/test/cut_inner_insulation/013.png",
        "MVTec/cable/test/cut_outer_insulation/000.png",
        "MVTec/cable/test/cut_outer_insulation/001.png",
        "MVTec/cable/test/cut_outer_insulation/002.png",
        "MVTec/cable/test/cut_outer_insulation/003.png",
        "MVTec/cable/test/cut_outer_insulation/004.png",
        "MVTec/cable/test/cut_outer_insulation/005.png",
        "MVTec/cable/test/cut_outer_insulation/006.png",
        "MVTec/cable/test/cut_outer_insulation/007.png",
        "MVTec/cable/test/cut_outer_insulation/008.png",
        "MVTec/cable/test/cut_outer_insulation/009.png",
        "MVTec/cable/test/good/000.png",
        "MVTec/cable/test/good/001.png",
        "MVTec/cable/test/good/002.png",
        "MVTec/cable/test/good/003.png",
        "MVTec/cable/test/good/004.png",
        "MVTec/cable/test/good/005.png",
        "MVTec/cable/test/good/006.png",
        "MVTec/cable/test/good/007.png",
        "MVTec/cable/test/good/008.png",
        "MVTec/cable/test/good/009.png",
        "MVTec/cable/test/good/010.png",
        "MVTec/cable/test/good/011.png",
        "MVTec/cable/test/good/012.png",
        "MVTec/cable/test/good/013.png",
        "MVTec/cable/test/good/014.png",
        "MVTec/cable/test/good/015.png",
        "MVTec/cable/test/good/016.png",
        "MVTec/cable/test/good/017.png",
        "MVTec/cable/test/good/018.png",
        "MVTec/cable/test/good/019.png",
        "MVTec/cable/test/good/020.png",
        "MVTec/cable/test/good/021.png",
        "MVTec/cable/test/good/022.png",
        "MVTec/cable/test/good/023.png",
        "MVTec/cable/test/good/024.png",
        "MVTec/cable/test/good/025.png",
        "MVTec/cable/test/good/026.png",
        "MVTec/cable/test/good/027.png",
        "MVTec/cable/test/good/028.png",
        "MVTec/cable/test/good/029.png",
        "MVTec/cable/test/good/030.png",
        "MVTec/cable/test/good/031.png",
        "MVTec/cable/test/good/032.png",
        "MVTec/cable/test/good/033.png",
        "MVTec/cable/test/good/034.png",
        "MVTec/cable/test/good/035.png",
        "MVTec/cable/test/good/036.png",
        "MVTec/cable/test/good/037.png",
        "MVTec/cable/test/good/038.png",
        "MVTec/cable/test/good/039.png",
        "MVTec/cable/test/good/040.png",
