{
    "shared_fpr_metric": "mean-per-image-fpr",
    "fpr_lower_bound": 1e-05,
    "fpr_upper_bound": 0.0001,
    "num_threshs": 1887,
    "thresh_lower_bound": 0.681700587272644,
    "thresh_upper_bound": 0.7108608484268188,
    "aupimos": [
        0.6746221670651358,
        0.8901898543560174,
        0.8294145419056984,
        0.9975466241483377,
        0.6027329603667071,
        0.8002479674190828,
        0.8744384372569746,
        1.0,
        0.600941164531623,
        0.8916519860901042,
        0.6127829621974231,
        0.9978214674110502,
        0.9692155855351384,
        0.8296650101959105,
        0.8904655028659161,
        1.0,
        1.0,
        0.9661956504930792,
        0.8886203575585916,
        0.8290139129268499,
        0.7894219041869175,
        0.9124367368898707,
        0.8901406746292974,
        0.6395243731607942,
        0.619199821870351,
        0.8500067844268058,
        0.6139924898687608,
        0.2566207418332616,
        0.6950608855831159,
        0.9449895826186235,
        0.832905357472323,
        0.5969055104670821,
        0.566982716000773,
        0.747263247445647,
        0.7042412008153662,
        0.7442954728389459,
        NaN,
        NaN,
        NaN,
        NaN,
        NaN,
        NaN,
        NaN,
        NaN,
        NaN,
        NaN,
        NaN,
        NaN,
        NaN,
        NaN,
        NaN,
        NaN,
        NaN,
        NaN,
        NaN,
        NaN,
        NaN,
        NaN,
        NaN,
        NaN,
        NaN,
        NaN,
        NaN,
        NaN,
        0.9282034415239363,
        0.07169368462246804,
        0.8628898369518557,
        0.7489150858542957,
        0.9377618801737383,
        0.8282911132360737,
        0.9860188946867413,
        0.9519754859319768,
        0.8717625502003409,
        0.7567266879966303,
        1.0,
        0.9808343259111728,
        0.7565272093106288,
        0.9075571268871568,
        0.9836242805256785,
        0.9946337484476702,
        0.3648936924388457,
        0.45921655440011955,
        0.9782606530505898,
        0.997509558909424,
        0.9892488467067355,
        0.9672991403854596,
        0.9977400318718473,
        1.0,
        0.9594535367820712,
        0.9794021261869965,
        1.0,
        1.0,
        0.9740989223357371,
        1.0,
        0.9394490527460501,
        0.8934317541680349,
        0.985455076946701,
        0.8889527172799867,
        0.9722372960444661,
        0.6205371420000156,
        0.9708295156414672,
        0.9997130612561296,
        0.9208839936972513,
        0.85976718512124,
        0.8597810147225017,
        0.9933152605581432,
        0.9582921020789108,
        1.0,
        1.0,
        0.9985932989113301,
        0.4586912426497084,
        0.678479391154525,
        0.9270944329430049,
        0.5309220580084023,
        0.7398644426848271,
        0.7037013728665029,
        0.7597555080195068
    ],
    "paths": [
        "MVTec/carpet/test/color/000.png",
        "MVTec/carpet/test/color/001.png",
        "MVTec/carpet/test/color/002.png",
        "MVTec/carpet/test/color/003.png",
        "MVTec/carpet/test/color/004.png",
        "MVTec/carpet/test/color/005.png",
        "MVTec/carpet/test/color/006.png",
        "MVTec/carpet/test/color/007.png",
        "MVTec/carpet/test/color/008.png",
        "MVTec/carpet/test/color/009.png",
        "MVTec/carpet/test/color/010.png",
        "MVTec/carpet/test/color/011.png",
        "MVTec/carpet/test/color/012.png",
        "MVTec/carpet/test/color/013.png",
        "MVTec/carpet/test/color/014.png",
        "MVTec/carpet/test/color/015.png",
        "MVTec/carpet/test/color/016.png",
        "MVTec/carpet/test/color/017.png",
        "MVTec/carpet/test/color/018.png",
        "MVTec/carpet/test/cut/000.png",
        "MVTec/carpet/test/cut/001.png",
        "MVTec/carpet/test/cut/002.png",
        "MVTec/carpet/test/cut/003.png",
        "MVTec/carpet/test/cut/004.png",
        "MVTec/carpet/test/cut/005.png",
        "MVTec/carpet/test/cut/006.png",
        "MVTec/carpet/test/cut/007.png",
        "MVTec/carpet/test/cut/008.png",
        "MVTec/carpet/test/cut/009.png",
        "MVTec/carpet/test/cut/010.png",
        "MVTec/carpet/test/cut/011.png",
        "MVTec/carpet/test/cut/012.png",
        "MVTec/carpet/test/cut/013.png",
        "MVTec/carpet/test/cut/014.png",
        "MVTec/carpet/test/cut/015.png",
        "MVTec/carpet/test/cut/016.png",
        "MVTec/carpet/test/good/000.png",
        "MVTec/carpet/test/good/001.png",
        "MVTec/carpet/test/good/002.png",
        "MVTec/carpet/test/good/003.png",
        "MVTec/carpet/test/good/004.png",
        "MVTec/carpet/test/good/005.png",
        "MVTec/carpet/test/good/006.png",
        "MVTec/carpet/test/good/007.png",
        "MVTec/carpet/test/good/008.png",
        "MVTec/carpet/test/good/009.png",
        "MVTec/carpet/test/good/010.png",
        "MVTec/carpet/test/good/011.png",
        "MVTec/carpet/test/good/012.png",
        "MVTec/carpet/test/good/013.png",
        "MVTec/carpet/test/good/014.png",
        "MVTec/carpet/test/good/015.png",
        "MVTec/carpet/test/good/016.png",
        "MVTec/carpet/test/good/017.png",
        "MVTec/carpet/test/good/018.png",
        "MVTec/carpet/test/good/019.png",
        "MVTec/carpet/test/good/020.png",
        "MVTec/carpet/test/good/021.png",
        "MVTec/carpet/test/good/022.png",
        "MVTec/carpet/test/good/023.png",
        "MVTec/carpet/test/good/024.png",
        "MVTec/carpet/test/good/025.png",
        "MVTec/carpet/test/good/026.png",
        "MVTec/carpet/test/good/027.png",
        "MVTec/carpet/test/hole/000.png",
        "MVTec/carpet/test/hole/001.png",
        "MVTec/carpet/test/hole/002.png",
        "MVTec/carpet/test/hole/003.png",
        "MVTec/carpet/test/hole/004.png",
        "MVTec/carpet/test/hole/005.png",
        "MVTec/carpet/test/hole/006.png",
        "MVTec/carpet/test/hole/007.png",
        "MVTec/carpet/test/hole/008.png",
        "MVTec/carpet/test/hole/009.png",
        "MVTec/carpet/test/hole/010.png",
        "MVTec/carpet/test/hole/011.png",
        "MVTec/carpet/test/hole/012.png",
        "MVTec/carpet/test/hole/013.png",
        "MVTec/carpet/test/hole/014.png",
        "MVTec/carpet/test/hole/015.png",
        "MVTec/carpet/test/hole/016.png",
        "MVTec/carpet/test/metal_contamination/000.png",
        "MVTec/carpet/test/metal_contamination/001.png",
        "MVTec/carpet/test/metal_contamination/002.png",
        "MVTec/carpet/test/metal_contamination/003.png",
        "MVTec/carpet/test/metal_contamination/004.png",
        "MVTec/carpet/test/metal_contamination/005.png",
        "MVTec/carpet/test/metal_contamination/006.png",
        "MVTec/carpet/test/metal_contamination/007.png",
        "MVTec/carpet/test/metal_contamination/008.png",
        "MVTec/carpet/test/metal_contamination/009.png",
        "MVTec/carpet/test/metal_contamination/010.png",
        "MVTec/carpet/test/metal_contamination/011.png",
        "MVTec/carpet/test/metal_contamination/012.png",
        "MVTec/carpet/test/metal_contamination/013.png",
        "MVTec/carpet/test/metal_contamination/014.png",
        "MVTec/carpet/test/metal_contamination/015.png",
        "MVTec/carpet/test/metal_contamination/016.png",
        "MVTec/carpet/test/thread/000.png",
        "MVTec/carpet/test/thread/001.png",
        "MVTec/carpet/test/thread/002.png",
        "MVTec/carpet/test/thread/003.png",
        "MVTec/carpet/test/thread/004.png",
        "MVTec/carpet/test/thread/005.png",
        "MVTec/carpet/test/thread/006.png",
        "MVTec/carpet/test/thread/007.png",
        "MVTec/carpet/test/thread/008.png",
        "MVTec/carpet/test/thread/009.png",
        "MVTec/carpet/test/thread/010.png",
        "MVTec/carpet/test/thread/011.png",
        "MVTec/carpet/test/thread/012.png",
        "MVTec/carpet/test/thread/013.png",
        "MVTec/carpet/test/thread/014.png",
