{
    "avg_iou": 0.2022383483491632,
    "thresh": 32.18106460571289,
    "ious_at_thresh": [
        NaN,
        NaN,
        NaN,
        NaN,
        NaN,
        NaN,
        NaN,
        NaN,
        NaN,
        NaN,
        NaN,
        NaN,
        NaN,
        NaN,
        NaN,
        NaN,
        NaN,
        NaN,
        NaN,
        NaN,
        NaN,
        NaN,
        NaN,
        NaN,
        NaN,
        NaN,
        NaN,
        NaN,
        NaN,
        NaN,
        NaN,
        NaN,
        NaN,
        NaN,
        NaN,
        NaN,
        NaN,
        NaN,
        NaN,
        NaN,
        NaN,
        0.2265817286810482,
        0.28814627994955866,
        0.0,
        0.241414977244518,
        0.21665642286416717,
        0.27305052509716365,
        0.31398087848136347,
        0.424483306836248,
        0.43198215925488653,
        0.3210648148148148,
        0.4163617354939885,
        0.0,
        0.0,
        0.014757649607365286,
        0.1209723468472143,
        0.34956592512208357,
        0.4063364146322193,
        0.13608326908249807,
        0.22907767758266098,
        0.0,
        0.013546798029556651,
        0.0,
        0.0,
        0.0,
        0.17871430542143743,
        0.43258346467975356,
        0.1384923616328575,
        0.0,
        0.5150622134905043,
        0.0,
        0.0,
        0.11256341903861038,
        0.36842825848849947,
        0.21821210438645197,
        0.19347998939835676,
        0.16808689390302448,
        0.1552612547459772,
        0.2743589743589744,
        0.15705476967718535,
        0.16361286749434625,
        0.37390642829973375,
        0.15687770150012714,
        0.31280140289346775,
        0.07929728911101015,
        0.1394704433497537,
        0.03414634146341464,
        0.0,
        0.17976564732780795,
        0.0,
        0.3054734941736419,
        0.26497364638236703,
        0.19447135086804263,
        0.3803368121442125,
        0.0,
        0.187374972216048,
        0.1653258463365909,
        0.2686312569848832,
        0.1670224464713112,
        0.30995198958418096,
        0.31935290593169563,
        0.410001144295686,
        0.2904784462340123,
        0.22535530692470518,
        0.17340077015920455,
        0.23545871286539263,
        0.24461123941493457,
        0.2816403894201775,
        0.2537422175122533,
        0.24265674394099052,
        0.3700873362445415,
        0.10316588435034456,
        0.44385026737967914,
        0.32293431675470946,
        0.0,
        0.04449126285785104,
        0.17454334589736156,
        0.02755741127348643,
        0.0,
        0.236328125,
        0.0,
        0.162848751835536,
        0.0,
        0.0,
        0.0,
        0.05890138980807412,
        0.0,
        0.0,
        0.13491544426796226,
        0.0,
        0.14554851617205736,
        0.12582311168495805,
        0.13754675215632395,
        0.0,
        0.0,
        0.34219769192172605,
        0.37842505180750635,
        0.4842474635746434,
        0.5098216710419118,
        0.41243182408449486,
        0.0,
        0.45788561525129984,
        0.5258884803921569,
        0.4515124555160142,
        0.23642968344577062,
        0.12361687413554634,
        0.15125678918782368,
        0.27530795072788355,
        0.3314724354501047,
        0.08456028651014723,
        0.16387224034595252,
        0.4188100231813666,
        0.0,
        0.42306306306306307,
        0.13431281813975013,
        0.45124584717607974,
        0.5560859188544153,
        0.28433224305523563,
        0.48500288406075753,
        0.19954349480091302
    ],
    "image_classes": [
        0,
        0,
        0,
        0,
        0,
        0,
        0,
        0,
        0,
        0,
        0,
        0,
        0,
        0,
        0,
        0,
        0,
        0,
        0,
        0,
        0,
        0,
        0,
        0,
        0,
        0,
        0,
        0,
        0,
        0,
        0,
        0,
        0,
        0,
        0,
        0,
        0,
        0,
        0,
        0,
        0,
        1,
        1,
        1,
        1,
        1,
        1,
        1,
        1,
        1,
        1,
        1,
        1,
        1,
        1,
        1,
        1,
        1,
        1,
        1,
        1,
        1,
        1,
        1,
        1,
        1,
        1,
        1,
        1,
        1,
        1,
        1,
        1,
        1,
        1,
        1,
        1,
        1,
        1,
        1,
        1,
        1,
        1,
        1,
        1,
        1,
        1,
        1,
        1,
        1,
        1,
        1,
        1,
        1,
        1,
        1,
        1,
        1,
        1,
        1,
        1,
        1,
        1,
        1,
        1,
        1,
        1,
        1,
        1,
        1,
        1,
        1,
        1,
        1,
        1,
        1,
        1,
        1,
        1,
        1,
        1,
        1,
        1,
        1,
        1,
        1,
        1,
        1,
        1,
        1,
        1,
        1,
        1,
        1,
        1,
        1,
        1,
        1,
        1,
        1,
        1,
        1,
        1,
        1,
        1,
        1,
        1,
        1,
        1,
        1,
        1,
        1,
        1,
        1,
        1,
        1,
        1,
        1,
        1,
        1
    ],