{
    "avg_iou": 0.1080753373867582,
    "thresh": 35.79458236694336,
    "ious_at_thresh": [
        0.22661596958174904,
        0.0,
        0.0,
        0.0,
        0.0,
        0.0,
        0.0,
        0.23418063818280152,
        0.0,
        0.0,
        0.0,
        0.0,
        0.3386201427438541,
        0.27635924285138946,
        0.21577904226072503,
        0.0,
        0.18038342860033385,
        0.13225384205167984,
        0.1925931968349784,
        0.19705396980624656,
        0.06591668131481807,
        0.0,
        0.23068071169336993,
        0.4518240213307478,
        0.1628338661441683,
        0.10950871632329635,
        0.030954708374063212,
        0.14179658500371195,
        0.12728410513141428,
        0.08269575126159857,
        0.06509926483645274,
        0.039078666169137355,
        0.5851538984367415,
        0.4172927195738287,
        0.5011192271442035,
        0.6073266727217681,
        0.0,
        0.3933046568169067,
        0.05485372340425532,
        0.11718962423187776,
        0.22185843467415028,
        0.5380083925112976,
        0.06128173433488637,
        0.10157894736842105,
        0.0,
        0.0,
        0.0,
        0.0,
        0.0,
        0.0,
        0.0,
        0.0,
        0.0,
        0.0,
        0.0,
        0.0,
        0.0,
        0.0,
        0.0,
        0.0,
        0.0,
        0.0,
        0.0990990990990991,
        0.10182370820668693,
        0.0,
        0.0198641548122517,
        0.0,
        0.0,
        0.11291328758577666,
        0.0,
        0.0,
        0.0,
        0.02345777600319425,
        0.0,
        0.0,
        0.0,
        0.2634976525821596,
        0.0,
        0.0,
        0.0,
        0.0,
        0.0,
        0.0,
        0.0,
        0.0,
        0.0,
        0.0,
        0.0,
        0.0,
        0.0,
        0.0,
        0.0,
        0.0,
        0.0,
        0.6573291830682422,
        0.40286470418542814,
        0.43342633700083644,
        0.39755376910168094,
        0.5720199130467483,
        0.6232035722688417,
        NaN,
        NaN,
        NaN,
        NaN,
        NaN,
        NaN,
        NaN,
        NaN,
        NaN,
        NaN,
        NaN,
        NaN,
        NaN,
        NaN,
        NaN,
        NaN,
        NaN,
        NaN,
        NaN,
        NaN,
        NaN,
        NaN,
        NaN,
        NaN,
        NaN,
        NaN,
        NaN,
        NaN,
        NaN,
        NaN,
        NaN,
        NaN,
        NaN,
        NaN,
        NaN,
        NaN,
        NaN,
        NaN,
        NaN,
        NaN,
        NaN,
        NaN,
        NaN,
        NaN,
        NaN,
        NaN,
        NaN,
        NaN,
        NaN,
        NaN
    ],
    "image_classes": [
        1,
        1,
        1,
        1,
        1,
        1,
        1,
        1,
        1,
        1,
        1,
        1,
        1,
        1,
        1,
        1,
        1,
        1,
        1,
        1,
        1,
        1,
        1,
        1,
        1,
        1,
        1,
        1,
        1,
        1,
        1,
        1,
        1,
        1,
        1,
        1,
        1,
        1,
        1,
        1,
        1,
        1,
        1,
        1,
        1,
        1,
        1,
        1,
        1,
        1,
        1,
        1,
        1,
        1,
        1,
        1,
        1,
        1,
        1,
        1,
        1,
        1,
        1,
        1,
        1,
        1,
        1,
        1,
        1,
        1,
        1,
        1,
        1,
        1,
        1,
        1,
        1,
        1,
        1,
        1,
        1,
        1,
        1,
        1,
        1,
        1,
        1,
        1,
        1,
        1,
        1,
        1,
        1,
        1,
        1,
        1,
        1,
        1,
        1,
        1,
        0,
        0,
        0,
        0,
        0,
        0,
        0,
        0,
        0,
        0,
        0,
        0,
        0,
        0,
        0,
        0,
        0,
        0,
        0,
        0,
        0,
        0,
        0,
        0,
        0,
        0,
        0,
        0,
        0,
        0,
        0,
        0,
        0,
        0,
        0,
        0,
        0,
        0,
        0,
        0,
        0,
        0,
        0,
        0,
        0,
        0,
        0,
        0,
        0,
        0
    ],